Base path: /Applications/Unity/Unity.app/Contents
Cmd: initializeCompiler
Cmd: compileSnippet
  api=5 type=0 insize=1468 outsize=13994 kw=DIRECTIONAL LIGHTPROBE_SH _EMISSION pd=UNITY_ENABLE_REFLECTION_BUFFERS UNITY_USE_DITHER_MASK_FOR_ALPHABLENDED_SHADOWS UNITY_PBS_USE_BRDF1 UNITY_SPECCUBE_BOX_PROJECTION UNITY_SPECCUBE_BLENDING UNITY_ENABLE_DETAIL_NORMALMAP SHADER_API_DESKTOP UNITY_COLORSPACE_GAMMA UNITY_LIGHTMAP_RGBM_ENCODING ok=1
Cmd: compileSnippet
  api=5 type=0 insize=1468 outsize=14070 kw=DIRECTIONAL LIGHTPROBE_SH _EMISSION _ALPHABLEND_ON pd=UNITY_ENABLE_REFLECTION_BUFFERS UNITY_USE_DITHER_MASK_FOR_ALPHABLENDED_SHADOWS UNITY_PBS_USE_BRDF1 UNITY_SPECCUBE_BOX_PROJECTION UNITY_SPECCUBE_BLENDING UNITY_ENABLE_DETAIL_NORMALMAP SHADER_API_DESKTOP UNITY_COLORSPACE_GAMMA UNITY_LIGHTMAP_RGBM_ENCODING ok=1
Cmd: compileSnippet
  api=9 type=0 insize=1468 outsize=14527 kw=DIRECTIONAL LIGHTPROBE_SH _METALLICGLOSSMAP pd=UNITY_ENABLE_REFLECTION_BUFFERS UNITY_USE_DITHER_MASK_FOR_ALPHABLENDED_SHADOWS UNITY_PBS_USE_BRDF1 UNITY_SPECCUBE_BOX_PROJECTION UNITY_SPECCUBE_BLENDING UNITY_ENABLE_DETAIL_NORMALMAP SHADER_API_DESKTOP UNITY_COLORSPACE_GAMMA UNITY_LIGHTMAP_RGBM_ENCODING ok=1
Cmd: compileSnippet
  api=9 type=0 insize=1468 outsize=17072 kw=DIRECTIONAL LIGHTPROBE_SH _METALLICGLOSSMAP _PARALLAXMAP pd=UNITY_ENABLE_REFLECTION_BUFFERS UNITY_USE_DITHER_MASK_FOR_ALPHABLENDED_SHADOWS UNITY_PBS_USE_BRDF1 UNITY_SPECCUBE_BOX_PROJECTION UNITY_SPECCUBE_BLENDING UNITY_ENABLE_DETAIL_NORMALMAP SHADER_API_DESKTOP UNITY_COLORSPACE_GAMMA UNITY_LIGHTMAP_RGBM_ENCODING ok=1
Cmd: compileSnippet
  api=9 type=0 insize=1468 outsize=14647 kw=DIRECTIONAL LIGHTPROBE_SH _EMISSION _SMOOTHNESS_TEXTURE_ALBEDO_CHANNEL_A pd=UNITY_ENABLE_REFLECTION_BUFFERS UNITY_USE_DITHER_MASK_FOR_ALPHABLENDED_SHADOWS UNITY_PBS_USE_BRDF1 UNITY_SPECCUBE_BOX_PROJECTION UNITY_SPECCUBE_BLENDING UNITY_ENABLE_DETAIL_NORMALMAP SHADER_API_DESKTOP UNITY_COLORSPACE_GAMMA UNITY_LIGHTMAP_RGBM_ENCODING ok=1
Cmd: compileSnippet
  api=9 type=0 insize=1468 outsize=13818 kw=DIRECTIONAL DYNAMICLIGHTMAP_ON _EMISSION pd=UNITY_ENABLE_REFLECTION_BUFFERS UNITY_USE_DITHER_MASK_FOR_ALPHABLENDED_SHADOWS UNITY_PBS_USE_BRDF1 UNITY_SPECCUBE_BOX_PROJECTION UNITY_SPECCUBE_BLENDING UNITY_ENABLE_DETAIL_NORMALMAP SHADER_API_DESKTOP UNITY_COLORSPACE_GAMMA UNITY_LIGHTMAP_RGBM_ENCODING ok=1
Cmd: compileSnippet
  api=5 type=0 insize=1468 outsize=13296 kw=DIRECTIONAL DYNAMICLIGHTMAP_ON _METALLICGLOSSMAP pd=UNITY_ENABLE_REFLECTION_BUFFERS UNITY_USE_DITHER_MASK_FOR_ALPHABLENDED_SHADOWS UNITY_PBS_USE_BRDF1 UNITY_SPECCUBE_BOX_PROJECTION UNITY_SPECCUBE_BLENDING UNITY_ENABLE_DETAIL_NORMALMAP SHADER_API_DESKTOP UNITY_COLORSPACE_GAMMA UNITY_LIGHTMAP_RGBM_ENCODING ok=1
Cmd: compileSnippet
  api=9 type=0 insize=1468 outsize=13936 kw=DIRECTIONAL DYNAMICLIGHTMAP_ON _EMISSION _METALLICGLOSSMAP pd=UNITY_ENABLE_REFLECTION_BUFFERS UNITY_USE_DITHER_MASK_FOR_ALPHABLENDED_SHADOWS UNITY_PBS_USE_BRDF1 UNITY_SPECCUBE_BOX_PROJECTION UNITY_SPECCUBE_BLENDING UNITY_ENABLE_DETAIL_NORMALMAP SHADER_API_DESKTOP UNITY_COLORSPACE_GAMMA UNITY_LIGHTMAP_RGBM_ENCODING ok=1
Cmd: compileSnippet
  api=5 type=0 insize=1468 outsize=13214 kw=DIRECTIONAL DYNAMICLIGHTMAP_ON _SMOOTHNESS_TEXTURE_ALBEDO_CHANNEL_A pd=UNITY_ENABLE_REFLECTION_BUFFERS UNITY_USE_DITHER_MASK_FOR_ALPHABLENDED_SHADOWS UNITY_PBS_USE_BRDF1 UNITY_SPECCUBE_BOX_PROJECTION UNITY_SPECCUBE_BLENDING UNITY_ENABLE_DETAIL_NORMALMAP SHADER_API_DESKTOP UNITY_COLORSPACE_GAMMA UNITY_LIGHTMAP_RGBM_ENCODING ok=1
Cmd: compileSnippet
  api=9 type=0 insize=1468 outsize=13878 kw=DIRECTIONAL DYNAMICLIGHTMAP_ON _EMISSION _SMOOTHNESS_TEXTURE_ALBEDO_CHANNEL_A pd=UNITY_ENABLE_REFLECTION_BUFFERS UNITY_USE_DITHER_MASK_FOR_ALPHABLENDED_SHADOWS UNITY_PBS_USE_BRDF1 UNITY_SPECCUBE_BOX_PROJECTION UNITY_SPECCUBE_BLENDING UNITY_ENABLE_DETAIL_NORMALMAP SHADER_API_DESKTOP UNITY_COLORSPACE_GAMMA UNITY_LIGHTMAP_RGBM_ENCODING ok=1
Cmd: compileSnippet
  api=5 type=0 insize=1468 outsize=15461 kw=DIRECTIONAL DIRLIGHTMAP_COMBINED DYNAMICLIGHTMAP_ON _ALPHABLEND_ON pd=UNITY_ENABLE_REFLECTION_BUFFERS UNITY_USE_DITHER_MASK_FOR_ALPHABLENDED_SHADOWS UNITY_PBS_USE_BRDF1 UNITY_SPECCUBE_BOX_PROJECTION UNITY_SPECCUBE_BLENDING UNITY_ENABLE_DETAIL_NORMALMAP SHADER_API_DESKTOP UNITY_COLORSPACE_GAMMA UNITY_LIGHTMAP_RGBM_ENCODING ok=1
Cmd: compileSnippet
  api=9 type=0 insize=1468 outsize=15166 kw=DIRECTIONAL DIRLIGHTMAP_COMBINED DYNAMICLIGHTMAP_ON _EMISSION _ALPHABLEND_ON pd=UNITY_ENABLE_REFLECTION_BUFFERS UNITY_USE_DITHER_MASK_FOR_ALPHABLENDED_SHADOWS UNITY_PBS_USE_BRDF1 UNITY_SPECCUBE_BOX_PROJECTION UNITY_SPECCUBE_BLENDING UNITY_ENABLE_DETAIL_NORMALMAP SHADER_API_DESKTOP UNITY_COLORSPACE_GAMMA UNITY_LIGHTMAP_RGBM_ENCODING ok=1
Cmd: compileSnippet
  api=5 type=0 insize=1468 outsize=17517 kw=DIRECTIONAL DIRLIGHTMAP_COMBINED DYNAMICLIGHTMAP_ON _METALLICGLOSSMAP _PARALLAXMAP pd=UNITY_ENABLE_REFLECTION_BUFFERS UNITY_USE_DITHER_MASK_FOR_ALPHABLENDED_SHADOWS UNITY_PBS_USE_BRDF1 UNITY_SPECCUBE_BOX_PROJECTION UNITY_SPECCUBE_BLENDING UNITY_ENABLE_DETAIL_NORMALMAP SHADER_API_DESKTOP UNITY_COLORSPACE_GAMMA UNITY_LIGHTMAP_RGBM_ENCODING ok=1
Cmd: compileSnippet
  api=9 type=0 insize=1468 outsize=17163 kw=DIRECTIONAL DIRLIGHTMAP_COMBINED DYNAMICLIGHTMAP_ON _EMISSION _METALLICGLOSSMAP _PARALLAXMAP pd=UNITY_ENABLE_REFLECTION_BUFFERS UNITY_USE_DITHER_MASK_FOR_ALPHABLENDED_SHADOWS UNITY_PBS_USE_BRDF1 UNITY_SPECCUBE_BOX_PROJECTION UNITY_SPECCUBE_BLENDING UNITY_ENABLE_DETAIL_NORMALMAP SHADER_API_DESKTOP UNITY_COLORSPACE_GAMMA UNITY_LIGHTMAP_RGBM_ENCODING ok=1
Cmd: compileSnippet
  api=5 type=0 insize=1468 outsize=15384 kw=DIRECTIONAL DIRLIGHTMAP_COMBINED DYNAMICLIGHTMAP_ON pd=UNITY_ENABLE_REFLECTION_BUFFERS UNITY_USE_DITHER_MASK_FOR_ALPHABLENDED_SHADOWS UNITY_PBS_USE_BRDF1 UNITY_SPECCUBE_BOX_PROJECTION UNITY_SPECCUBE_BLENDING UNITY_ENABLE_DETAIL_NORMALMAP SHADER_API_DESKTOP UNITY_COLORSPACE_GAMMA UNITY_LIGHTMAP_RGBM_ENCODING ok=1
Cmd: compileSnippet
  api=9 type=0 insize=1468 outsize=14648 kw=DIRECTIONAL SHADOWS_SCREEN _EMISSION pd=UNITY_ENABLE_REFLECTION_BUFFERS UNITY_USE_DITHER_MASK_FOR_ALPHABLENDED_SHADOWS UNITY_PBS_USE_BRDF1 UNITY_SPECCUBE_BOX_PROJECTION UNITY_SPECCUBE_BLENDING UNITY_ENABLE_DETAIL_NORMALMAP SHADER_API_DESKTOP UNITY_COLORSPACE_GAMMA UNITY_LIGHTMAP_RGBM_ENCODING ok=1
Cmd: compileSnippet
  api=5 type=0 insize=1468 outsize=14125 kw=DIRECTIONAL SHADOWS_SCREEN _METALLICGLOSSMAP pd=UNITY_ENABLE_REFLECTION_BUFFERS UNITY_USE_DITHER_MASK_FOR_ALPHABLENDED_SHADOWS UNITY_PBS_USE_BRDF1 UNITY_SPECCUBE_BOX_PROJECTION UNITY_SPECCUBE_BLENDING UNITY_ENABLE_DETAIL_NORMALMAP SHADER_API_DESKTOP UNITY_COLORSPACE_GAMMA UNITY_LIGHTMAP_RGBM_ENCODING ok=1
Cmd: compileSnippet
  api=9 type=0 insize=1468 outsize=14823 kw=DIRECTIONAL SHADOWS_SCREEN _EMISSION _METALLICGLOSSMAP pd=UNITY_ENABLE_REFLECTION_BUFFERS UNITY_USE_DITHER_MASK_FOR_ALPHABLENDED_SHADOWS UNITY_PBS_USE_BRDF1 UNITY_SPECCUBE_BOX_PROJECTION UNITY_SPECCUBE_BLENDING UNITY_ENABLE_DETAIL_NORMALMAP SHADER_API_DESKTOP UNITY_COLORSPACE_GAMMA UNITY_LIGHTMAP_RGBM_ENCODING ok=1
Cmd: compileSnippet
  api=5 type=0 insize=1468 outsize=14042 kw=DIRECTIONAL SHADOWS_SCREEN _SMOOTHNESS_TEXTURE_ALBEDO_CHANNEL_A pd=UNITY_ENABLE_REFLECTION_BUFFERS UNITY_USE_DITHER_MASK_FOR_ALPHABLENDED_SHADOWS UNITY_PBS_USE_BRDF1 UNITY_SPECCUBE_BOX_PROJECTION UNITY_SPECCUBE_BLENDING UNITY_ENABLE_DETAIL_NORMALMAP SHADER_API_DESKTOP UNITY_COLORSPACE_GAMMA UNITY_LIGHTMAP_RGBM_ENCODING ok=1
Cmd: compileSnippet
  api=9 type=0 insize=1468 outsize=14765 kw=DIRECTIONAL SHADOWS_SCREEN _EMISSION _SMOOTHNESS_TEXTURE_ALBEDO_CHANNEL_A pd=UNITY_ENABLE_REFLECTION_BUFFERS UNITY_USE_DITHER_MASK_FOR_ALPHABLENDED_SHADOWS UNITY_PBS_USE_BRDF1 UNITY_SPECCUBE_BOX_PROJECTION UNITY_SPECCUBE_BLENDING UNITY_ENABLE_DETAIL_NORMALMAP SHADER_API_DESKTOP UNITY_COLORSPACE_GAMMA UNITY_LIGHTMAP_RGBM_ENCODING ok=1
Cmd: compileSnippet
  api=5 type=0 insize=1468 outsize=15456 kw=DIRECTIONAL SHADOWS_SCREEN LIGHTPROBE_SH _ALPHABLEND_ON pd=UNITY_ENABLE_REFLECTION_BUFFERS UNITY_USE_DITHER_MASK_FOR_ALPHABLENDED_SHADOWS UNITY_PBS_USE_BRDF1 UNITY_SPECCUBE_BOX_PROJECTION UNITY_SPECCUBE_BLENDING UNITY_ENABLE_DETAIL_NORMALMAP SHADER_API_DESKTOP UNITY_COLORSPACE_GAMMA UNITY_LIGHTMAP_RGBM_ENCODING ok=1
Cmd: compileSnippet
  api=9 type=0 insize=1468 outsize=16324 kw=DIRECTIONAL SHADOWS_SCREEN LIGHTPROBE_SH _EMISSION _ALPHABLEND_ON pd=UNITY_ENABLE_REFLECTION_BUFFERS UNITY_USE_DITHER_MASK_FOR_ALPHABLENDED_SHADOWS UNITY_PBS_USE_BRDF1 UNITY_SPECCUBE_BOX_PROJECTION UNITY_SPECCUBE_BLENDING UNITY_ENABLE_DETAIL_NORMALMAP SHADER_API_DESKTOP UNITY_COLORSPACE_GAMMA UNITY_LIGHTMAP_RGBM_ENCODING ok=1
Cmd: compileSnippet
  api=5 type=0 insize=1468 outsize=19132 kw=DIRECTIONAL SHADOWS_SCREEN LIGHTPROBE_SH _METALLICGLOSSMAP _PARALLAXMAP pd=UNITY_ENABLE_REFLECTION_BUFFERS UNITY_USE_DITHER_MASK_FOR_ALPHABLENDED_SHADOWS UNITY_PBS_USE_BRDF1 UNITY_SPECCUBE_BOX_PROJECTION UNITY_SPECCUBE_BLENDING UNITY_ENABLE_DETAIL_NORMALMAP SHADER_API_DESKTOP UNITY_COLORSPACE_GAMMA UNITY_LIGHTMAP_RGBM_ENCODING ok=1
Cmd: compileSnippet
  api=9 type=0 insize=1468 outsize=18839 kw=DIRECTIONAL SHADOWS_SCREEN LIGHTPROBE_SH _EMISSION _METALLICGLOSSMAP _PARALLAXMAP pd=UNITY_ENABLE_REFLECTION_BUFFERS UNITY_USE_DITHER_MASK_FOR_ALPHABLENDED_SHADOWS UNITY_PBS_USE_BRDF1 UNITY_SPECCUBE_BOX_PROJECTION UNITY_SPECCUBE_BLENDING UNITY_ENABLE_DETAIL_NORMALMAP SHADER_API_DESKTOP UNITY_COLORSPACE_GAMMA UNITY_LIGHTMAP_RGBM_ENCODING ok=1
Cmd: compileSnippet
  api=5 type=0 insize=1468 outsize=15377 kw=DIRECTIONAL SHADOWS_SCREEN LIGHTPROBE_SH pd=UNITY_ENABLE_REFLECTION_BUFFERS UNITY_USE_DITHER_MASK_FOR_ALPHABLENDED_SHADOWS UNITY_PBS_USE_BRDF1 UNITY_SPECCUBE_BOX_PROJECTION UNITY_SPECCUBE_BLENDING UNITY_ENABLE_DETAIL_NORMALMAP SHADER_API_DESKTOP UNITY_COLORSPACE_GAMMA UNITY_LIGHTMAP_RGBM_ENCODING ok=1
Cmd: compileSnippet
  api=9 type=0 insize=1468 outsize=15387 kw=DIRECTIONAL SHADOWS_SCREEN DYNAMICLIGHTMAP_ON _EMISSION pd=UNITY_ENABLE_REFLECTION_BUFFERS UNITY_USE_DITHER_MASK_FOR_ALPHABLENDED_SHADOWS UNITY_PBS_USE_BRDF1 UNITY_SPECCUBE_BOX_PROJECTION UNITY_SPECCUBE_BLENDING UNITY_ENABLE_DETAIL_NORMALMAP SHADER_API_DESKTOP UNITY_COLORSPACE_GAMMA UNITY_LIGHTMAP_RGBM_ENCODING ok=1
Cmd: compileSnippet
  api=5 type=0 insize=1468 outsize=14875 kw=DIRECTIONAL SHADOWS_SCREEN DYNAMICLIGHTMAP_ON _METALLICGLOSSMAP pd=UNITY_ENABLE_REFLECTION_BUFFERS UNITY_USE_DITHER_MASK_FOR_ALPHABLENDED_SHADOWS UNITY_PBS_USE_BRDF1 UNITY_SPECCUBE_BOX_PROJECTION UNITY_SPECCUBE_BLENDING UNITY_ENABLE_DETAIL_NORMALMAP SHADER_API_DESKTOP UNITY_COLORSPACE_GAMMA UNITY_LIGHTMAP_RGBM_ENCODING ok=1
Cmd: compileSnippet
  api=9 type=0 insize=1468 outsize=15568 kw=DIRECTIONAL SHADOWS_SCREEN DYNAMICLIGHTMAP_ON _EMISSION _METALLICGLOSSMAP pd=UNITY_ENABLE_REFLECTION_BUFFERS UNITY_USE_DITHER_MASK_FOR_ALPHABLENDED_SHADOWS UNITY_PBS_USE_BRDF1 UNITY_SPECCUBE_BOX_PROJECTION UNITY_SPECCUBE_BLENDING UNITY_ENABLE_DETAIL_NORMALMAP SHADER_API_DESKTOP UNITY_COLORSPACE_GAMMA UNITY_LIGHTMAP_RGBM_ENCODING ok=1
Cmd: compileSnippet
  api=5 type=0 insize=1468 outsize=14791 kw=DIRECTIONAL SHADOWS_SCREEN DYNAMICLIGHTMAP_ON _SMOOTHNESS_TEXTURE_ALBEDO_CHANNEL_A pd=UNITY_ENABLE_REFLECTION_BUFFERS UNITY_USE_DITHER_MASK_FOR_ALPHABLENDED_SHADOWS UNITY_PBS_USE_BRDF1 UNITY_SPECCUBE_BOX_PROJECTION UNITY_SPECCUBE_BLENDING UNITY_ENABLE_DETAIL_NORMALMAP SHADER_API_DESKTOP UNITY_COLORSPACE_GAMMA UNITY_LIGHTMAP_RGBM_ENCODING ok=1
Cmd: compileSnippet
  api=9 type=0 insize=1468 outsize=15510 kw=DIRECTIONAL SHADOWS_SCREEN DYNAMICLIGHTMAP_ON _EMISSION _SMOOTHNESS_TEXTURE_ALBEDO_CHANNEL_A pd=UNITY_ENABLE_REFLECTION_BUFFERS UNITY_USE_DITHER_MASK_FOR_ALPHABLENDED_SHADOWS UNITY_PBS_USE_BRDF1 UNITY_SPECCUBE_BOX_PROJECTION UNITY_SPECCUBE_BLENDING UNITY_ENABLE_DETAIL_NORMALMAP SHADER_API_DESKTOP UNITY_COLORSPACE_GAMMA UNITY_LIGHTMAP_RGBM_ENCODING ok=1
Cmd: compileSnippet
  api=5 type=0 insize=1468 outsize=17049 kw=DIRECTIONAL SHADOWS_SCREEN DIRLIGHTMAP_COMBINED DYNAMICLIGHTMAP_ON _ALPHABLEND_ON pd=UNITY_ENABLE_REFLECTION_BUFFERS UNITY_USE_DITHER_MASK_FOR_ALPHABLENDED_SHADOWS UNITY_PBS_USE_BRDF1 UNITY_SPECCUBE_BOX_PROJECTION UNITY_SPECCUBE_BLENDING UNITY_ENABLE_DETAIL_NORMALMAP SHADER_API_DESKTOP UNITY_COLORSPACE_GAMMA UNITY_LIGHTMAP_RGBM_ENCODING ok=1
Cmd: compileSnippet
  api=9 type=0 insize=1468 outsize=16863 kw=DIRECTIONAL SHADOWS_SCREEN DIRLIGHTMAP_COMBINED DYNAMICLIGHTMAP_ON _EMISSION _ALPHABLEND_ON pd=UNITY_ENABLE_REFLECTION_BUFFERS UNITY_USE_DITHER_MASK_FOR_ALPHABLENDED_SHADOWS UNITY_PBS_USE_BRDF1 UNITY_SPECCUBE_BOX_PROJECTION UNITY_SPECCUBE_BLENDING UNITY_ENABLE_DETAIL_NORMALMAP SHADER_API_DESKTOP UNITY_COLORSPACE_GAMMA UNITY_LIGHTMAP_RGBM_ENCODING ok=1
Cmd: compileSnippet
  api=5 type=0 insize=1468 outsize=19108 kw=DIRECTIONAL SHADOWS_SCREEN DIRLIGHTMAP_COMBINED DYNAMICLIGHTMAP_ON _METALLICGLOSSMAP _PARALLAXMAP pd=UNITY_ENABLE_REFLECTION_BUFFERS UNITY_USE_DITHER_MASK_FOR_ALPHABLENDED_SHADOWS UNITY_PBS_USE_BRDF1 UNITY_SPECCUBE_BOX_PROJECTION UNITY_SPECCUBE_BLENDING UNITY_ENABLE_DETAIL_NORMALMAP SHADER_API_DESKTOP UNITY_COLORSPACE_GAMMA UNITY_LIGHTMAP_RGBM_ENCODING ok=1
Cmd: compileSnippet
  api=9 type=0 insize=1468 outsize=18735 kw=DIRECTIONAL SHADOWS_SCREEN DIRLIGHTMAP_COMBINED DYNAMICLIGHTMAP_ON _EMISSION _METALLICGLOSSMAP _PARALLAXMAP pd=UNITY_ENABLE_REFLECTION_BUFFERS UNITY_USE_DITHER_MASK_FOR_ALPHABLENDED_SHADOWS UNITY_PBS_USE_BRDF1 UNITY_SPECCUBE_BOX_PROJECTION UNITY_SPECCUBE_BLENDING UNITY_ENABLE_DETAIL_NORMALMAP SHADER_API_DESKTOP UNITY_COLORSPACE_GAMMA UNITY_LIGHTMAP_RGBM_ENCODING ok=1
Cmd: compileSnippet
  api=5 type=0 insize=1468 outsize=16967 kw=DIRECTIONAL SHADOWS_SCREEN DIRLIGHTMAP_COMBINED DYNAMICLIGHTMAP_ON pd=UNITY_ENABLE_REFLECTION_BUFFERS UNITY_USE_DITHER_MASK_FOR_ALPHABLENDED_SHADOWS UNITY_PBS_USE_BRDF1 UNITY_SPECCUBE_BOX_PROJECTION UNITY_SPECCUBE_BLENDING UNITY_ENABLE_DETAIL_NORMALMAP SHADER_API_DESKTOP UNITY_COLORSPACE_GAMMA UNITY_LIGHTMAP_RGBM_ENCODING ok=1
Cmd: compileSnippet
  api=9 type=0 insize=1468 outsize=13074 kw=DIRECTIONAL _EMISSION VERTEXLIGHT_ON pd=UNITY_ENABLE_REFLECTION_BUFFERS UNITY_USE_DITHER_MASK_FOR_ALPHABLENDED_SHADOWS UNITY_PBS_USE_BRDF1 UNITY_SPECCUBE_BOX_PROJECTION UNITY_SPECCUBE_BLENDING UNITY_ENABLE_DETAIL_NORMALMAP SHADER_API_DESKTOP UNITY_COLORSPACE_GAMMA UNITY_LIGHTMAP_RGBM_ENCODING ok=1
Cmd: compileSnippet
  api=5 type=0 insize=1468 outsize=12549 kw=DIRECTIONAL VERTEXLIGHT_ON _METALLICGLOSSMAP pd=UNITY_ENABLE_REFLECTION_BUFFERS UNITY_USE_DITHER_MASK_FOR_ALPHABLENDED_SHADOWS UNITY_PBS_USE_BRDF1 UNITY_SPECCUBE_BOX_PROJECTION UNITY_SPECCUBE_BLENDING UNITY_ENABLE_DETAIL_NORMALMAP SHADER_API_DESKTOP UNITY_COLORSPACE_GAMMA UNITY_LIGHTMAP_RGBM_ENCODING ok=1
Cmd: compileSnippet
  api=9 type=0 insize=1468 outsize=13220 kw=DIRECTIONAL _EMISSION VERTEXLIGHT_ON _METALLICGLOSSMAP pd=UNITY_ENABLE_REFLECTION_BUFFERS UNITY_USE_DITHER_MASK_FOR_ALPHABLENDED_SHADOWS UNITY_PBS_USE_BRDF1 UNITY_SPECCUBE_BOX_PROJECTION UNITY_SPECCUBE_BLENDING UNITY_ENABLE_DETAIL_NORMALMAP SHADER_API_DESKTOP UNITY_COLORSPACE_GAMMA UNITY_LIGHTMAP_RGBM_ENCODING ok=1
Cmd: compileSnippet
  api=5 type=0 insize=1468 outsize=12471 kw=DIRECTIONAL VERTEXLIGHT_ON _SMOOTHNESS_TEXTURE_ALBEDO_CHANNEL_A pd=UNITY_ENABLE_REFLECTION_BUFFERS UNITY_USE_DITHER_MASK_FOR_ALPHABLENDED_SHADOWS UNITY_PBS_USE_BRDF1 UNITY_SPECCUBE_BOX_PROJECTION UNITY_SPECCUBE_BLENDING UNITY_ENABLE_DETAIL_NORMALMAP SHADER_API_DESKTOP UNITY_COLORSPACE_GAMMA UNITY_LIGHTMAP_RGBM_ENCODING ok=1
Cmd: compileSnippet
  api=9 type=0 insize=1468 outsize=13162 kw=DIRECTIONAL _EMISSION VERTEXLIGHT_ON _SMOOTHNESS_TEXTURE_ALBEDO_CHANNEL_A pd=UNITY_ENABLE_REFLECTION_BUFFERS UNITY_USE_DITHER_MASK_FOR_ALPHABLENDED_SHADOWS UNITY_PBS_USE_BRDF1 UNITY_SPECCUBE_BOX_PROJECTION UNITY_SPECCUBE_BLENDING UNITY_ENABLE_DETAIL_NORMALMAP SHADER_API_DESKTOP UNITY_COLORSPACE_GAMMA UNITY_LIGHTMAP_RGBM_ENCODING ok=1
Cmd: compileSnippet
  api=5 type=0 insize=1468 outsize=15811 kw=DIRECTIONAL LIGHTPROBE_SH VERTEXLIGHT_ON _ALPHABLEND_ON pd=UNITY_ENABLE_REFLECTION_BUFFERS UNITY_USE_DITHER_MASK_FOR_ALPHABLENDED_SHADOWS UNITY_PBS_USE_BRDF1 UNITY_SPECCUBE_BOX_PROJECTION UNITY_SPECCUBE_BLENDING UNITY_ENABLE_DETAIL_NORMALMAP SHADER_API_DESKTOP UNITY_COLORSPACE_GAMMA UNITY_LIGHTMAP_RGBM_ENCODING ok=1
Cmd: compileSnippet
  api=9 type=0 insize=1468 outsize=16309 kw=DIRECTIONAL LIGHTPROBE_SH _EMISSION VERTEXLIGHT_ON _ALPHABLEND_ON pd=UNITY_ENABLE_REFLECTION_BUFFERS UNITY_USE_DITHER_MASK_FOR_ALPHABLENDED_SHADOWS UNITY_PBS_USE_BRDF1 UNITY_SPECCUBE_BOX_PROJECTION UNITY_SPECCUBE_BLENDING UNITY_ENABLE_DETAIL_NORMALMAP SHADER_API_DESKTOP UNITY_COLORSPACE_GAMMA UNITY_LIGHTMAP_RGBM_ENCODING ok=1
Cmd: compileSnippet
  api=9 type=0 insize=1468 outsize=16267 kw=DIRECTIONAL LIGHTPROBE_SH _EMISSION VERTEXLIGHT_ON _METALLICGLOSSMAP pd=UNITY_ENABLE_REFLECTION_BUFFERS UNITY_USE_DITHER_MASK_FOR_ALPHABLENDED_SHADOWS UNITY_PBS_USE_BRDF1 UNITY_SPECCUBE_BOX_PROJECTION UNITY_SPECCUBE_BLENDING UNITY_ENABLE_DETAIL_NORMALMAP SHADER_API_DESKTOP UNITY_COLORSPACE_GAMMA UNITY_LIGHTMAP_RGBM_ENCODING ok=1
Cmd: compileSnippet
  api=5 type=0 insize=1468 outsize=15756 kw=DIRECTIONAL LIGHTPROBE_SH VERTEXLIGHT_ON _SMOOTHNESS_TEXTURE_ALBEDO_CHANNEL_A pd=UNITY_ENABLE_REFLECTION_BUFFERS UNITY_USE_DITHER_MASK_FOR_ALPHABLENDED_SHADOWS UNITY_PBS_USE_BRDF1 UNITY_SPECCUBE_BOX_PROJECTION UNITY_SPECCUBE_BLENDING UNITY_ENABLE_DETAIL_NORMALMAP SHADER_API_DESKTOP UNITY_COLORSPACE_GAMMA UNITY_LIGHTMAP_RGBM_ENCODING ok=1
Cmd: compileSnippet
  api=9 type=0 insize=1468 outsize=16209 kw=DIRECTIONAL LIGHTPROBE_SH _EMISSION VERTEXLIGHT_ON _SMOOTHNESS_TEXTURE_ALBEDO_CHANNEL_A pd=UNITY_ENABLE_REFLECTION_BUFFERS UNITY_USE_DITHER_MASK_FOR_ALPHABLENDED_SHADOWS UNITY_PBS_USE_BRDF1 UNITY_SPECCUBE_BOX_PROJECTION UNITY_SPECCUBE_BLENDING UNITY_ENABLE_DETAIL_NORMALMAP SHADER_API_DESKTOP UNITY_COLORSPACE_GAMMA UNITY_LIGHTMAP_RGBM_ENCODING ok=1
Cmd: compileSnippet
  api=9 type=0 insize=1468 outsize=13561 kw=DIRECTIONAL DYNAMICLIGHTMAP_ON VERTEXLIGHT_ON _ALPHABLEND_ON pd=UNITY_ENABLE_REFLECTION_BUFFERS UNITY_USE_DITHER_MASK_FOR_ALPHABLENDED_SHADOWS UNITY_PBS_USE_BRDF1 UNITY_SPECCUBE_BOX_PROJECTION UNITY_SPECCUBE_BLENDING UNITY_ENABLE_DETAIL_NORMALMAP SHADER_API_DESKTOP UNITY_COLORSPACE_GAMMA UNITY_LIGHTMAP_RGBM_ENCODING ok=1
Cmd: compileSnippet
  api=5 type=0 insize=1468 outsize=13490 kw=DIRECTIONAL DYNAMICLIGHTMAP_ON _EMISSION VERTEXLIGHT_ON _METALLICGLOSSMAP pd=UNITY_ENABLE_REFLECTION_BUFFERS UNITY_USE_DITHER_MASK_FOR_ALPHABLENDED_SHADOWS UNITY_PBS_USE_BRDF1 UNITY_SPECCUBE_BOX_PROJECTION UNITY_SPECCUBE_BLENDING UNITY_ENABLE_DETAIL_NORMALMAP SHADER_API_DESKTOP UNITY_COLORSPACE_GAMMA UNITY_LIGHTMAP_RGBM_ENCODING ok=1
Cmd: compileSnippet
  api=9 type=0 insize=1468 outsize=16365 kw=DIRECTIONAL DYNAMICLIGHTMAP_ON VERTEXLIGHT_ON _METALLICGLOSSMAP _PARALLAXMAP pd=UNITY_ENABLE_REFLECTION_BUFFERS UNITY_USE_DITHER_MASK_FOR_ALPHABLENDED_SHADOWS UNITY_PBS_USE_BRDF1 UNITY_SPECCUBE_BOX_PROJECTION UNITY_SPECCUBE_BLENDING UNITY_ENABLE_DETAIL_NORMALMAP SHADER_API_DESKTOP UNITY_COLORSPACE_GAMMA UNITY_LIGHTMAP_RGBM_ENCODING ok=1
Cmd: compileSnippet
  api=5 type=0 insize=1468 outsize=13408 kw=DIRECTIONAL DYNAMICLIGHTMAP_ON _EMISSION VERTEXLIGHT_ON _SMOOTHNESS_TEXTURE_ALBEDO_CHANNEL_A pd=UNITY_ENABLE_REFLECTION_BUFFERS UNITY_USE_DITHER_MASK_FOR_ALPHABLENDED_SHADOWS UNITY_PBS_USE_BRDF1 UNITY_SPECCUBE_BOX_PROJECTION UNITY_SPECCUBE_BLENDING UNITY_ENABLE_DETAIL_NORMALMAP SHADER_API_DESKTOP UNITY_COLORSPACE_GAMMA UNITY_LIGHTMAP_RGBM_ENCODING ok=1
Cmd: compileSnippet
  api=9 type=0 insize=1468 outsize=13618 kw=DIRECTIONAL DYNAMICLIGHTMAP_ON VERTEXLIGHT_ON pd=UNITY_ENABLE_REFLECTION_BUFFERS UNITY_USE_DITHER_MASK_FOR_ALPHABLENDED_SHADOWS UNITY_PBS_USE_BRDF1 UNITY_SPECCUBE_BOX_PROJECTION UNITY_SPECCUBE_BLENDING UNITY_ENABLE_DETAIL_NORMALMAP SHADER_API_DESKTOP UNITY_COLORSPACE_GAMMA UNITY_LIGHTMAP_RGBM_ENCODING ok=1
Cmd: compileSnippet
  api=5 type=0 insize=1468 outsize=15655 kw=DIRECTIONAL DIRLIGHTMAP_COMBINED DYNAMICLIGHTMAP_ON _EMISSION VERTEXLIGHT_ON _ALPHABLEND_ON pd=UNITY_ENABLE_REFLECTION_BUFFERS UNITY_USE_DITHER_MASK_FOR_ALPHABLENDED_SHADOWS UNITY_PBS_USE_BRDF1 UNITY_SPECCUBE_BOX_PROJECTION UNITY_SPECCUBE_BLENDING UNITY_ENABLE_DETAIL_NORMALMAP SHADER_API_DESKTOP UNITY_COLORSPACE_GAMMA UNITY_LIGHTMAP_RGBM_ENCODING ok=1
Cmd: compileSnippet
  api=9 type=0 insize=1468 outsize=14970 kw=DIRECTIONAL DIRLIGHTMAP_COMBINED DYNAMICLIGHTMAP_ON VERTEXLIGHT_ON _METALLICGLOSSMAP pd=UNITY_ENABLE_REFLECTION_BUFFERS UNITY_USE_DITHER_MASK_FOR_ALPHABLENDED_SHADOWS UNITY_PBS_USE_BRDF1 UNITY_SPECCUBE_BOX_PROJECTION UNITY_SPECCUBE_BLENDING UNITY_ENABLE_DETAIL_NORMALMAP SHADER_API_DESKTOP UNITY_COLORSPACE_GAMMA UNITY_LIGHTMAP_RGBM_ENCODING ok=1
Cmd: compileSnippet
  api=5 type=0 insize=1468 outsize=17707 kw=DIRECTIONAL DIRLIGHTMAP_COMBINED DYNAMICLIGHTMAP_ON _EMISSION VERTEXLIGHT_ON _METALLICGLOSSMAP _PARALLAXMAP pd=UNITY_ENABLE_REFLECTION_BUFFERS UNITY_USE_DITHER_MASK_FOR_ALPHABLENDED_SHADOWS UNITY_PBS_USE_BRDF1 UNITY_SPECCUBE_BOX_PROJECTION UNITY_SPECCUBE_BLENDING UNITY_ENABLE_DETAIL_NORMALMAP SHADER_API_DESKTOP UNITY_COLORSPACE_GAMMA UNITY_LIGHTMAP_RGBM_ENCODING ok=1
Cmd: compileSnippet
  api=9 type=0 insize=1468 outsize=14890 kw=DIRECTIONAL DIRLIGHTMAP_COMBINED DYNAMICLIGHTMAP_ON VERTEXLIGHT_ON _SMOOTHNESS_TEXTURE_ALBEDO_CHANNEL_A pd=UNITY_ENABLE_REFLECTION_BUFFERS UNITY_USE_DITHER_MASK_FOR_ALPHABLENDED_SHADOWS UNITY_PBS_USE_BRDF1 UNITY_SPECCUBE_BOX_PROJECTION UNITY_SPECCUBE_BLENDING UNITY_ENABLE_DETAIL_NORMALMAP SHADER_API_DESKTOP UNITY_COLORSPACE_GAMMA UNITY_LIGHTMAP_RGBM_ENCODING ok=1
Cmd: compileSnippet
  api=5 type=0 insize=1468 outsize=14215 kw=DIRECTIONAL SHADOWS_SCREEN _EMISSION VERTEXLIGHT_ON pd=UNITY_ENABLE_REFLECTION_BUFFERS UNITY_USE_DITHER_MASK_FOR_ALPHABLENDED_SHADOWS UNITY_PBS_USE_BRDF1 UNITY_SPECCUBE_BOX_PROJECTION UNITY_SPECCUBE_BLENDING UNITY_ENABLE_DETAIL_NORMALMAP SHADER_API_DESKTOP UNITY_COLORSPACE_GAMMA UNITY_LIGHTMAP_RGBM_ENCODING ok=1
Cmd: compileSnippet
  api=9 type=0 insize=1468 outsize=14391 kw=DIRECTIONAL SHADOWS_SCREEN VERTEXLIGHT_ON _ALPHABLEND_ON pd=UNITY_ENABLE_REFLECTION_BUFFERS UNITY_USE_DITHER_MASK_FOR_ALPHABLENDED_SHADOWS UNITY_PBS_USE_BRDF1 UNITY_SPECCUBE_BOX_PROJECTION UNITY_SPECCUBE_BLENDING UNITY_ENABLE_DETAIL_NORMALMAP SHADER_API_DESKTOP UNITY_COLORSPACE_GAMMA UNITY_LIGHTMAP_RGBM_ENCODING ok=1
Cmd: compileSnippet
  api=5 type=0 insize=1468 outsize=14319 kw=DIRECTIONAL SHADOWS_SCREEN _EMISSION VERTEXLIGHT_ON _METALLICGLOSSMAP pd=UNITY_ENABLE_REFLECTION_BUFFERS UNITY_USE_DITHER_MASK_FOR_ALPHABLENDED_SHADOWS UNITY_PBS_USE_BRDF1 UNITY_SPECCUBE_BOX_PROJECTION UNITY_SPECCUBE_BLENDING UNITY_ENABLE_DETAIL_NORMALMAP SHADER_API_DESKTOP UNITY_COLORSPACE_GAMMA UNITY_LIGHTMAP_RGBM_ENCODING ok=1
Cmd: compileSnippet
  api=9 type=0 insize=1468 outsize=17241 kw=DIRECTIONAL SHADOWS_SCREEN VERTEXLIGHT_ON _METALLICGLOSSMAP _PARALLAXMAP pd=UNITY_ENABLE_REFLECTION_BUFFERS UNITY_USE_DITHER_MASK_FOR_ALPHABLENDED_SHADOWS UNITY_PBS_USE_BRDF1 UNITY_SPECCUBE_BOX_PROJECTION UNITY_SPECCUBE_BLENDING UNITY_ENABLE_DETAIL_NORMALMAP SHADER_API_DESKTOP UNITY_COLORSPACE_GAMMA UNITY_LIGHTMAP_RGBM_ENCODING ok=1
Cmd: compileSnippet
  api=5 type=0 insize=1468 outsize=14236 kw=DIRECTIONAL SHADOWS_SCREEN _EMISSION VERTEXLIGHT_ON _SMOOTHNESS_TEXTURE_ALBEDO_CHANNEL_A pd=UNITY_ENABLE_REFLECTION_BUFFERS UNITY_USE_DITHER_MASK_FOR_ALPHABLENDED_SHADOWS UNITY_PBS_USE_BRDF1 UNITY_SPECCUBE_BOX_PROJECTION UNITY_SPECCUBE_BLENDING UNITY_ENABLE_DETAIL_NORMALMAP SHADER_API_DESKTOP UNITY_COLORSPACE_GAMMA UNITY_LIGHTMAP_RGBM_ENCODING ok=1
Cmd: compileSnippet
  api=9 type=0 insize=1468 outsize=14448 kw=DIRECTIONAL SHADOWS_SCREEN VERTEXLIGHT_ON pd=UNITY_ENABLE_REFLECTION_BUFFERS UNITY_USE_DITHER_MASK_FOR_ALPHABLENDED_SHADOWS UNITY_PBS_USE_BRDF1 UNITY_SPECCUBE_BOX_PROJECTION UNITY_SPECCUBE_BLENDING UNITY_ENABLE_DETAIL_NORMALMAP SHADER_API_DESKTOP UNITY_COLORSPACE_GAMMA UNITY_LIGHTMAP_RGBM_ENCODING ok=1
Cmd: compileSnippet
  api=5 type=0 insize=1468 outsize=17585 kw=DIRECTIONAL SHADOWS_SCREEN LIGHTPROBE_SH _EMISSION VERTEXLIGHT_ON _ALPHABLEND_ON pd=UNITY_ENABLE_REFLECTION_BUFFERS UNITY_USE_DITHER_MASK_FOR_ALPHABLENDED_SHADOWS UNITY_PBS_USE_BRDF1 UNITY_SPECCUBE_BOX_PROJECTION UNITY_SPECCUBE_BLENDING UNITY_ENABLE_DETAIL_NORMALMAP SHADER_API_DESKTOP UNITY_COLORSPACE_GAMMA UNITY_LIGHTMAP_RGBM_ENCODING ok=1
Cmd: compileSnippet
  api=5 type=0 insize=1468 outsize=17417 kw=DIRECTIONAL SHADOWS_SCREEN LIGHTPROBE_SH VERTEXLIGHT_ON _METALLICGLOSSMAP pd=UNITY_ENABLE_REFLECTION_BUFFERS UNITY_USE_DITHER_MASK_FOR_ALPHABLENDED_SHADOWS UNITY_PBS_USE_BRDF1 UNITY_SPECCUBE_BOX_PROJECTION UNITY_SPECCUBE_BLENDING UNITY_ENABLE_DETAIL_NORMALMAP SHADER_API_DESKTOP UNITY_COLORSPACE_GAMMA UNITY_LIGHTMAP_RGBM_ENCODING ok=1
Cmd: compileSnippet
  api=9 type=0 insize=1468 outsize=17844 kw=DIRECTIONAL SHADOWS_SCREEN LIGHTPROBE_SH _EMISSION VERTEXLIGHT_ON _METALLICGLOSSMAP pd=UNITY_ENABLE_REFLECTION_BUFFERS UNITY_USE_DITHER_MASK_FOR_ALPHABLENDED_SHADOWS UNITY_PBS_USE_BRDF1 UNITY_SPECCUBE_BOX_PROJECTION UNITY_SPECCUBE_BLENDING UNITY_ENABLE_DETAIL_NORMALMAP SHADER_API_DESKTOP UNITY_COLORSPACE_GAMMA UNITY_LIGHTMAP_RGBM_ENCODING ok=1
Cmd: compileSnippet
  api=5 type=0 insize=1468 outsize=17333 kw=DIRECTIONAL SHADOWS_SCREEN LIGHTPROBE_SH VERTEXLIGHT_ON _SMOOTHNESS_TEXTURE_ALBEDO_CHANNEL_A pd=UNITY_ENABLE_REFLECTION_BUFFERS UNITY_USE_DITHER_MASK_FOR_ALPHABLENDED_SHADOWS UNITY_PBS_USE_BRDF1 UNITY_SPECCUBE_BOX_PROJECTION UNITY_SPECCUBE_BLENDING UNITY_ENABLE_DETAIL_NORMALMAP SHADER_API_DESKTOP UNITY_COLORSPACE_GAMMA UNITY_LIGHTMAP_RGBM_ENCODING ok=1
Cmd: compileSnippet
  api=9 type=0 insize=1468 outsize=17786 kw=DIRECTIONAL SHADOWS_SCREEN LIGHTPROBE_SH _EMISSION VERTEXLIGHT_ON _SMOOTHNESS_TEXTURE_ALBEDO_CHANNEL_A pd=UNITY_ENABLE_REFLECTION_BUFFERS UNITY_USE_DITHER_MASK_FOR_ALPHABLENDED_SHADOWS UNITY_PBS_USE_BRDF1 UNITY_SPECCUBE_BOX_PROJECTION UNITY_SPECCUBE_BLENDING UNITY_ENABLE_DETAIL_NORMALMAP SHADER_API_DESKTOP UNITY_COLORSPACE_GAMMA UNITY_LIGHTMAP_RGBM_ENCODING ok=1
Cmd: compileSnippet
  api=5 type=0 insize=1468 outsize=14849 kw=DIRECTIONAL SHADOWS_SCREEN DYNAMICLIGHTMAP_ON VERTEXLIGHT_ON _ALPHABLEND_ON pd=UNITY_ENABLE_REFLECTION_BUFFERS UNITY_USE_DITHER_MASK_FOR_ALPHABLENDED_SHADOWS UNITY_PBS_USE_BRDF1 UNITY_SPECCUBE_BOX_PROJECTION UNITY_SPECCUBE_BLENDING UNITY_ENABLE_DETAIL_NORMALMAP SHADER_API_DESKTOP UNITY_COLORSPACE_GAMMA UNITY_LIGHTMAP_RGBM_ENCODING ok=1
Cmd: compileSnippet
  api=5 type=0 insize=1468 outsize=15043 kw=DIRECTIONAL SHADOWS_SCREEN DYNAMICLIGHTMAP_ON _EMISSION VERTEXLIGHT_ON _ALPHABLEND_ON pd=UNITY_ENABLE_REFLECTION_BUFFERS UNITY_USE_DITHER_MASK_FOR_ALPHABLENDED_SHADOWS UNITY_PBS_USE_BRDF1 UNITY_SPECCUBE_BOX_PROJECTION UNITY_SPECCUBE_BLENDING UNITY_ENABLE_DETAIL_NORMALMAP SHADER_API_DESKTOP UNITY_COLORSPACE_GAMMA UNITY_LIGHTMAP_RGBM_ENCODING ok=1
Cmd: compileSnippet
  api=5 type=0 insize=1468 outsize=15069 kw=DIRECTIONAL SHADOWS_SCREEN DYNAMICLIGHTMAP_ON _EMISSION VERTEXLIGHT_ON _METALLICGLOSSMAP pd=UNITY_ENABLE_REFLECTION_BUFFERS UNITY_USE_DITHER_MASK_FOR_ALPHABLENDED_SHADOWS UNITY_PBS_USE_BRDF1 UNITY_SPECCUBE_BOX_PROJECTION UNITY_SPECCUBE_BLENDING UNITY_ENABLE_DETAIL_NORMALMAP SHADER_API_DESKTOP UNITY_COLORSPACE_GAMMA UNITY_LIGHTMAP_RGBM_ENCODING ok=1
Cmd: compileSnippet
  api=9 type=0 insize=1468 outsize=17987 kw=DIRECTIONAL SHADOWS_SCREEN DYNAMICLIGHTMAP_ON VERTEXLIGHT_ON _METALLICGLOSSMAP _PARALLAXMAP pd=UNITY_ENABLE_REFLECTION_BUFFERS UNITY_USE_DITHER_MASK_FOR_ALPHABLENDED_SHADOWS UNITY_PBS_USE_BRDF1 UNITY_SPECCUBE_BOX_PROJECTION UNITY_SPECCUBE_BLENDING UNITY_ENABLE_DETAIL_NORMALMAP SHADER_API_DESKTOP UNITY_COLORSPACE_GAMMA UNITY_LIGHTMAP_RGBM_ENCODING ok=1
Cmd: compileSnippet
  api=5 type=0 insize=1468 outsize=14985 kw=DIRECTIONAL SHADOWS_SCREEN DYNAMICLIGHTMAP_ON _EMISSION VERTEXLIGHT_ON _SMOOTHNESS_TEXTURE_ALBEDO_CHANNEL_A pd=UNITY_ENABLE_REFLECTION_BUFFERS UNITY_USE_DITHER_MASK_FOR_ALPHABLENDED_SHADOWS UNITY_PBS_USE_BRDF1 UNITY_SPECCUBE_BOX_PROJECTION UNITY_SPECCUBE_BLENDING UNITY_ENABLE_DETAIL_NORMALMAP SHADER_API_DESKTOP UNITY_COLORSPACE_GAMMA UNITY_LIGHTMAP_RGBM_ENCODING ok=1
Cmd: compileSnippet
  api=9 type=0 insize=1468 outsize=15187 kw=DIRECTIONAL SHADOWS_SCREEN DYNAMICLIGHTMAP_ON VERTEXLIGHT_ON pd=UNITY_ENABLE_REFLECTION_BUFFERS UNITY_USE_DITHER_MASK_FOR_ALPHABLENDED_SHADOWS UNITY_PBS_USE_BRDF1 UNITY_SPECCUBE_BOX_PROJECTION UNITY_SPECCUBE_BLENDING UNITY_ENABLE_DETAIL_NORMALMAP SHADER_API_DESKTOP UNITY_COLORSPACE_GAMMA UNITY_LIGHTMAP_RGBM_ENCODING ok=1
Cmd: compileSnippet
  api=5 type=0 insize=1468 outsize=17243 kw=DIRECTIONAL SHADOWS_SCREEN DIRLIGHTMAP_COMBINED DYNAMICLIGHTMAP_ON _EMISSION VERTEXLIGHT_ON _ALPHABLEND_ON pd=UNITY_ENABLE_REFLECTION_BUFFERS UNITY_USE_DITHER_MASK_FOR_ALPHABLENDED_SHADOWS UNITY_PBS_USE_BRDF1 UNITY_SPECCUBE_BOX_PROJECTION UNITY_SPECCUBE_BLENDING UNITY_ENABLE_DETAIL_NORMALMAP SHADER_API_DESKTOP UNITY_COLORSPACE_GAMMA UNITY_LIGHTMAP_RGBM_ENCODING ok=1
Cmd: compileSnippet
  api=5 type=0 insize=1468 outsize=17075 kw=DIRECTIONAL SHADOWS_SCREEN DIRLIGHTMAP_COMBINED DYNAMICLIGHTMAP_ON VERTEXLIGHT_ON _METALLICGLOSSMAP pd=UNITY_ENABLE_REFLECTION_BUFFERS UNITY_USE_DITHER_MASK_FOR_ALPHABLENDED_SHADOWS UNITY_PBS_USE_BRDF1 UNITY_SPECCUBE_BOX_PROJECTION UNITY_SPECCUBE_BLENDING UNITY_ENABLE_DETAIL_NORMALMAP SHADER_API_DESKTOP UNITY_COLORSPACE_GAMMA UNITY_LIGHTMAP_RGBM_ENCODING ok=1
Cmd: compileSnippet
  api=9 type=0 insize=1468 outsize=16845 kw=DIRECTIONAL SHADOWS_SCREEN DIRLIGHTMAP_COMBINED DYNAMICLIGHTMAP_ON _EMISSION VERTEXLIGHT_ON _METALLICGLOSSMAP pd=UNITY_ENABLE_REFLECTION_BUFFERS UNITY_USE_DITHER_MASK_FOR_ALPHABLENDED_SHADOWS UNITY_PBS_USE_BRDF1 UNITY_SPECCUBE_BOX_PROJECTION UNITY_SPECCUBE_BLENDING UNITY_ENABLE_DETAIL_NORMALMAP SHADER_API_DESKTOP UNITY_COLORSPACE_GAMMA UNITY_LIGHTMAP_RGBM_ENCODING ok=1
Cmd: compileSnippet
  api=5 type=0 insize=1468 outsize=16988 kw=DIRECTIONAL SHADOWS_SCREEN DIRLIGHTMAP_COMBINED DYNAMICLIGHTMAP_ON VERTEXLIGHT_ON _SMOOTHNESS_TEXTURE_ALBEDO_CHANNEL_A pd=UNITY_ENABLE_REFLECTION_BUFFERS UNITY_USE_DITHER_MASK_FOR_ALPHABLENDED_SHADOWS UNITY_PBS_USE_BRDF1 UNITY_SPECCUBE_BOX_PROJECTION UNITY_SPECCUBE_BLENDING UNITY_ENABLE_DETAIL_NORMALMAP SHADER_API_DESKTOP UNITY_COLORSPACE_GAMMA UNITY_LIGHTMAP_RGBM_ENCODING ok=1
Cmd: compileSnippet
  api=9 type=0 insize=1468 outsize=16787 kw=DIRECTIONAL SHADOWS_SCREEN DIRLIGHTMAP_COMBINED DYNAMICLIGHTMAP_ON _EMISSION VERTEXLIGHT_ON _SMOOTHNESS_TEXTURE_ALBEDO_CHANNEL_A pd=UNITY_ENABLE_REFLECTION_BUFFERS UNITY_USE_DITHER_MASK_FOR_ALPHABLENDED_SHADOWS UNITY_PBS_USE_BRDF1 UNITY_SPECCUBE_BOX_PROJECTION UNITY_SPECCUBE_BLENDING UNITY_ENABLE_DETAIL_NORMALMAP SHADER_API_DESKTOP UNITY_COLORSPACE_GAMMA UNITY_LIGHTMAP_RGBM_ENCODING ok=1
Cmd: compileSnippet
  api=5 type=0 insize=1468 outsize=12523 kw=DIRECTIONAL _ALPHABLEND_ON pd=UNITY_ENABLE_REFLECTION_BUFFERS UNITY_USE_DITHER_MASK_FOR_ALPHABLENDED_SHADOWS UNITY_PBS_USE_BRDF1 UNITY_SPECCUBE_BOX_PROJECTION UNITY_SPECCUBE_BLENDING UNITY_ENABLE_DETAIL_NORMALMAP SHADER_API_DESKTOP UNITY_COLORSPACE_GAMMA UNITY_LIGHTMAP_RGBM_ENCODING ok=1
Cmd: compileSnippet
  api=9 type=0 insize=1468 outsize=13238 kw=DIRECTIONAL _EMISSION _ALPHABLEND_ON pd=UNITY_ENABLE_REFLECTION_BUFFERS UNITY_USE_DITHER_MASK_FOR_ALPHABLENDED_SHADOWS UNITY_PBS_USE_BRDF1 UNITY_SPECCUBE_BOX_PROJECTION UNITY_SPECCUBE_BLENDING UNITY_ENABLE_DETAIL_NORMALMAP SHADER_API_DESKTOP UNITY_COLORSPACE_GAMMA UNITY_LIGHTMAP_RGBM_ENCODING ok=1
Cmd: compileSnippet
  api=5 type=0 insize=1468 outsize=16230 kw=DIRECTIONAL _METALLICGLOSSMAP _PARALLAXMAP pd=UNITY_ENABLE_REFLECTION_BUFFERS UNITY_USE_DITHER_MASK_FOR_ALPHABLENDED_SHADOWS UNITY_PBS_USE_BRDF1 UNITY_SPECCUBE_BOX_PROJECTION UNITY_SPECCUBE_BLENDING UNITY_ENABLE_DETAIL_NORMALMAP SHADER_API_DESKTOP UNITY_COLORSPACE_GAMMA UNITY_LIGHTMAP_RGBM_ENCODING ok=1
Cmd: compileSnippet
  api=9 type=0 insize=1468 outsize=15887 kw=DIRECTIONAL _EMISSION _METALLICGLOSSMAP _PARALLAXMAP pd=UNITY_ENABLE_REFLECTION_BUFFERS UNITY_USE_DITHER_MASK_FOR_ALPHABLENDED_SHADOWS UNITY_PBS_USE_BRDF1 UNITY_SPECCUBE_BOX_PROJECTION UNITY_SPECCUBE_BLENDING UNITY_ENABLE_DETAIL_NORMALMAP SHADER_API_DESKTOP UNITY_COLORSPACE_GAMMA UNITY_LIGHTMAP_RGBM_ENCODING ok=1
Cmd: compileSnippet
  api=9 type=1 insize=1468 outsize=0 kw=DIRECTIONAL pd=UNITY_ENABLE_REFLECTION_BUFFERS UNITY_USE_DITHER_MASK_FOR_ALPHABLENDED_SHADOWS UNITY_PBS_USE_BRDF1 UNITY_SPECCUBE_BOX_PROJECTION UNITY_SPECCUBE_BLENDING UNITY_ENABLE_DETAIL_NORMALMAP SHADER_API_DESKTOP UNITY_COLORSPACE_GAMMA UNITY_LIGHTMAP_RGBM_ENCODING ok=1
Cmd: compileSnippet
  api=9 type=1 insize=1468 outsize=0 kw=DIRECTIONAL LIGHTPROBE_SH _ALPHABLEND_ON pd=UNITY_ENABLE_REFLECTION_BUFFERS UNITY_USE_DITHER_MASK_FOR_ALPHABLENDED_SHADOWS UNITY_PBS_USE_BRDF1 UNITY_SPECCUBE_BOX_PROJECTION UNITY_SPECCUBE_BLENDING UNITY_ENABLE_DETAIL_NORMALMAP SHADER_API_DESKTOP UNITY_COLORSPACE_GAMMA UNITY_LIGHTMAP_RGBM_ENCODING ok=1
Cmd: compileSnippet
  api=5 type=1 insize=1468 outsize=0 kw=DIRECTIONAL LIGHTPROBE_SH _EMISSION _METALLICGLOSSMAP pd=UNITY_ENABLE_REFLECTION_BUFFERS UNITY_USE_DITHER_MASK_FOR_ALPHABLENDED_SHADOWS UNITY_PBS_USE_BRDF1 UNITY_SPECCUBE_BOX_PROJECTION UNITY_SPECCUBE_BLENDING UNITY_ENABLE_DETAIL_NORMALMAP SHADER_API_DESKTOP UNITY_COLORSPACE_GAMMA UNITY_LIGHTMAP_RGBM_ENCODING ok=1
Cmd: compileSnippet
  api=5 type=1 insize=1468 outsize=0 kw=DIRECTIONAL LIGHTPROBE_SH _EMISSION _METALLICGLOSSMAP _PARALLAXMAP pd=UNITY_ENABLE_REFLECTION_BUFFERS UNITY_USE_DITHER_MASK_FOR_ALPHABLENDED_SHADOWS UNITY_PBS_USE_BRDF1 UNITY_SPECCUBE_BOX_PROJECTION UNITY_SPECCUBE_BLENDING UNITY_ENABLE_DETAIL_NORMALMAP SHADER_API_DESKTOP UNITY_COLORSPACE_GAMMA UNITY_LIGHTMAP_RGBM_ENCODING ok=1
Cmd: compileSnippet
  api=5 type=1 insize=1468 outsize=0 kw=DIRECTIONAL LIGHTPROBE_SH _EMISSION _SMOOTHNESS_TEXTURE_ALBEDO_CHANNEL_A pd=UNITY_ENABLE_REFLECTION_BUFFERS UNITY_USE_DITHER_MASK_FOR_ALPHABLENDED_SHADOWS UNITY_PBS_USE_BRDF1 UNITY_SPECCUBE_BOX_PROJECTION UNITY_SPECCUBE_BLENDING UNITY_ENABLE_DETAIL_NORMALMAP SHADER_API_DESKTOP UNITY_COLORSPACE_GAMMA UNITY_LIGHTMAP_RGBM_ENCODING ok=1
Cmd: compileSnippet
  api=5 type=1 insize=1468 outsize=0 kw=DIRECTIONAL DYNAMICLIGHTMAP_ON _EMISSION pd=UNITY_ENABLE_REFLECTION_BUFFERS UNITY_USE_DITHER_MASK_FOR_ALPHABLENDED_SHADOWS UNITY_PBS_USE_BRDF1 UNITY_SPECCUBE_BOX_PROJECTION UNITY_SPECCUBE_BLENDING UNITY_ENABLE_DETAIL_NORMALMAP SHADER_API_DESKTOP UNITY_COLORSPACE_GAMMA UNITY_LIGHTMAP_RGBM_ENCODING ok=1
Cmd: compileSnippet
  api=9 type=1 insize=1468 outsize=0 kw=DIRECTIONAL DYNAMICLIGHTMAP_ON _EMISSION _ALPHABLEND_ON pd=UNITY_ENABLE_REFLECTION_BUFFERS UNITY_USE_DITHER_MASK_FOR_ALPHABLENDED_SHADOWS UNITY_PBS_USE_BRDF1 UNITY_SPECCUBE_BOX_PROJECTION UNITY_SPECCUBE_BLENDING UNITY_ENABLE_DETAIL_NORMALMAP SHADER_API_DESKTOP UNITY_COLORSPACE_GAMMA UNITY_LIGHTMAP_RGBM_ENCODING ok=1
Cmd: compileSnippet
  api=9 type=1 insize=1468 outsize=0 kw=DIRECTIONAL DYNAMICLIGHTMAP_ON _EMISSION _METALLICGLOSSMAP pd=UNITY_ENABLE_REFLECTION_BUFFERS UNITY_USE_DITHER_MASK_FOR_ALPHABLENDED_SHADOWS UNITY_PBS_USE_BRDF1 UNITY_SPECCUBE_BOX_PROJECTION UNITY_SPECCUBE_BLENDING UNITY_ENABLE_DETAIL_NORMALMAP SHADER_API_DESKTOP UNITY_COLORSPACE_GAMMA UNITY_LIGHTMAP_RGBM_ENCODING ok=1
Cmd: compileSnippet
  api=9 type=1 insize=1468 outsize=0 kw=DIRECTIONAL DYNAMICLIGHTMAP_ON _EMISSION _METALLICGLOSSMAP _PARALLAXMAP pd=UNITY_ENABLE_REFLECTION_BUFFERS UNITY_USE_DITHER_MASK_FOR_ALPHABLENDED_SHADOWS UNITY_PBS_USE_BRDF1 UNITY_SPECCUBE_BOX_PROJECTION UNITY_SPECCUBE_BLENDING UNITY_ENABLE_DETAIL_NORMALMAP SHADER_API_DESKTOP UNITY_COLORSPACE_GAMMA UNITY_LIGHTMAP_RGBM_ENCODING ok=1
Cmd: compileSnippet
  api=5 type=1 insize=1468 outsize=0 kw=DIRECTIONAL DYNAMICLIGHTMAP_ON _EMISSION _SMOOTHNESS_TEXTURE_ALBEDO_CHANNEL_A pd=UNITY_ENABLE_REFLECTION_BUFFERS UNITY_USE_DITHER_MASK_FOR_ALPHABLENDED_SHADOWS UNITY_PBS_USE_BRDF1 UNITY_SPECCUBE_BOX_PROJECTION UNITY_SPECCUBE_BLENDING UNITY_ENABLE_DETAIL_NORMALMAP SHADER_API_DESKTOP UNITY_COLORSPACE_GAMMA UNITY_LIGHTMAP_RGBM_ENCODING ok=1
Cmd: compileSnippet
  api=5 type=1 insize=1468 outsize=0 kw=DIRECTIONAL DIRLIGHTMAP_COMBINED DYNAMICLIGHTMAP_ON _EMISSION pd=UNITY_ENABLE_REFLECTION_BUFFERS UNITY_USE_DITHER_MASK_FOR_ALPHABLENDED_SHADOWS UNITY_PBS_USE_BRDF1 UNITY_SPECCUBE_BOX_PROJECTION UNITY_SPECCUBE_BLENDING UNITY_ENABLE_DETAIL_NORMALMAP SHADER_API_DESKTOP UNITY_COLORSPACE_GAMMA UNITY_LIGHTMAP_RGBM_ENCODING ok=1
Cmd: compileSnippet
  api=5 type=1 insize=1468 outsize=0 kw=DIRECTIONAL DIRLIGHTMAP_COMBINED DYNAMICLIGHTMAP_ON _ALPHABLEND_ON pd=UNITY_ENABLE_REFLECTION_BUFFERS UNITY_USE_DITHER_MASK_FOR_ALPHABLENDED_SHADOWS UNITY_PBS_USE_BRDF1 UNITY_SPECCUBE_BOX_PROJECTION UNITY_SPECCUBE_BLENDING UNITY_ENABLE_DETAIL_NORMALMAP SHADER_API_DESKTOP UNITY_COLORSPACE_GAMMA UNITY_LIGHTMAP_RGBM_ENCODING ok=1
Cmd: compileSnippet
  api=5 type=1 insize=1468 outsize=0 kw=DIRECTIONAL DIRLIGHTMAP_COMBINED DYNAMICLIGHTMAP_ON _METALLICGLOSSMAP pd=UNITY_ENABLE_REFLECTION_BUFFERS UNITY_USE_DITHER_MASK_FOR_ALPHABLENDED_SHADOWS UNITY_PBS_USE_BRDF1 UNITY_SPECCUBE_BOX_PROJECTION UNITY_SPECCUBE_BLENDING UNITY_ENABLE_DETAIL_NORMALMAP SHADER_API_DESKTOP UNITY_COLORSPACE_GAMMA UNITY_LIGHTMAP_RGBM_ENCODING ok=1
Cmd: compileSnippet
  api=9 type=1 insize=1468 outsize=0 kw=DIRECTIONAL DIRLIGHTMAP_COMBINED DYNAMICLIGHTMAP_ON _EMISSION _METALLICGLOSSMAP _PARALLAXMAP pd=UNITY_ENABLE_REFLECTION_BUFFERS UNITY_USE_DITHER_MASK_FOR_ALPHABLENDED_SHADOWS UNITY_PBS_USE_BRDF1 UNITY_SPECCUBE_BOX_PROJECTION UNITY_SPECCUBE_BLENDING UNITY_ENABLE_DETAIL_NORMALMAP SHADER_API_DESKTOP UNITY_COLORSPACE_GAMMA UNITY_LIGHTMAP_RGBM_ENCODING ok=1
Cmd: compileSnippet
  api=5 type=1 insize=1468 outsize=0 kw=DIRECTIONAL DIRLIGHTMAP_COMBINED DYNAMICLIGHTMAP_ON _EMISSION _SMOOTHNESS_TEXTURE_ALBEDO_CHANNEL_A pd=UNITY_ENABLE_REFLECTION_BUFFERS UNITY_USE_DITHER_MASK_FOR_ALPHABLENDED_SHADOWS UNITY_PBS_USE_BRDF1 UNITY_SPECCUBE_BOX_PROJECTION UNITY_SPECCUBE_BLENDING UNITY_ENABLE_DETAIL_NORMALMAP SHADER_API_DESKTOP UNITY_COLORSPACE_GAMMA UNITY_LIGHTMAP_RGBM_ENCODING ok=1
Cmd: compileSnippet
  api=9 type=1 insize=1468 outsize=0 kw=DIRECTIONAL SHADOWS_SCREEN _EMISSION pd=UNITY_ENABLE_REFLECTION_BUFFERS UNITY_USE_DITHER_MASK_FOR_ALPHABLENDED_SHADOWS UNITY_PBS_USE_BRDF1 UNITY_SPECCUBE_BOX_PROJECTION UNITY_SPECCUBE_BLENDING UNITY_ENABLE_DETAIL_NORMALMAP SHADER_API_DESKTOP UNITY_COLORSPACE_GAMMA UNITY_LIGHTMAP_RGBM_ENCODING ok=1
Cmd: compileSnippet
  api=9 type=1 insize=1468 outsize=0 kw=DIRECTIONAL SHADOWS_SCREEN _EMISSION _ALPHABLEND_ON pd=UNITY_ENABLE_REFLECTION_BUFFERS UNITY_USE_DITHER_MASK_FOR_ALPHABLENDED_SHADOWS UNITY_PBS_USE_BRDF1 UNITY_SPECCUBE_BOX_PROJECTION UNITY_SPECCUBE_BLENDING UNITY_ENABLE_DETAIL_NORMALMAP SHADER_API_DESKTOP UNITY_COLORSPACE_GAMMA UNITY_LIGHTMAP_RGBM_ENCODING ok=1
Cmd: compileSnippet
  api=5 type=1 insize=1468 outsize=0 kw=DIRECTIONAL SHADOWS_SCREEN _EMISSION _METALLICGLOSSMAP pd=UNITY_ENABLE_REFLECTION_BUFFERS UNITY_USE_DITHER_MASK_FOR_ALPHABLENDED_SHADOWS UNITY_PBS_USE_BRDF1 UNITY_SPECCUBE_BOX_PROJECTION UNITY_SPECCUBE_BLENDING UNITY_ENABLE_DETAIL_NORMALMAP SHADER_API_DESKTOP UNITY_COLORSPACE_GAMMA UNITY_LIGHTMAP_RGBM_ENCODING ok=1
Cmd: compileSnippet
  api=5 type=1 insize=1468 outsize=0 kw=DIRECTIONAL SHADOWS_SCREEN _EMISSION _METALLICGLOSSMAP _PARALLAXMAP pd=UNITY_ENABLE_REFLECTION_BUFFERS UNITY_USE_DITHER_MASK_FOR_ALPHABLENDED_SHADOWS UNITY_PBS_USE_BRDF1 UNITY_SPECCUBE_BOX_PROJECTION UNITY_SPECCUBE_BLENDING UNITY_ENABLE_DETAIL_NORMALMAP SHADER_API_DESKTOP UNITY_COLORSPACE_GAMMA UNITY_LIGHTMAP_RGBM_ENCODING ok=1
Cmd: compileSnippet
  api=9 type=1 insize=1468 outsize=0 kw=DIRECTIONAL SHADOWS_SCREEN _EMISSION _SMOOTHNESS_TEXTURE_ALBEDO_CHANNEL_A pd=UNITY_ENABLE_REFLECTION_BUFFERS UNITY_USE_DITHER_MASK_FOR_ALPHABLENDED_SHADOWS UNITY_PBS_USE_BRDF1 UNITY_SPECCUBE_BOX_PROJECTION UNITY_SPECCUBE_BLENDING UNITY_ENABLE_DETAIL_NORMALMAP SHADER_API_DESKTOP UNITY_COLORSPACE_GAMMA UNITY_LIGHTMAP_RGBM_ENCODING ok=1
Cmd: compileSnippet
  api=5 type=1 insize=1468 outsize=0 kw=DIRECTIONAL SHADOWS_SCREEN LIGHTPROBE_SH _EMISSION pd=UNITY_ENABLE_REFLECTION_BUFFERS UNITY_USE_DITHER_MASK_FOR_ALPHABLENDED_SHADOWS UNITY_PBS_USE_BRDF1 UNITY_SPECCUBE_BOX_PROJECTION UNITY_SPECCUBE_BLENDING UNITY_ENABLE_DETAIL_NORMALMAP SHADER_API_DESKTOP UNITY_COLORSPACE_GAMMA UNITY_LIGHTMAP_RGBM_ENCODING ok=1
Cmd: compileSnippet
  api=9 type=1 insize=1468 outsize=0 kw=DIRECTIONAL SHADOWS_SCREEN LIGHTPROBE_SH _ALPHABLEND_ON pd=UNITY_ENABLE_REFLECTION_BUFFERS UNITY_USE_DITHER_MASK_FOR_ALPHABLENDED_SHADOWS UNITY_PBS_USE_BRDF1 UNITY_SPECCUBE_BOX_PROJECTION UNITY_SPECCUBE_BLENDING UNITY_ENABLE_DETAIL_NORMALMAP SHADER_API_DESKTOP UNITY_COLORSPACE_GAMMA UNITY_LIGHTMAP_RGBM_ENCODING ok=1
Cmd: compileSnippet
  api=5 type=1 insize=1468 outsize=0 kw=DIRECTIONAL SHADOWS_SCREEN LIGHTPROBE_SH _METALLICGLOSSMAP pd=UNITY_ENABLE_REFLECTION_BUFFERS UNITY_USE_DITHER_MASK_FOR_ALPHABLENDED_SHADOWS UNITY_PBS_USE_BRDF1 UNITY_SPECCUBE_BOX_PROJECTION UNITY_SPECCUBE_BLENDING UNITY_ENABLE_DETAIL_NORMALMAP SHADER_API_DESKTOP UNITY_COLORSPACE_GAMMA UNITY_LIGHTMAP_RGBM_ENCODING ok=1
Cmd: compileSnippet
  api=5 type=1 insize=1468 outsize=0 kw=DIRECTIONAL SHADOWS_SCREEN LIGHTPROBE_SH _EMISSION _METALLICGLOSSMAP _PARALLAXMAP pd=UNITY_ENABLE_REFLECTION_BUFFERS UNITY_USE_DITHER_MASK_FOR_ALPHABLENDED_SHADOWS UNITY_PBS_USE_BRDF1 UNITY_SPECCUBE_BOX_PROJECTION UNITY_SPECCUBE_BLENDING UNITY_ENABLE_DETAIL_NORMALMAP SHADER_API_DESKTOP UNITY_COLORSPACE_GAMMA UNITY_LIGHTMAP_RGBM_ENCODING ok=1
Cmd: compileSnippet
  api=9 type=1 insize=1468 outsize=0 kw=DIRECTIONAL SHADOWS_SCREEN LIGHTPROBE_SH _SMOOTHNESS_TEXTURE_ALBEDO_CHANNEL_A pd=UNITY_ENABLE_REFLECTION_BUFFERS UNITY_USE_DITHER_MASK_FOR_ALPHABLENDED_SHADOWS UNITY_PBS_USE_BRDF1 UNITY_SPECCUBE_BOX_PROJECTION UNITY_SPECCUBE_BLENDING UNITY_ENABLE_DETAIL_NORMALMAP SHADER_API_DESKTOP UNITY_COLORSPACE_GAMMA UNITY_LIGHTMAP_RGBM_ENCODING ok=1
Cmd: compileSnippet
  api=5 type=1 insize=1468 outsize=0 kw=DIRECTIONAL SHADOWS_SCREEN LIGHTPROBE_SH pd=UNITY_ENABLE_REFLECTION_BUFFERS UNITY_USE_DITHER_MASK_FOR_ALPHABLENDED_SHADOWS UNITY_PBS_USE_BRDF1 UNITY_SPECCUBE_BOX_PROJECTION UNITY_SPECCUBE_BLENDING UNITY_ENABLE_DETAIL_NORMALMAP SHADER_API_DESKTOP UNITY_COLORSPACE_GAMMA UNITY_LIGHTMAP_RGBM_ENCODING ok=1
Cmd: compileSnippet
  api=9 type=1 insize=1468 outsize=0 kw=DIRECTIONAL SHADOWS_SCREEN DYNAMICLIGHTMAP_ON _EMISSION _ALPHABLEND_ON pd=UNITY_ENABLE_REFLECTION_BUFFERS UNITY_USE_DITHER_MASK_FOR_ALPHABLENDED_SHADOWS UNITY_PBS_USE_BRDF1 UNITY_SPECCUBE_BOX_PROJECTION UNITY_SPECCUBE_BLENDING UNITY_ENABLE_DETAIL_NORMALMAP SHADER_API_DESKTOP UNITY_COLORSPACE_GAMMA UNITY_LIGHTMAP_RGBM_ENCODING ok=1
Cmd: compileSnippet
  api=9 type=1 insize=1468 outsize=0 kw=DIRECTIONAL SHADOWS_SCREEN DYNAMICLIGHTMAP_ON _EMISSION _METALLICGLOSSMAP pd=UNITY_ENABLE_REFLECTION_BUFFERS UNITY_USE_DITHER_MASK_FOR_ALPHABLENDED_SHADOWS UNITY_PBS_USE_BRDF1 UNITY_SPECCUBE_BOX_PROJECTION UNITY_SPECCUBE_BLENDING UNITY_ENABLE_DETAIL_NORMALMAP SHADER_API_DESKTOP UNITY_COLORSPACE_GAMMA UNITY_LIGHTMAP_RGBM_ENCODING ok=1
Cmd: compileSnippet
  api=9 type=1 insize=1468 outsize=0 kw=DIRECTIONAL SHADOWS_SCREEN DYNAMICLIGHTMAP_ON _EMISSION _METALLICGLOSSMAP _PARALLAXMAP pd=UNITY_ENABLE_REFLECTION_BUFFERS UNITY_USE_DITHER_MASK_FOR_ALPHABLENDED_SHADOWS UNITY_PBS_USE_BRDF1 UNITY_SPECCUBE_BOX_PROJECTION UNITY_SPECCUBE_BLENDING UNITY_ENABLE_DETAIL_NORMALMAP SHADER_API_DESKTOP UNITY_COLORSPACE_GAMMA UNITY_LIGHTMAP_RGBM_ENCODING ok=1
Cmd: compileSnippet
  api=9 type=1 insize=1468 outsize=0 kw=DIRECTIONAL SHADOWS_SCREEN DYNAMICLIGHTMAP_ON _EMISSION _SMOOTHNESS_TEXTURE_ALBEDO_CHANNEL_A pd=UNITY_ENABLE_REFLECTION_BUFFERS UNITY_USE_DITHER_MASK_FOR_ALPHABLENDED_SHADOWS UNITY_PBS_USE_BRDF1 UNITY_SPECCUBE_BOX_PROJECTION UNITY_SPECCUBE_BLENDING UNITY_ENABLE_DETAIL_NORMALMAP SHADER_API_DESKTOP UNITY_COLORSPACE_GAMMA UNITY_LIGHTMAP_RGBM_ENCODING ok=1
Cmd: compileSnippet
  api=9 type=1 insize=1468 outsize=0 kw=DIRECTIONAL SHADOWS_SCREEN DIRLIGHTMAP_COMBINED DYNAMICLIGHTMAP_ON _EMISSION pd=UNITY_ENABLE_REFLECTION_BUFFERS UNITY_USE_DITHER_MASK_FOR_ALPHABLENDED_SHADOWS UNITY_PBS_USE_BRDF1 UNITY_SPECCUBE_BOX_PROJECTION UNITY_SPECCUBE_BLENDING UNITY_ENABLE_DETAIL_NORMALMAP SHADER_API_DESKTOP UNITY_COLORSPACE_GAMMA UNITY_LIGHTMAP_RGBM_ENCODING ok=1
Cmd: compileSnippet
  api=9 type=1 insize=1468 outsize=0 kw=DIRECTIONAL SHADOWS_SCREEN DIRLIGHTMAP_COMBINED DYNAMICLIGHTMAP_ON _ALPHABLEND_ON pd=UNITY_ENABLE_REFLECTION_BUFFERS UNITY_USE_DITHER_MASK_FOR_ALPHABLENDED_SHADOWS UNITY_PBS_USE_BRDF1 UNITY_SPECCUBE_BOX_PROJECTION UNITY_SPECCUBE_BLENDING UNITY_ENABLE_DETAIL_NORMALMAP SHADER_API_DESKTOP UNITY_COLORSPACE_GAMMA UNITY_LIGHTMAP_RGBM_ENCODING ok=1
Cmd: compileSnippet
  api=5 type=1 insize=1468 outsize=0 kw=DIRECTIONAL SHADOWS_SCREEN DIRLIGHTMAP_COMBINED DYNAMICLIGHTMAP_ON _METALLICGLOSSMAP pd=UNITY_ENABLE_REFLECTION_BUFFERS UNITY_USE_DITHER_MASK_FOR_ALPHABLENDED_SHADOWS UNITY_PBS_USE_BRDF1 UNITY_SPECCUBE_BOX_PROJECTION UNITY_SPECCUBE_BLENDING UNITY_ENABLE_DETAIL_NORMALMAP SHADER_API_DESKTOP UNITY_COLORSPACE_GAMMA UNITY_LIGHTMAP_RGBM_ENCODING ok=1
Cmd: compileSnippet
  api=9 type=1 insize=1468 outsize=0 kw=DIRECTIONAL SHADOWS_SCREEN DIRLIGHTMAP_COMBINED DYNAMICLIGHTMAP_ON _METALLICGLOSSMAP _PARALLAXMAP pd=UNITY_ENABLE_REFLECTION_BUFFERS UNITY_USE_DITHER_MASK_FOR_ALPHABLENDED_SHADOWS UNITY_PBS_USE_BRDF1 UNITY_SPECCUBE_BOX_PROJECTION UNITY_SPECCUBE_BLENDING UNITY_ENABLE_DETAIL_NORMALMAP SHADER_API_DESKTOP UNITY_COLORSPACE_GAMMA UNITY_LIGHTMAP_RGBM_ENCODING ok=1
Cmd: compileSnippet
  api=5 type=1 insize=1468 outsize=0 kw=DIRECTIONAL SHADOWS_SCREEN DIRLIGHTMAP_COMBINED DYNAMICLIGHTMAP_ON _SMOOTHNESS_TEXTURE_ALBEDO_CHANNEL_A pd=UNITY_ENABLE_REFLECTION_BUFFERS UNITY_USE_DITHER_MASK_FOR_ALPHABLENDED_SHADOWS UNITY_PBS_USE_BRDF1 UNITY_SPECCUBE_BOX_PROJECTION UNITY_SPECCUBE_BLENDING UNITY_ENABLE_DETAIL_NORMALMAP SHADER_API_DESKTOP UNITY_COLORSPACE_GAMMA UNITY_LIGHTMAP_RGBM_ENCODING ok=1
Cmd: compileSnippet
  api=5 type=1 insize=1468 outsize=0 kw=DIRECTIONAL _EMISSION pd=UNITY_ENABLE_REFLECTION_BUFFERS UNITY_USE_DITHER_MASK_FOR_ALPHABLENDED_SHADOWS UNITY_PBS_USE_BRDF1 UNITY_SPECCUBE_BOX_PROJECTION UNITY_SPECCUBE_BLENDING UNITY_ENABLE_DETAIL_NORMALMAP SHADER_API_DESKTOP UNITY_COLORSPACE_GAMMA UNITY_LIGHTMAP_RGBM_ENCODING ok=1
Cmd: compileSnippet
  api=9 type=1 insize=1468 outsize=0 kw=DIRECTIONAL _ALPHABLEND_ON pd=UNITY_ENABLE_REFLECTION_BUFFERS UNITY_USE_DITHER_MASK_FOR_ALPHABLENDED_SHADOWS UNITY_PBS_USE_BRDF1 UNITY_SPECCUBE_BOX_PROJECTION UNITY_SPECCUBE_BLENDING UNITY_ENABLE_DETAIL_NORMALMAP SHADER_API_DESKTOP UNITY_COLORSPACE_GAMMA UNITY_LIGHTMAP_RGBM_ENCODING ok=1
Cmd: compileSnippet
  api=5 type=1 insize=1468 outsize=0 kw=DIRECTIONAL _EMISSION _METALLICGLOSSMAP pd=UNITY_ENABLE_REFLECTION_BUFFERS UNITY_USE_DITHER_MASK_FOR_ALPHABLENDED_SHADOWS UNITY_PBS_USE_BRDF1 UNITY_SPECCUBE_BOX_PROJECTION UNITY_SPECCUBE_BLENDING UNITY_ENABLE_DETAIL_NORMALMAP SHADER_API_DESKTOP UNITY_COLORSPACE_GAMMA UNITY_LIGHTMAP_RGBM_ENCODING ok=1
Cmd: compileSnippet
  api=5 type=1 insize=1468 outsize=0 kw=DIRECTIONAL _EMISSION _METALLICGLOSSMAP _PARALLAXMAP pd=UNITY_ENABLE_REFLECTION_BUFFERS UNITY_USE_DITHER_MASK_FOR_ALPHABLENDED_SHADOWS UNITY_PBS_USE_BRDF1 UNITY_SPECCUBE_BOX_PROJECTION UNITY_SPECCUBE_BLENDING UNITY_ENABLE_DETAIL_NORMALMAP SHADER_API_DESKTOP UNITY_COLORSPACE_GAMMA UNITY_LIGHTMAP_RGBM_ENCODING ok=1
Cmd: compileSnippet
  api=9 type=1 insize=1468 outsize=0 kw=DIRECTIONAL _EMISSION _SMOOTHNESS_TEXTURE_ALBEDO_CHANNEL_A pd=UNITY_ENABLE_REFLECTION_BUFFERS UNITY_USE_DITHER_MASK_FOR_ALPHABLENDED_SHADOWS UNITY_PBS_USE_BRDF1 UNITY_SPECCUBE_BOX_PROJECTION UNITY_SPECCUBE_BLENDING UNITY_ENABLE_DETAIL_NORMALMAP SHADER_API_DESKTOP UNITY_COLORSPACE_GAMMA UNITY_LIGHTMAP_RGBM_ENCODING ok=1
Cmd: compileSnippet
  api=9 type=0 insize=1330 outsize=8291 kw=POINT pd=UNITY_ENABLE_REFLECTION_BUFFERS UNITY_USE_DITHER_MASK_FOR_ALPHABLENDED_SHADOWS UNITY_PBS_USE_BRDF1 UNITY_SPECCUBE_BOX_PROJECTION UNITY_SPECCUBE_BLENDING UNITY_ENABLE_DETAIL_NORMALMAP SHADER_API_DESKTOP UNITY_COLORSPACE_GAMMA UNITY_LIGHTMAP_RGBM_ENCODING ok=1
Cmd: compileSnippet
  api=9 type=0 insize=1330 outsize=10432 kw=DIRECTIONAL _METALLICGLOSSMAP _PARALLAXMAP pd=UNITY_ENABLE_REFLECTION_BUFFERS UNITY_USE_DITHER_MASK_FOR_ALPHABLENDED_SHADOWS UNITY_PBS_USE_BRDF1 UNITY_SPECCUBE_BOX_PROJECTION UNITY_SPECCUBE_BLENDING UNITY_ENABLE_DETAIL_NORMALMAP SHADER_API_DESKTOP UNITY_COLORSPACE_GAMMA UNITY_LIGHTMAP_RGBM_ENCODING ok=1
Cmd: compileSnippet
  api=5 type=0 insize=1330 outsize=7722 kw=SPOT _ALPHABLEND_ON pd=UNITY_ENABLE_REFLECTION_BUFFERS UNITY_USE_DITHER_MASK_FOR_ALPHABLENDED_SHADOWS UNITY_PBS_USE_BRDF1 UNITY_SPECCUBE_BOX_PROJECTION UNITY_SPECCUBE_BLENDING UNITY_ENABLE_DETAIL_NORMALMAP SHADER_API_DESKTOP UNITY_COLORSPACE_GAMMA UNITY_LIGHTMAP_RGBM_ENCODING ok=1
Cmd: compileSnippet
  api=9 type=0 insize=1330 outsize=8785 kw=SPOT _METALLICGLOSSMAP pd=UNITY_ENABLE_REFLECTION_BUFFERS UNITY_USE_DITHER_MASK_FOR_ALPHABLENDED_SHADOWS UNITY_PBS_USE_BRDF1 UNITY_SPECCUBE_BOX_PROJECTION UNITY_SPECCUBE_BLENDING UNITY_ENABLE_DETAIL_NORMALMAP SHADER_API_DESKTOP UNITY_COLORSPACE_GAMMA UNITY_LIGHTMAP_RGBM_ENCODING ok=1
Cmd: compileSnippet
  api=5 type=0 insize=1330 outsize=7648 kw=SPOT pd=UNITY_ENABLE_REFLECTION_BUFFERS UNITY_USE_DITHER_MASK_FOR_ALPHABLENDED_SHADOWS UNITY_PBS_USE_BRDF1 UNITY_SPECCUBE_BOX_PROJECTION UNITY_SPECCUBE_BLENDING UNITY_ENABLE_DETAIL_NORMALMAP SHADER_API_DESKTOP UNITY_COLORSPACE_GAMMA UNITY_LIGHTMAP_RGBM_ENCODING ok=1
Cmd: compileSnippet
  api=5 type=0 insize=1330 outsize=7454 kw=POINT_COOKIE _ALPHABLEND_ON pd=UNITY_ENABLE_REFLECTION_BUFFERS UNITY_USE_DITHER_MASK_FOR_ALPHABLENDED_SHADOWS UNITY_PBS_USE_BRDF1 UNITY_SPECCUBE_BOX_PROJECTION UNITY_SPECCUBE_BLENDING UNITY_ENABLE_DETAIL_NORMALMAP SHADER_API_DESKTOP UNITY_COLORSPACE_GAMMA UNITY_LIGHTMAP_RGBM_ENCODING ok=1
Cmd: compileSnippet
  api=9 type=0 insize=1330 outsize=8542 kw=POINT_COOKIE _METALLICGLOSSMAP pd=UNITY_ENABLE_REFLECTION_BUFFERS UNITY_USE_DITHER_MASK_FOR_ALPHABLENDED_SHADOWS UNITY_PBS_USE_BRDF1 UNITY_SPECCUBE_BOX_PROJECTION UNITY_SPECCUBE_BLENDING UNITY_ENABLE_DETAIL_NORMALMAP SHADER_API_DESKTOP UNITY_COLORSPACE_GAMMA UNITY_LIGHTMAP_RGBM_ENCODING ok=1
Cmd: compileSnippet
  api=5 type=0 insize=1330 outsize=7380 kw=POINT_COOKIE pd=UNITY_ENABLE_REFLECTION_BUFFERS UNITY_USE_DITHER_MASK_FOR_ALPHABLENDED_SHADOWS UNITY_PBS_USE_BRDF1 UNITY_SPECCUBE_BOX_PROJECTION UNITY_SPECCUBE_BLENDING UNITY_ENABLE_DETAIL_NORMALMAP SHADER_API_DESKTOP UNITY_COLORSPACE_GAMMA UNITY_LIGHTMAP_RGBM_ENCODING ok=1
Cmd: compileSnippet
  api=9 type=0 insize=1330 outsize=8011 kw=DIRECTIONAL_COOKIE _ALPHABLEND_ON pd=UNITY_ENABLE_REFLECTION_BUFFERS UNITY_USE_DITHER_MASK_FOR_ALPHABLENDED_SHADOWS UNITY_PBS_USE_BRDF1 UNITY_SPECCUBE_BOX_PROJECTION UNITY_SPECCUBE_BLENDING UNITY_ENABLE_DETAIL_NORMALMAP SHADER_API_DESKTOP UNITY_COLORSPACE_GAMMA UNITY_LIGHTMAP_RGBM_ENCODING ok=1
Cmd: compileSnippet
  api=5 type=0 insize=1330 outsize=6972 kw=DIRECTIONAL_COOKIE _SMOOTHNESS_TEXTURE_ALBEDO_CHANNEL_A pd=UNITY_ENABLE_REFLECTION_BUFFERS UNITY_USE_DITHER_MASK_FOR_ALPHABLENDED_SHADOWS UNITY_PBS_USE_BRDF1 UNITY_SPECCUBE_BOX_PROJECTION UNITY_SPECCUBE_BLENDING UNITY_ENABLE_DETAIL_NORMALMAP SHADER_API_DESKTOP UNITY_COLORSPACE_GAMMA UNITY_LIGHTMAP_RGBM_ENCODING ok=1
Cmd: compileSnippet
  api=9 type=0 insize=1330 outsize=8098 kw=DIRECTIONAL_COOKIE pd=UNITY_ENABLE_REFLECTION_BUFFERS UNITY_USE_DITHER_MASK_FOR_ALPHABLENDED_SHADOWS UNITY_PBS_USE_BRDF1 UNITY_SPECCUBE_BOX_PROJECTION UNITY_SPECCUBE_BLENDING UNITY_ENABLE_DETAIL_NORMALMAP SHADER_API_DESKTOP UNITY_COLORSPACE_GAMMA UNITY_LIGHTMAP_RGBM_ENCODING ok=1
Cmd: compileSnippet
  api=5 type=0 insize=1330 outsize=12909 kw=SPOT SHADOWS_DEPTH _METALLICGLOSSMAP _PARALLAXMAP pd=UNITY_ENABLE_REFLECTION_BUFFERS UNITY_USE_DITHER_MASK_FOR_ALPHABLENDED_SHADOWS UNITY_PBS_USE_BRDF1 UNITY_SPECCUBE_BOX_PROJECTION UNITY_SPECCUBE_BLENDING UNITY_ENABLE_DETAIL_NORMALMAP SHADER_API_DESKTOP UNITY_COLORSPACE_GAMMA UNITY_LIGHTMAP_RGBM_ENCODING ok=1
Cmd: compileSnippet
  api=9 type=0 insize=1330 outsize=10674 kw=SPOT SHADOWS_DEPTH _SMOOTHNESS_TEXTURE_ALBEDO_CHANNEL_A pd=UNITY_ENABLE_REFLECTION_BUFFERS UNITY_USE_DITHER_MASK_FOR_ALPHABLENDED_SHADOWS UNITY_PBS_USE_BRDF1 UNITY_SPECCUBE_BOX_PROJECTION UNITY_SPECCUBE_BLENDING UNITY_ENABLE_DETAIL_NORMALMAP SHADER_API_DESKTOP UNITY_COLORSPACE_GAMMA UNITY_LIGHTMAP_RGBM_ENCODING ok=1
Cmd: compileSnippet
  api=5 type=0 insize=1330 outsize=10455 kw=SPOT SHADOWS_DEPTH SHADOWS_SOFT _METALLICGLOSSMAP pd=UNITY_ENABLE_REFLECTION_BUFFERS UNITY_USE_DITHER_MASK_FOR_ALPHABLENDED_SHADOWS UNITY_PBS_USE_BRDF1 UNITY_SPECCUBE_BOX_PROJECTION UNITY_SPECCUBE_BLENDING UNITY_ENABLE_DETAIL_NORMALMAP SHADER_API_DESKTOP UNITY_COLORSPACE_GAMMA UNITY_LIGHTMAP_RGBM_ENCODING ok=1
Cmd: compileSnippet
  api=9 type=0 insize=1330 outsize=14079 kw=SPOT SHADOWS_DEPTH SHADOWS_SOFT _METALLICGLOSSMAP _PARALLAXMAP pd=UNITY_ENABLE_REFLECTION_BUFFERS UNITY_USE_DITHER_MASK_FOR_ALPHABLENDED_SHADOWS UNITY_PBS_USE_BRDF1 UNITY_SPECCUBE_BOX_PROJECTION UNITY_SPECCUBE_BLENDING UNITY_ENABLE_DETAIL_NORMALMAP SHADER_API_DESKTOP UNITY_COLORSPACE_GAMMA UNITY_LIGHTMAP_RGBM_ENCODING ok=1
Cmd: compileSnippet
  api=5 type=0 insize=1330 outsize=8146 kw=DIRECTIONAL SHADOWS_SCREEN _ALPHABLEND_ON pd=UNITY_ENABLE_REFLECTION_BUFFERS UNITY_USE_DITHER_MASK_FOR_ALPHABLENDED_SHADOWS UNITY_PBS_USE_BRDF1 UNITY_SPECCUBE_BOX_PROJECTION UNITY_SPECCUBE_BLENDING UNITY_ENABLE_DETAIL_NORMALMAP SHADER_API_DESKTOP UNITY_COLORSPACE_GAMMA UNITY_LIGHTMAP_RGBM_ENCODING ok=1
Cmd: compileSnippet
  api=9 type=0 insize=1330 outsize=9311 kw=DIRECTIONAL SHADOWS_SCREEN _METALLICGLOSSMAP pd=UNITY_ENABLE_REFLECTION_BUFFERS UNITY_USE_DITHER_MASK_FOR_ALPHABLENDED_SHADOWS UNITY_PBS_USE_BRDF1 UNITY_SPECCUBE_BOX_PROJECTION UNITY_SPECCUBE_BLENDING UNITY_ENABLE_DETAIL_NORMALMAP SHADER_API_DESKTOP UNITY_COLORSPACE_GAMMA UNITY_LIGHTMAP_RGBM_ENCODING ok=1
Cmd: compileSnippet
  api=5 type=0 insize=1330 outsize=8074 kw=DIRECTIONAL SHADOWS_SCREEN pd=UNITY_ENABLE_REFLECTION_BUFFERS UNITY_USE_DITHER_MASK_FOR_ALPHABLENDED_SHADOWS UNITY_PBS_USE_BRDF1 UNITY_SPECCUBE_BOX_PROJECTION UNITY_SPECCUBE_BLENDING UNITY_ENABLE_DETAIL_NORMALMAP SHADER_API_DESKTOP UNITY_COLORSPACE_GAMMA UNITY_LIGHTMAP_RGBM_ENCODING ok=1
Cmd: compileSnippet
  api=9 type=0 insize=1330 outsize=9602 kw=DIRECTIONAL_COOKIE SHADOWS_SCREEN _ALPHABLEND_ON pd=UNITY_ENABLE_REFLECTION_BUFFERS UNITY_USE_DITHER_MASK_FOR_ALPHABLENDED_SHADOWS UNITY_PBS_USE_BRDF1 UNITY_SPECCUBE_BOX_PROJECTION UNITY_SPECCUBE_BLENDING UNITY_ENABLE_DETAIL_NORMALMAP SHADER_API_DESKTOP UNITY_COLORSPACE_GAMMA UNITY_LIGHTMAP_RGBM_ENCODING ok=1
Cmd: compileSnippet
  api=5 type=0 insize=1330 outsize=8421 kw=DIRECTIONAL_COOKIE SHADOWS_SCREEN _SMOOTHNESS_TEXTURE_ALBEDO_CHANNEL_A pd=UNITY_ENABLE_REFLECTION_BUFFERS UNITY_USE_DITHER_MASK_FOR_ALPHABLENDED_SHADOWS UNITY_PBS_USE_BRDF1 UNITY_SPECCUBE_BOX_PROJECTION UNITY_SPECCUBE_BLENDING UNITY_ENABLE_DETAIL_NORMALMAP SHADER_API_DESKTOP UNITY_COLORSPACE_GAMMA UNITY_LIGHTMAP_RGBM_ENCODING ok=1
Cmd: compileSnippet
  api=9 type=0 insize=1330 outsize=9687 kw=DIRECTIONAL_COOKIE SHADOWS_SCREEN pd=UNITY_ENABLE_REFLECTION_BUFFERS UNITY_USE_DITHER_MASK_FOR_ALPHABLENDED_SHADOWS UNITY_PBS_USE_BRDF1 UNITY_SPECCUBE_BOX_PROJECTION UNITY_SPECCUBE_BLENDING UNITY_ENABLE_DETAIL_NORMALMAP SHADER_API_DESKTOP UNITY_COLORSPACE_GAMMA UNITY_LIGHTMAP_RGBM_ENCODING ok=1
Cmd: compileSnippet
  api=9 type=0 insize=1330 outsize=10267 kw=POINT SHADOWS_CUBE _METALLICGLOSSMAP pd=UNITY_ENABLE_REFLECTION_BUFFERS UNITY_USE_DITHER_MASK_FOR_ALPHABLENDED_SHADOWS UNITY_PBS_USE_BRDF1 UNITY_SPECCUBE_BOX_PROJECTION UNITY_SPECCUBE_BLENDING UNITY_ENABLE_DETAIL_NORMALMAP SHADER_API_DESKTOP UNITY_COLORSPACE_GAMMA UNITY_LIGHTMAP_RGBM_ENCODING ok=1
Cmd: compileSnippet
  api=5 type=0 insize=1330 outsize=9002 kw=POINT SHADOWS_CUBE pd=UNITY_ENABLE_REFLECTION_BUFFERS UNITY_USE_DITHER_MASK_FOR_ALPHABLENDED_SHADOWS UNITY_PBS_USE_BRDF1 UNITY_SPECCUBE_BOX_PROJECTION UNITY_SPECCUBE_BLENDING UNITY_ENABLE_DETAIL_NORMALMAP SHADER_API_DESKTOP UNITY_COLORSPACE_GAMMA UNITY_LIGHTMAP_RGBM_ENCODING ok=1
Cmd: compileSnippet
  api=9 type=0 insize=1330 outsize=11075 kw=POINT SHADOWS_CUBE SHADOWS_SOFT _ALPHABLEND_ON pd=UNITY_ENABLE_REFLECTION_BUFFERS UNITY_USE_DITHER_MASK_FOR_ALPHABLENDED_SHADOWS UNITY_PBS_USE_BRDF1 UNITY_SPECCUBE_BOX_PROJECTION UNITY_SPECCUBE_BLENDING UNITY_ENABLE_DETAIL_NORMALMAP SHADER_API_DESKTOP UNITY_COLORSPACE_GAMMA UNITY_LIGHTMAP_RGBM_ENCODING ok=1
Cmd: compileSnippet
  api=5 type=0 insize=1330 outsize=11113 kw=POINT SHADOWS_CUBE SHADOWS_SOFT _SMOOTHNESS_TEXTURE_ALBEDO_CHANNEL_A pd=UNITY_ENABLE_REFLECTION_BUFFERS UNITY_USE_DITHER_MASK_FOR_ALPHABLENDED_SHADOWS UNITY_PBS_USE_BRDF1 UNITY_SPECCUBE_BOX_PROJECTION UNITY_SPECCUBE_BLENDING UNITY_ENABLE_DETAIL_NORMALMAP SHADER_API_DESKTOP UNITY_COLORSPACE_GAMMA UNITY_LIGHTMAP_RGBM_ENCODING ok=1
Cmd: compileSnippet
  api=9 type=0 insize=1330 outsize=11158 kw=POINT SHADOWS_CUBE SHADOWS_SOFT pd=UNITY_ENABLE_REFLECTION_BUFFERS UNITY_USE_DITHER_MASK_FOR_ALPHABLENDED_SHADOWS UNITY_PBS_USE_BRDF1 UNITY_SPECCUBE_BOX_PROJECTION UNITY_SPECCUBE_BLENDING UNITY_ENABLE_DETAIL_NORMALMAP SHADER_API_DESKTOP UNITY_COLORSPACE_GAMMA UNITY_LIGHTMAP_RGBM_ENCODING ok=1
Cmd: compileSnippet
  api=5 type=0 insize=1330 outsize=12728 kw=POINT_COOKIE SHADOWS_CUBE _METALLICGLOSSMAP _PARALLAXMAP pd=UNITY_ENABLE_REFLECTION_BUFFERS UNITY_USE_DITHER_MASK_FOR_ALPHABLENDED_SHADOWS UNITY_PBS_USE_BRDF1 UNITY_SPECCUBE_BOX_PROJECTION UNITY_SPECCUBE_BLENDING UNITY_ENABLE_DETAIL_NORMALMAP SHADER_API_DESKTOP UNITY_COLORSPACE_GAMMA UNITY_LIGHTMAP_RGBM_ENCODING ok=1
Cmd: compileSnippet
  api=9 type=0 insize=1330 outsize=10301 kw=POINT_COOKIE SHADOWS_CUBE _SMOOTHNESS_TEXTURE_ALBEDO_CHANNEL_A pd=UNITY_ENABLE_REFLECTION_BUFFERS UNITY_USE_DITHER_MASK_FOR_ALPHABLENDED_SHADOWS UNITY_PBS_USE_BRDF1 UNITY_SPECCUBE_BOX_PROJECTION UNITY_SPECCUBE_BLENDING UNITY_ENABLE_DETAIL_NORMALMAP SHADER_API_DESKTOP UNITY_COLORSPACE_GAMMA UNITY_LIGHTMAP_RGBM_ENCODING ok=1
Cmd: compileSnippet
  api=5 type=0 insize=1330 outsize=11282 kw=POINT_COOKIE SHADOWS_CUBE SHADOWS_SOFT _METALLICGLOSSMAP pd=UNITY_ENABLE_REFLECTION_BUFFERS UNITY_USE_DITHER_MASK_FOR_ALPHABLENDED_SHADOWS UNITY_PBS_USE_BRDF1 UNITY_SPECCUBE_BOX_PROJECTION UNITY_SPECCUBE_BLENDING UNITY_ENABLE_DETAIL_NORMALMAP SHADER_API_DESKTOP UNITY_COLORSPACE_GAMMA UNITY_LIGHTMAP_RGBM_ENCODING ok=1
Cmd: compileSnippet
  api=9 type=0 insize=1330 outsize=14132 kw=POINT_COOKIE SHADOWS_CUBE SHADOWS_SOFT _METALLICGLOSSMAP _PARALLAXMAP pd=UNITY_ENABLE_REFLECTION_BUFFERS UNITY_USE_DITHER_MASK_FOR_ALPHABLENDED_SHADOWS UNITY_PBS_USE_BRDF1 UNITY_SPECCUBE_BOX_PROJECTION UNITY_SPECCUBE_BLENDING UNITY_ENABLE_DETAIL_NORMALMAP SHADER_API_DESKTOP UNITY_COLORSPACE_GAMMA UNITY_LIGHTMAP_RGBM_ENCODING ok=1
Cmd: compileSnippet
  api=5 type=0 insize=1330 outsize=7361 kw=POINT _ALPHABLEND_ON pd=UNITY_ENABLE_REFLECTION_BUFFERS UNITY_USE_DITHER_MASK_FOR_ALPHABLENDED_SHADOWS UNITY_PBS_USE_BRDF1 UNITY_SPECCUBE_BOX_PROJECTION UNITY_SPECCUBE_BLENDING UNITY_ENABLE_DETAIL_NORMALMAP SHADER_API_DESKTOP UNITY_COLORSPACE_GAMMA UNITY_LIGHTMAP_RGBM_ENCODING ok=1
Cmd: compileSnippet
  api=9 type=0 insize=1330 outsize=8422 kw=POINT _METALLICGLOSSMAP pd=UNITY_ENABLE_REFLECTION_BUFFERS UNITY_USE_DITHER_MASK_FOR_ALPHABLENDED_SHADOWS UNITY_PBS_USE_BRDF1 UNITY_SPECCUBE_BOX_PROJECTION UNITY_SPECCUBE_BLENDING UNITY_ENABLE_DETAIL_NORMALMAP SHADER_API_DESKTOP UNITY_COLORSPACE_GAMMA UNITY_LIGHTMAP_RGBM_ENCODING ok=1
Cmd: compileSnippet
  api=9 type=1 insize=1330 outsize=0 kw=POINT pd=UNITY_ENABLE_REFLECTION_BUFFERS UNITY_USE_DITHER_MASK_FOR_ALPHABLENDED_SHADOWS UNITY_PBS_USE_BRDF1 UNITY_SPECCUBE_BOX_PROJECTION UNITY_SPECCUBE_BLENDING UNITY_ENABLE_DETAIL_NORMALMAP SHADER_API_DESKTOP UNITY_COLORSPACE_GAMMA UNITY_LIGHTMAP_RGBM_ENCODING ok=1
Cmd: compileSnippet
  api=9 type=1 insize=1330 outsize=0 kw=DIRECTIONAL _METALLICGLOSSMAP pd=UNITY_ENABLE_REFLECTION_BUFFERS UNITY_USE_DITHER_MASK_FOR_ALPHABLENDED_SHADOWS UNITY_PBS_USE_BRDF1 UNITY_SPECCUBE_BOX_PROJECTION UNITY_SPECCUBE_BLENDING UNITY_ENABLE_DETAIL_NORMALMAP SHADER_API_DESKTOP UNITY_COLORSPACE_GAMMA UNITY_LIGHTMAP_RGBM_ENCODING ok=1
Cmd: compileSnippet
  api=5 type=1 insize=1330 outsize=0 kw=DIRECTIONAL _SMOOTHNESS_TEXTURE_ALBEDO_CHANNEL_A pd=UNITY_ENABLE_REFLECTION_BUFFERS UNITY_USE_DITHER_MASK_FOR_ALPHABLENDED_SHADOWS UNITY_PBS_USE_BRDF1 UNITY_SPECCUBE_BOX_PROJECTION UNITY_SPECCUBE_BLENDING UNITY_ENABLE_DETAIL_NORMALMAP SHADER_API_DESKTOP UNITY_COLORSPACE_GAMMA UNITY_LIGHTMAP_RGBM_ENCODING ok=1
Cmd: compileSnippet
  api=9 type=1 insize=1330 outsize=0 kw=SPOT _ALPHABLEND_ON pd=UNITY_ENABLE_REFLECTION_BUFFERS UNITY_USE_DITHER_MASK_FOR_ALPHABLENDED_SHADOWS UNITY_PBS_USE_BRDF1 UNITY_SPECCUBE_BOX_PROJECTION UNITY_SPECCUBE_BLENDING UNITY_ENABLE_DETAIL_NORMALMAP SHADER_API_DESKTOP UNITY_COLORSPACE_GAMMA UNITY_LIGHTMAP_RGBM_ENCODING ok=1
Cmd: compileSnippet
  api=5 type=1 insize=1330 outsize=0 kw=SPOT _SMOOTHNESS_TEXTURE_ALBEDO_CHANNEL_A pd=UNITY_ENABLE_REFLECTION_BUFFERS UNITY_USE_DITHER_MASK_FOR_ALPHABLENDED_SHADOWS UNITY_PBS_USE_BRDF1 UNITY_SPECCUBE_BOX_PROJECTION UNITY_SPECCUBE_BLENDING UNITY_ENABLE_DETAIL_NORMALMAP SHADER_API_DESKTOP UNITY_COLORSPACE_GAMMA UNITY_LIGHTMAP_RGBM_ENCODING ok=1
Cmd: compileSnippet
  api=9 type=1 insize=1330 outsize=0 kw=POINT_COOKIE _ALPHABLEND_ON pd=UNITY_ENABLE_REFLECTION_BUFFERS UNITY_USE_DITHER_MASK_FOR_ALPHABLENDED_SHADOWS UNITY_PBS_USE_BRDF1 UNITY_SPECCUBE_BOX_PROJECTION UNITY_SPECCUBE_BLENDING UNITY_ENABLE_DETAIL_NORMALMAP SHADER_API_DESKTOP UNITY_COLORSPACE_GAMMA UNITY_LIGHTMAP_RGBM_ENCODING ok=1
Cmd: compileSnippet
  api=9 type=1 insize=1330 outsize=0 kw=POINT_COOKIE _METALLICGLOSSMAP _PARALLAXMAP pd=UNITY_ENABLE_REFLECTION_BUFFERS UNITY_USE_DITHER_MASK_FOR_ALPHABLENDED_SHADOWS UNITY_PBS_USE_BRDF1 UNITY_SPECCUBE_BOX_PROJECTION UNITY_SPECCUBE_BLENDING UNITY_ENABLE_DETAIL_NORMALMAP SHADER_API_DESKTOP UNITY_COLORSPACE_GAMMA UNITY_LIGHTMAP_RGBM_ENCODING ok=1
Cmd: compileSnippet
  api=9 type=1 insize=1330 outsize=0 kw=POINT_COOKIE pd=UNITY_ENABLE_REFLECTION_BUFFERS UNITY_USE_DITHER_MASK_FOR_ALPHABLENDED_SHADOWS UNITY_PBS_USE_BRDF1 UNITY_SPECCUBE_BOX_PROJECTION UNITY_SPECCUBE_BLENDING UNITY_ENABLE_DETAIL_NORMALMAP SHADER_API_DESKTOP UNITY_COLORSPACE_GAMMA UNITY_LIGHTMAP_RGBM_ENCODING ok=1
Cmd: compileSnippet
  api=5 type=1 insize=1330 outsize=0 kw=DIRECTIONAL_COOKIE _METALLICGLOSSMAP pd=UNITY_ENABLE_REFLECTION_BUFFERS UNITY_USE_DITHER_MASK_FOR_ALPHABLENDED_SHADOWS UNITY_PBS_USE_BRDF1 UNITY_SPECCUBE_BOX_PROJECTION UNITY_SPECCUBE_BLENDING UNITY_ENABLE_DETAIL_NORMALMAP SHADER_API_DESKTOP UNITY_COLORSPACE_GAMMA UNITY_LIGHTMAP_RGBM_ENCODING ok=1
Cmd: compileSnippet
  api=5 type=1 insize=1330 outsize=0 kw=DIRECTIONAL_COOKIE _SMOOTHNESS_TEXTURE_ALBEDO_CHANNEL_A pd=UNITY_ENABLE_REFLECTION_BUFFERS UNITY_USE_DITHER_MASK_FOR_ALPHABLENDED_SHADOWS UNITY_PBS_USE_BRDF1 UNITY_SPECCUBE_BOX_PROJECTION UNITY_SPECCUBE_BLENDING UNITY_ENABLE_DETAIL_NORMALMAP SHADER_API_DESKTOP UNITY_COLORSPACE_GAMMA UNITY_LIGHTMAP_RGBM_ENCODING ok=1
Cmd: compileSnippet
  api=9 type=1 insize=1330 outsize=0 kw=DIRECTIONAL_COOKIE pd=UNITY_ENABLE_REFLECTION_BUFFERS UNITY_USE_DITHER_MASK_FOR_ALPHABLENDED_SHADOWS UNITY_PBS_USE_BRDF1 UNITY_SPECCUBE_BOX_PROJECTION UNITY_SPECCUBE_BLENDING UNITY_ENABLE_DETAIL_NORMALMAP SHADER_API_DESKTOP UNITY_COLORSPACE_GAMMA UNITY_LIGHTMAP_RGBM_ENCODING ok=1
Cmd: compileSnippet
  api=5 type=1 insize=1330 outsize=0 kw=SPOT SHADOWS_DEPTH _METALLICGLOSSMAP _PARALLAXMAP pd=UNITY_ENABLE_REFLECTION_BUFFERS UNITY_USE_DITHER_MASK_FOR_ALPHABLENDED_SHADOWS UNITY_PBS_USE_BRDF1 UNITY_SPECCUBE_BOX_PROJECTION UNITY_SPECCUBE_BLENDING UNITY_ENABLE_DETAIL_NORMALMAP SHADER_API_DESKTOP UNITY_COLORSPACE_GAMMA UNITY_LIGHTMAP_RGBM_ENCODING ok=1
Cmd: compileSnippet
  api=9 type=1 insize=1330 outsize=0 kw=SPOT SHADOWS_DEPTH pd=UNITY_ENABLE_REFLECTION_BUFFERS UNITY_USE_DITHER_MASK_FOR_ALPHABLENDED_SHADOWS UNITY_PBS_USE_BRDF1 UNITY_SPECCUBE_BOX_PROJECTION UNITY_SPECCUBE_BLENDING UNITY_ENABLE_DETAIL_NORMALMAP SHADER_API_DESKTOP UNITY_COLORSPACE_GAMMA UNITY_LIGHTMAP_RGBM_ENCODING ok=1
Cmd: compileSnippet
  api=9 type=1 insize=1330 outsize=0 kw=SPOT SHADOWS_DEPTH SHADOWS_SOFT _METALLICGLOSSMAP pd=UNITY_ENABLE_REFLECTION_BUFFERS UNITY_USE_DITHER_MASK_FOR_ALPHABLENDED_SHADOWS UNITY_PBS_USE_BRDF1 UNITY_SPECCUBE_BOX_PROJECTION UNITY_SPECCUBE_BLENDING UNITY_ENABLE_DETAIL_NORMALMAP SHADER_API_DESKTOP UNITY_COLORSPACE_GAMMA UNITY_LIGHTMAP_RGBM_ENCODING ok=1
Cmd: compileSnippet
  api=9 type=1 insize=1330 outsize=0 kw=SPOT SHADOWS_DEPTH SHADOWS_SOFT _METALLICGLOSSMAP _PARALLAXMAP pd=UNITY_ENABLE_REFLECTION_BUFFERS UNITY_USE_DITHER_MASK_FOR_ALPHABLENDED_SHADOWS UNITY_PBS_USE_BRDF1 UNITY_SPECCUBE_BOX_PROJECTION UNITY_SPECCUBE_BLENDING UNITY_ENABLE_DETAIL_NORMALMAP SHADER_API_DESKTOP UNITY_COLORSPACE_GAMMA UNITY_LIGHTMAP_RGBM_ENCODING ok=1
Cmd: compileSnippet
  api=9 type=1 insize=1330 outsize=0 kw=SPOT SHADOWS_DEPTH SHADOWS_SOFT pd=UNITY_ENABLE_REFLECTION_BUFFERS UNITY_USE_DITHER_MASK_FOR_ALPHABLENDED_SHADOWS UNITY_PBS_USE_BRDF1 UNITY_SPECCUBE_BOX_PROJECTION UNITY_SPECCUBE_BLENDING UNITY_ENABLE_DETAIL_NORMALMAP SHADER_API_DESKTOP UNITY_COLORSPACE_GAMMA UNITY_LIGHTMAP_RGBM_ENCODING ok=1
Cmd: compileSnippet
  api=9 type=1 insize=1330 outsize=0 kw=DIRECTIONAL SHADOWS_SCREEN _METALLICGLOSSMAP _PARALLAXMAP pd=UNITY_ENABLE_REFLECTION_BUFFERS UNITY_USE_DITHER_MASK_FOR_ALPHABLENDED_SHADOWS UNITY_PBS_USE_BRDF1 UNITY_SPECCUBE_BOX_PROJECTION UNITY_SPECCUBE_BLENDING UNITY_ENABLE_DETAIL_NORMALMAP SHADER_API_DESKTOP UNITY_COLORSPACE_GAMMA UNITY_LIGHTMAP_RGBM_ENCODING ok=1
Cmd: compileSnippet
  api=5 type=1 insize=1330 outsize=0 kw=DIRECTIONAL SHADOWS_SCREEN pd=UNITY_ENABLE_REFLECTION_BUFFERS UNITY_USE_DITHER_MASK_FOR_ALPHABLENDED_SHADOWS UNITY_PBS_USE_BRDF1 UNITY_SPECCUBE_BOX_PROJECTION UNITY_SPECCUBE_BLENDING UNITY_ENABLE_DETAIL_NORMALMAP SHADER_API_DESKTOP UNITY_COLORSPACE_GAMMA UNITY_LIGHTMAP_RGBM_ENCODING ok=1
Cmd: compileSnippet
  api=5 type=1 insize=1330 outsize=0 kw=DIRECTIONAL_COOKIE SHADOWS_SCREEN _METALLICGLOSSMAP pd=UNITY_ENABLE_REFLECTION_BUFFERS UNITY_USE_DITHER_MASK_FOR_ALPHABLENDED_SHADOWS UNITY_PBS_USE_BRDF1 UNITY_SPECCUBE_BOX_PROJECTION UNITY_SPECCUBE_BLENDING UNITY_ENABLE_DETAIL_NORMALMAP SHADER_API_DESKTOP UNITY_COLORSPACE_GAMMA UNITY_LIGHTMAP_RGBM_ENCODING ok=1
Cmd: compileSnippet
  api=9 type=1 insize=1330 outsize=0 kw=DIRECTIONAL_COOKIE SHADOWS_SCREEN _METALLICGLOSSMAP _PARALLAXMAP pd=UNITY_ENABLE_REFLECTION_BUFFERS UNITY_USE_DITHER_MASK_FOR_ALPHABLENDED_SHADOWS UNITY_PBS_USE_BRDF1 UNITY_SPECCUBE_BOX_PROJECTION UNITY_SPECCUBE_BLENDING UNITY_ENABLE_DETAIL_NORMALMAP SHADER_API_DESKTOP UNITY_COLORSPACE_GAMMA UNITY_LIGHTMAP_RGBM_ENCODING ok=1
Cmd: compileSnippet
  api=5 type=1 insize=1330 outsize=0 kw=POINT SHADOWS_CUBE _ALPHABLEND_ON pd=UNITY_ENABLE_REFLECTION_BUFFERS UNITY_USE_DITHER_MASK_FOR_ALPHABLENDED_SHADOWS UNITY_PBS_USE_BRDF1 UNITY_SPECCUBE_BOX_PROJECTION UNITY_SPECCUBE_BLENDING UNITY_ENABLE_DETAIL_NORMALMAP SHADER_API_DESKTOP UNITY_COLORSPACE_GAMMA UNITY_LIGHTMAP_RGBM_ENCODING ok=1
Cmd: compileSnippet
  api=5 type=1 insize=1330 outsize=0 kw=POINT SHADOWS_CUBE _METALLICGLOSSMAP _PARALLAXMAP pd=UNITY_ENABLE_REFLECTION_BUFFERS UNITY_USE_DITHER_MASK_FOR_ALPHABLENDED_SHADOWS UNITY_PBS_USE_BRDF1 UNITY_SPECCUBE_BOX_PROJECTION UNITY_SPECCUBE_BLENDING UNITY_ENABLE_DETAIL_NORMALMAP SHADER_API_DESKTOP UNITY_COLORSPACE_GAMMA UNITY_LIGHTMAP_RGBM_ENCODING ok=1
Cmd: compileSnippet
  api=5 type=1 insize=1330 outsize=0 kw=POINT SHADOWS_CUBE pd=UNITY_ENABLE_REFLECTION_BUFFERS UNITY_USE_DITHER_MASK_FOR_ALPHABLENDED_SHADOWS UNITY_PBS_USE_BRDF1 UNITY_SPECCUBE_BOX_PROJECTION UNITY_SPECCUBE_BLENDING UNITY_ENABLE_DETAIL_NORMALMAP SHADER_API_DESKTOP UNITY_COLORSPACE_GAMMA UNITY_LIGHTMAP_RGBM_ENCODING ok=1
Cmd: compileSnippet
  api=5 type=1 insize=1330 outsize=0 kw=POINT SHADOWS_CUBE SHADOWS_SOFT _METALLICGLOSSMAP pd=UNITY_ENABLE_REFLECTION_BUFFERS UNITY_USE_DITHER_MASK_FOR_ALPHABLENDED_SHADOWS UNITY_PBS_USE_BRDF1 UNITY_SPECCUBE_BOX_PROJECTION UNITY_SPECCUBE_BLENDING UNITY_ENABLE_DETAIL_NORMALMAP SHADER_API_DESKTOP UNITY_COLORSPACE_GAMMA UNITY_LIGHTMAP_RGBM_ENCODING ok=1
Cmd: compileSnippet
  api=5 type=1 insize=1330 outsize=0 kw=POINT SHADOWS_CUBE SHADOWS_SOFT _SMOOTHNESS_TEXTURE_ALBEDO_CHANNEL_A pd=UNITY_ENABLE_REFLECTION_BUFFERS UNITY_USE_DITHER_MASK_FOR_ALPHABLENDED_SHADOWS UNITY_PBS_USE_BRDF1 UNITY_SPECCUBE_BOX_PROJECTION UNITY_SPECCUBE_BLENDING UNITY_ENABLE_DETAIL_NORMALMAP SHADER_API_DESKTOP UNITY_COLORSPACE_GAMMA UNITY_LIGHTMAP_RGBM_ENCODING ok=1
Cmd: compileSnippet
  api=9 type=1 insize=1330 outsize=0 kw=POINT SHADOWS_CUBE SHADOWS_SOFT pd=UNITY_ENABLE_REFLECTION_BUFFERS UNITY_USE_DITHER_MASK_FOR_ALPHABLENDED_SHADOWS UNITY_PBS_USE_BRDF1 UNITY_SPECCUBE_BOX_PROJECTION UNITY_SPECCUBE_BLENDING UNITY_ENABLE_DETAIL_NORMALMAP SHADER_API_DESKTOP UNITY_COLORSPACE_GAMMA UNITY_LIGHTMAP_RGBM_ENCODING ok=1
Cmd: compileSnippet
  api=9 type=1 insize=1330 outsize=0 kw=POINT_COOKIE SHADOWS_CUBE _METALLICGLOSSMAP pd=UNITY_ENABLE_REFLECTION_BUFFERS UNITY_USE_DITHER_MASK_FOR_ALPHABLENDED_SHADOWS UNITY_PBS_USE_BRDF1 UNITY_SPECCUBE_BOX_PROJECTION UNITY_SPECCUBE_BLENDING UNITY_ENABLE_DETAIL_NORMALMAP SHADER_API_DESKTOP UNITY_COLORSPACE_GAMMA UNITY_LIGHTMAP_RGBM_ENCODING ok=1
Cmd: compileSnippet
  api=9 type=1 insize=1330 outsize=0 kw=POINT_COOKIE SHADOWS_CUBE _SMOOTHNESS_TEXTURE_ALBEDO_CHANNEL_A pd=UNITY_ENABLE_REFLECTION_BUFFERS UNITY_USE_DITHER_MASK_FOR_ALPHABLENDED_SHADOWS UNITY_PBS_USE_BRDF1 UNITY_SPECCUBE_BOX_PROJECTION UNITY_SPECCUBE_BLENDING UNITY_ENABLE_DETAIL_NORMALMAP SHADER_API_DESKTOP UNITY_COLORSPACE_GAMMA UNITY_LIGHTMAP_RGBM_ENCODING ok=1
Cmd: compileSnippet
  api=9 type=1 insize=1330 outsize=0 kw=POINT_COOKIE SHADOWS_CUBE SHADOWS_SOFT _METALLICGLOSSMAP pd=UNITY_ENABLE_REFLECTION_BUFFERS UNITY_USE_DITHER_MASK_FOR_ALPHABLENDED_SHADOWS UNITY_PBS_USE_BRDF1 UNITY_SPECCUBE_BOX_PROJECTION UNITY_SPECCUBE_BLENDING UNITY_ENABLE_DETAIL_NORMALMAP SHADER_API_DESKTOP UNITY_COLORSPACE_GAMMA UNITY_LIGHTMAP_RGBM_ENCODING ok=1
Cmd: compileSnippet
  api=9 type=1 insize=1330 outsize=0 kw=POINT_COOKIE SHADOWS_CUBE SHADOWS_SOFT _SMOOTHNESS_TEXTURE_ALBEDO_CHANNEL_A pd=UNITY_ENABLE_REFLECTION_BUFFERS UNITY_USE_DITHER_MASK_FOR_ALPHABLENDED_SHADOWS UNITY_PBS_USE_BRDF1 UNITY_SPECCUBE_BOX_PROJECTION UNITY_SPECCUBE_BLENDING UNITY_ENABLE_DETAIL_NORMALMAP SHADER_API_DESKTOP UNITY_COLORSPACE_GAMMA UNITY_LIGHTMAP_RGBM_ENCODING ok=1
Cmd: compileSnippet
  api=5 type=1 insize=1330 outsize=0 kw=POINT_COOKIE SHADOWS_CUBE SHADOWS_SOFT pd=UNITY_ENABLE_REFLECTION_BUFFERS UNITY_USE_DITHER_MASK_FOR_ALPHABLENDED_SHADOWS UNITY_PBS_USE_BRDF1 UNITY_SPECCUBE_BOX_PROJECTION UNITY_SPECCUBE_BLENDING UNITY_ENABLE_DETAIL_NORMALMAP SHADER_API_DESKTOP UNITY_COLORSPACE_GAMMA UNITY_LIGHTMAP_RGBM_ENCODING ok=1
Cmd: compileSnippet
  api=5 type=1 insize=1330 outsize=0 kw=POINT _METALLICGLOSSMAP pd=UNITY_ENABLE_REFLECTION_BUFFERS UNITY_USE_DITHER_MASK_FOR_ALPHABLENDED_SHADOWS UNITY_PBS_USE_BRDF1 UNITY_SPECCUBE_BOX_PROJECTION UNITY_SPECCUBE_BLENDING UNITY_ENABLE_DETAIL_NORMALMAP SHADER_API_DESKTOP UNITY_COLORSPACE_GAMMA UNITY_LIGHTMAP_RGBM_ENCODING ok=1
Cmd: compileSnippet
  api=5 type=1 insize=1330 outsize=0 kw=POINT _SMOOTHNESS_TEXTURE_ALBEDO_CHANNEL_A pd=UNITY_ENABLE_REFLECTION_BUFFERS UNITY_USE_DITHER_MASK_FOR_ALPHABLENDED_SHADOWS UNITY_PBS_USE_BRDF1 UNITY_SPECCUBE_BOX_PROJECTION UNITY_SPECCUBE_BLENDING UNITY_ENABLE_DETAIL_NORMALMAP SHADER_API_DESKTOP UNITY_COLORSPACE_GAMMA UNITY_LIGHTMAP_RGBM_ENCODING ok=1
Cmd: compileSnippet
  api=9 type=0 insize=1110 outsize=2893 kw=SHADOWS_CUBE _ALPHABLEND_ON pd=UNITY_ENABLE_REFLECTION_BUFFERS UNITY_USE_DITHER_MASK_FOR_ALPHABLENDED_SHADOWS UNITY_PBS_USE_BRDF1 UNITY_SPECCUBE_BOX_PROJECTION UNITY_SPECCUBE_BLENDING UNITY_ENABLE_DETAIL_NORMALMAP SHADER_API_DESKTOP UNITY_COLORSPACE_GAMMA UNITY_LIGHTMAP_RGBM_ENCODING ok=1
Cmd: compileSnippet
  api=9 type=0 insize=1110 outsize=2000 kw=SHADOWS_CUBE _METALLICGLOSSMAP _PARALLAXMAP pd=UNITY_ENABLE_REFLECTION_BUFFERS UNITY_USE_DITHER_MASK_FOR_ALPHABLENDED_SHADOWS UNITY_PBS_USE_BRDF1 UNITY_SPECCUBE_BOX_PROJECTION UNITY_SPECCUBE_BLENDING UNITY_ENABLE_DETAIL_NORMALMAP SHADER_API_DESKTOP UNITY_COLORSPACE_GAMMA UNITY_LIGHTMAP_RGBM_ENCODING ok=1
Cmd: compileSnippet
  api=5 type=0 insize=1110 outsize=1400 kw=SHADOWS_DEPTH _METALLICGLOSSMAP pd=UNITY_ENABLE_REFLECTION_BUFFERS UNITY_USE_DITHER_MASK_FOR_ALPHABLENDED_SHADOWS UNITY_PBS_USE_BRDF1 UNITY_SPECCUBE_BOX_PROJECTION UNITY_SPECCUBE_BLENDING UNITY_ENABLE_DETAIL_NORMALMAP SHADER_API_DESKTOP UNITY_COLORSPACE_GAMMA UNITY_LIGHTMAP_RGBM_ENCODING ok=1
Cmd: compileSnippet
  api=9 type=0 insize=1110 outsize=2606 kw=SHADOWS_DEPTH _METALLICGLOSSMAP _PARALLAXMAP pd=UNITY_ENABLE_REFLECTION_BUFFERS UNITY_USE_DITHER_MASK_FOR_ALPHABLENDED_SHADOWS UNITY_PBS_USE_BRDF1 UNITY_SPECCUBE_BOX_PROJECTION UNITY_SPECCUBE_BLENDING UNITY_ENABLE_DETAIL_NORMALMAP SHADER_API_DESKTOP UNITY_COLORSPACE_GAMMA UNITY_LIGHTMAP_RGBM_ENCODING ok=1
Cmd: compileSnippet
  api=5 type=1 insize=1110 outsize=0 kw=SHADOWS_CUBE _ALPHABLEND_ON pd=UNITY_ENABLE_REFLECTION_BUFFERS UNITY_USE_DITHER_MASK_FOR_ALPHABLENDED_SHADOWS UNITY_PBS_USE_BRDF1 UNITY_SPECCUBE_BOX_PROJECTION UNITY_SPECCUBE_BLENDING UNITY_ENABLE_DETAIL_NORMALMAP SHADER_API_DESKTOP UNITY_COLORSPACE_GAMMA UNITY_LIGHTMAP_RGBM_ENCODING ok=1
Cmd: compileSnippet
  api=9 type=1 insize=1110 outsize=0 kw=SHADOWS_CUBE _METALLICGLOSSMAP _PARALLAXMAP pd=UNITY_ENABLE_REFLECTION_BUFFERS UNITY_USE_DITHER_MASK_FOR_ALPHABLENDED_SHADOWS UNITY_PBS_USE_BRDF1 UNITY_SPECCUBE_BOX_PROJECTION UNITY_SPECCUBE_BLENDING UNITY_ENABLE_DETAIL_NORMALMAP SHADER_API_DESKTOP UNITY_COLORSPACE_GAMMA UNITY_LIGHTMAP_RGBM_ENCODING ok=1
Cmd: compileSnippet
  api=9 type=1 insize=1110 outsize=0 kw=SHADOWS_DEPTH _ALPHABLEND_ON pd=UNITY_ENABLE_REFLECTION_BUFFERS UNITY_USE_DITHER_MASK_FOR_ALPHABLENDED_SHADOWS UNITY_PBS_USE_BRDF1 UNITY_SPECCUBE_BOX_PROJECTION UNITY_SPECCUBE_BLENDING UNITY_ENABLE_DETAIL_NORMALMAP SHADER_API_DESKTOP UNITY_COLORSPACE_GAMMA UNITY_LIGHTMAP_RGBM_ENCODING ok=1
Cmd: compileSnippet
  api=9 type=1 insize=1110 outsize=0 kw=SHADOWS_DEPTH _METALLICGLOSSMAP _PARALLAXMAP pd=UNITY_ENABLE_REFLECTION_BUFFERS UNITY_USE_DITHER_MASK_FOR_ALPHABLENDED_SHADOWS UNITY_PBS_USE_BRDF1 UNITY_SPECCUBE_BOX_PROJECTION UNITY_SPECCUBE_BLENDING UNITY_ENABLE_DETAIL_NORMALMAP SHADER_API_DESKTOP UNITY_COLORSPACE_GAMMA UNITY_LIGHTMAP_RGBM_ENCODING ok=1
Cmd: compileSnippet
  api=9 type=0 insize=1424 outsize=6094 kw=LIGHTPROBE_SH _EMISSION pd=UNITY_ENABLE_REFLECTION_BUFFERS UNITY_USE_DITHER_MASK_FOR_ALPHABLENDED_SHADOWS UNITY_PBS_USE_BRDF1 UNITY_SPECCUBE_BOX_PROJECTION UNITY_SPECCUBE_BLENDING UNITY_ENABLE_DETAIL_NORMALMAP SHADER_API_DESKTOP UNITY_COLORSPACE_GAMMA UNITY_LIGHTMAP_RGBM_ENCODING ok=1
Cmd: compileSnippet
  api=9 type=0 insize=1424 outsize=6094 kw=LIGHTPROBE_SH _EMISSION _ALPHABLEND_ON pd=UNITY_ENABLE_REFLECTION_BUFFERS UNITY_USE_DITHER_MASK_FOR_ALPHABLENDED_SHADOWS UNITY_PBS_USE_BRDF1 UNITY_SPECCUBE_BOX_PROJECTION UNITY_SPECCUBE_BLENDING UNITY_ENABLE_DETAIL_NORMALMAP SHADER_API_DESKTOP UNITY_COLORSPACE_GAMMA UNITY_LIGHTMAP_RGBM_ENCODING ok=1
Cmd: compileSnippet
  api=9 type=0 insize=1424 outsize=6199 kw=LIGHTPROBE_SH _EMISSION _METALLICGLOSSMAP pd=UNITY_ENABLE_REFLECTION_BUFFERS UNITY_USE_DITHER_MASK_FOR_ALPHABLENDED_SHADOWS UNITY_PBS_USE_BRDF1 UNITY_SPECCUBE_BOX_PROJECTION UNITY_SPECCUBE_BLENDING UNITY_ENABLE_DETAIL_NORMALMAP SHADER_API_DESKTOP UNITY_COLORSPACE_GAMMA UNITY_LIGHTMAP_RGBM_ENCODING ok=1
Cmd: compileSnippet
  api=9 type=0 insize=1424 outsize=8715 kw=LIGHTPROBE_SH _EMISSION _METALLICGLOSSMAP _PARALLAXMAP pd=UNITY_ENABLE_REFLECTION_BUFFERS UNITY_USE_DITHER_MASK_FOR_ALPHABLENDED_SHADOWS UNITY_PBS_USE_BRDF1 UNITY_SPECCUBE_BOX_PROJECTION UNITY_SPECCUBE_BLENDING UNITY_ENABLE_DETAIL_NORMALMAP SHADER_API_DESKTOP UNITY_COLORSPACE_GAMMA UNITY_LIGHTMAP_RGBM_ENCODING ok=1
Cmd: compileSnippet
  api=5 type=0 insize=1424 outsize=5160 kw=LIGHTPROBE_SH pd=UNITY_ENABLE_REFLECTION_BUFFERS UNITY_USE_DITHER_MASK_FOR_ALPHABLENDED_SHADOWS UNITY_PBS_USE_BRDF1 UNITY_SPECCUBE_BOX_PROJECTION UNITY_SPECCUBE_BLENDING UNITY_ENABLE_DETAIL_NORMALMAP SHADER_API_DESKTOP UNITY_COLORSPACE_GAMMA UNITY_LIGHTMAP_RGBM_ENCODING ok=1
Cmd: compileSnippet
  api=5 type=0 insize=1424 outsize=4522 kw=DYNAMICLIGHTMAP_ON _ALPHABLEND_ON pd=UNITY_ENABLE_REFLECTION_BUFFERS UNITY_USE_DITHER_MASK_FOR_ALPHABLENDED_SHADOWS UNITY_PBS_USE_BRDF1 UNITY_SPECCUBE_BOX_PROJECTION UNITY_SPECCUBE_BLENDING UNITY_ENABLE_DETAIL_NORMALMAP SHADER_API_DESKTOP UNITY_COLORSPACE_GAMMA UNITY_LIGHTMAP_RGBM_ENCODING ok=1
Cmd: compileSnippet
  api=9 type=0 insize=1424 outsize=5392 kw=DYNAMICLIGHTMAP_ON _EMISSION _ALPHABLEND_ON pd=UNITY_ENABLE_REFLECTION_BUFFERS UNITY_USE_DITHER_MASK_FOR_ALPHABLENDED_SHADOWS UNITY_PBS_USE_BRDF1 UNITY_SPECCUBE_BOX_PROJECTION UNITY_SPECCUBE_BLENDING UNITY_ENABLE_DETAIL_NORMALMAP SHADER_API_DESKTOP UNITY_COLORSPACE_GAMMA UNITY_LIGHTMAP_RGBM_ENCODING ok=1
Cmd: compileSnippet
  api=5 type=0 insize=1424 outsize=8386 kw=DYNAMICLIGHTMAP_ON _METALLICGLOSSMAP _PARALLAXMAP pd=UNITY_ENABLE_REFLECTION_BUFFERS UNITY_USE_DITHER_MASK_FOR_ALPHABLENDED_SHADOWS UNITY_PBS_USE_BRDF1 UNITY_SPECCUBE_BOX_PROJECTION UNITY_SPECCUBE_BLENDING UNITY_ENABLE_DETAIL_NORMALMAP SHADER_API_DESKTOP UNITY_COLORSPACE_GAMMA UNITY_LIGHTMAP_RGBM_ENCODING ok=1
Cmd: compileSnippet
  api=5 type=0 insize=1424 outsize=4543 kw=DYNAMICLIGHTMAP_ON _SMOOTHNESS_TEXTURE_ALBEDO_CHANNEL_A pd=UNITY_ENABLE_REFLECTION_BUFFERS UNITY_USE_DITHER_MASK_FOR_ALPHABLENDED_SHADOWS UNITY_PBS_USE_BRDF1 UNITY_SPECCUBE_BOX_PROJECTION UNITY_SPECCUBE_BLENDING UNITY_ENABLE_DETAIL_NORMALMAP SHADER_API_DESKTOP UNITY_COLORSPACE_GAMMA UNITY_LIGHTMAP_RGBM_ENCODING ok=1
Cmd: compileSnippet
  api=9 type=0 insize=1424 outsize=5410 kw=DYNAMICLIGHTMAP_ON _EMISSION _SMOOTHNESS_TEXTURE_ALBEDO_CHANNEL_A pd=UNITY_ENABLE_REFLECTION_BUFFERS UNITY_USE_DITHER_MASK_FOR_ALPHABLENDED_SHADOWS UNITY_PBS_USE_BRDF1 UNITY_SPECCUBE_BOX_PROJECTION UNITY_SPECCUBE_BLENDING UNITY_ENABLE_DETAIL_NORMALMAP SHADER_API_DESKTOP UNITY_COLORSPACE_GAMMA UNITY_LIGHTMAP_RGBM_ENCODING ok=1
Cmd: compileSnippet
  api=9 type=0 insize=1424 outsize=6680 kw=DIRLIGHTMAP_COMBINED DYNAMICLIGHTMAP_ON _EMISSION pd=UNITY_ENABLE_REFLECTION_BUFFERS UNITY_USE_DITHER_MASK_FOR_ALPHABLENDED_SHADOWS UNITY_PBS_USE_BRDF1 UNITY_SPECCUBE_BOX_PROJECTION UNITY_SPECCUBE_BLENDING UNITY_ENABLE_DETAIL_NORMALMAP SHADER_API_DESKTOP UNITY_COLORSPACE_GAMMA UNITY_LIGHTMAP_RGBM_ENCODING ok=1
Cmd: compileSnippet
  api=5 type=0 insize=1424 outsize=6835 kw=DIRLIGHTMAP_COMBINED DYNAMICLIGHTMAP_ON _METALLICGLOSSMAP pd=UNITY_ENABLE_REFLECTION_BUFFERS UNITY_USE_DITHER_MASK_FOR_ALPHABLENDED_SHADOWS UNITY_PBS_USE_BRDF1 UNITY_SPECCUBE_BOX_PROJECTION UNITY_SPECCUBE_BLENDING UNITY_ENABLE_DETAIL_NORMALMAP SHADER_API_DESKTOP UNITY_COLORSPACE_GAMMA UNITY_LIGHTMAP_RGBM_ENCODING ok=1
Cmd: compileSnippet
  api=9 type=0 insize=1424 outsize=6785 kw=DIRLIGHTMAP_COMBINED DYNAMICLIGHTMAP_ON _EMISSION _METALLICGLOSSMAP pd=UNITY_ENABLE_REFLECTION_BUFFERS UNITY_USE_DITHER_MASK_FOR_ALPHABLENDED_SHADOWS UNITY_PBS_USE_BRDF1 UNITY_SPECCUBE_BOX_PROJECTION UNITY_SPECCUBE_BLENDING UNITY_ENABLE_DETAIL_NORMALMAP SHADER_API_DESKTOP UNITY_COLORSPACE_GAMMA UNITY_LIGHTMAP_RGBM_ENCODING ok=1
Cmd: compileSnippet
  api=5 type=0 insize=1424 outsize=6757 kw=DIRLIGHTMAP_COMBINED DYNAMICLIGHTMAP_ON _SMOOTHNESS_TEXTURE_ALBEDO_CHANNEL_A pd=UNITY_ENABLE_REFLECTION_BUFFERS UNITY_USE_DITHER_MASK_FOR_ALPHABLENDED_SHADOWS UNITY_PBS_USE_BRDF1 UNITY_SPECCUBE_BOX_PROJECTION UNITY_SPECCUBE_BLENDING UNITY_ENABLE_DETAIL_NORMALMAP SHADER_API_DESKTOP UNITY_COLORSPACE_GAMMA UNITY_LIGHTMAP_RGBM_ENCODING ok=1
Cmd: compileSnippet
  api=9 type=0 insize=1424 outsize=6698 kw=DIRLIGHTMAP_COMBINED DYNAMICLIGHTMAP_ON _EMISSION _SMOOTHNESS_TEXTURE_ALBEDO_CHANNEL_A pd=UNITY_ENABLE_REFLECTION_BUFFERS UNITY_USE_DITHER_MASK_FOR_ALPHABLENDED_SHADOWS UNITY_PBS_USE_BRDF1 UNITY_SPECCUBE_BOX_PROJECTION UNITY_SPECCUBE_BLENDING UNITY_ENABLE_DETAIL_NORMALMAP SHADER_API_DESKTOP UNITY_COLORSPACE_GAMMA UNITY_LIGHTMAP_RGBM_ENCODING ok=1
Cmd: compileSnippet
  api=9 type=0 insize=1424 outsize=6048 kw=LIGHTPROBE_SH _EMISSION UNITY_HDR_ON pd=UNITY_ENABLE_REFLECTION_BUFFERS UNITY_USE_DITHER_MASK_FOR_ALPHABLENDED_SHADOWS UNITY_PBS_USE_BRDF1 UNITY_SPECCUBE_BOX_PROJECTION UNITY_SPECCUBE_BLENDING UNITY_ENABLE_DETAIL_NORMALMAP SHADER_API_DESKTOP UNITY_COLORSPACE_GAMMA UNITY_LIGHTMAP_RGBM_ENCODING ok=1
Cmd: compileSnippet
  api=5 type=0 insize=1424 outsize=5329 kw=LIGHTPROBE_SH UNITY_HDR_ON _METALLICGLOSSMAP pd=UNITY_ENABLE_REFLECTION_BUFFERS UNITY_USE_DITHER_MASK_FOR_ALPHABLENDED_SHADOWS UNITY_PBS_USE_BRDF1 UNITY_SPECCUBE_BOX_PROJECTION UNITY_SPECCUBE_BLENDING UNITY_ENABLE_DETAIL_NORMALMAP SHADER_API_DESKTOP UNITY_COLORSPACE_GAMMA UNITY_LIGHTMAP_RGBM_ENCODING ok=1
Cmd: compileSnippet
  api=5 type=0 insize=1424 outsize=9045 kw=LIGHTPROBE_SH UNITY_HDR_ON _METALLICGLOSSMAP _PARALLAXMAP pd=UNITY_ENABLE_REFLECTION_BUFFERS UNITY_USE_DITHER_MASK_FOR_ALPHABLENDED_SHADOWS UNITY_PBS_USE_BRDF1 UNITY_SPECCUBE_BOX_PROJECTION UNITY_SPECCUBE_BLENDING UNITY_ENABLE_DETAIL_NORMALMAP SHADER_API_DESKTOP UNITY_COLORSPACE_GAMMA UNITY_LIGHTMAP_RGBM_ENCODING ok=1
Cmd: compileSnippet
  api=9 type=0 insize=1424 outsize=8669 kw=LIGHTPROBE_SH _EMISSION UNITY_HDR_ON _METALLICGLOSSMAP _PARALLAXMAP pd=UNITY_ENABLE_REFLECTION_BUFFERS UNITY_USE_DITHER_MASK_FOR_ALPHABLENDED_SHADOWS UNITY_PBS_USE_BRDF1 UNITY_SPECCUBE_BOX_PROJECTION UNITY_SPECCUBE_BLENDING UNITY_ENABLE_DETAIL_NORMALMAP SHADER_API_DESKTOP UNITY_COLORSPACE_GAMMA UNITY_LIGHTMAP_RGBM_ENCODING ok=1
Cmd: compileSnippet
  api=5 type=0 insize=1424 outsize=5231 kw=LIGHTPROBE_SH UNITY_HDR_ON pd=UNITY_ENABLE_REFLECTION_BUFFERS UNITY_USE_DITHER_MASK_FOR_ALPHABLENDED_SHADOWS UNITY_PBS_USE_BRDF1 UNITY_SPECCUBE_BOX_PROJECTION UNITY_SPECCUBE_BLENDING UNITY_ENABLE_DETAIL_NORMALMAP SHADER_API_DESKTOP UNITY_COLORSPACE_GAMMA UNITY_LIGHTMAP_RGBM_ENCODING ok=1
Cmd: compileSnippet
  api=9 type=0 insize=1424 outsize=5346 kw=DYNAMICLIGHTMAP_ON _EMISSION UNITY_HDR_ON pd=UNITY_ENABLE_REFLECTION_BUFFERS UNITY_USE_DITHER_MASK_FOR_ALPHABLENDED_SHADOWS UNITY_PBS_USE_BRDF1 UNITY_SPECCUBE_BOX_PROJECTION UNITY_SPECCUBE_BLENDING UNITY_ENABLE_DETAIL_NORMALMAP SHADER_API_DESKTOP UNITY_COLORSPACE_GAMMA UNITY_LIGHTMAP_RGBM_ENCODING ok=1
Cmd: compileSnippet
  api=5 type=0 insize=1424 outsize=4693 kw=DYNAMICLIGHTMAP_ON UNITY_HDR_ON _METALLICGLOSSMAP pd=UNITY_ENABLE_REFLECTION_BUFFERS UNITY_USE_DITHER_MASK_FOR_ALPHABLENDED_SHADOWS UNITY_PBS_USE_BRDF1 UNITY_SPECCUBE_BOX_PROJECTION UNITY_SPECCUBE_BLENDING UNITY_ENABLE_DETAIL_NORMALMAP SHADER_API_DESKTOP UNITY_COLORSPACE_GAMMA UNITY_LIGHTMAP_RGBM_ENCODING ok=1
Cmd: compileSnippet
  api=9 type=0 insize=1424 outsize=5451 kw=DYNAMICLIGHTMAP_ON _EMISSION UNITY_HDR_ON _METALLICGLOSSMAP pd=UNITY_ENABLE_REFLECTION_BUFFERS UNITY_USE_DITHER_MASK_FOR_ALPHABLENDED_SHADOWS UNITY_PBS_USE_BRDF1 UNITY_SPECCUBE_BOX_PROJECTION UNITY_SPECCUBE_BLENDING UNITY_ENABLE_DETAIL_NORMALMAP SHADER_API_DESKTOP UNITY_COLORSPACE_GAMMA UNITY_LIGHTMAP_RGBM_ENCODING ok=1
Cmd: compileSnippet
  api=5 type=0 insize=1424 outsize=4614 kw=DYNAMICLIGHTMAP_ON UNITY_HDR_ON _SMOOTHNESS_TEXTURE_ALBEDO_CHANNEL_A pd=UNITY_ENABLE_REFLECTION_BUFFERS UNITY_USE_DITHER_MASK_FOR_ALPHABLENDED_SHADOWS UNITY_PBS_USE_BRDF1 UNITY_SPECCUBE_BOX_PROJECTION UNITY_SPECCUBE_BLENDING UNITY_ENABLE_DETAIL_NORMALMAP SHADER_API_DESKTOP UNITY_COLORSPACE_GAMMA UNITY_LIGHTMAP_RGBM_ENCODING ok=1
Cmd: compileSnippet
  api=9 type=0 insize=1424 outsize=5364 kw=DYNAMICLIGHTMAP_ON _EMISSION UNITY_HDR_ON _SMOOTHNESS_TEXTURE_ALBEDO_CHANNEL_A pd=UNITY_ENABLE_REFLECTION_BUFFERS UNITY_USE_DITHER_MASK_FOR_ALPHABLENDED_SHADOWS UNITY_PBS_USE_BRDF1 UNITY_SPECCUBE_BOX_PROJECTION UNITY_SPECCUBE_BLENDING UNITY_ENABLE_DETAIL_NORMALMAP SHADER_API_DESKTOP UNITY_COLORSPACE_GAMMA UNITY_LIGHTMAP_RGBM_ENCODING ok=1
Cmd: compileSnippet
  api=5 type=0 insize=1424 outsize=6807 kw=DIRLIGHTMAP_COMBINED DYNAMICLIGHTMAP_ON UNITY_HDR_ON _ALPHABLEND_ON pd=UNITY_ENABLE_REFLECTION_BUFFERS UNITY_USE_DITHER_MASK_FOR_ALPHABLENDED_SHADOWS UNITY_PBS_USE_BRDF1 UNITY_SPECCUBE_BOX_PROJECTION UNITY_SPECCUBE_BLENDING UNITY_ENABLE_DETAIL_NORMALMAP SHADER_API_DESKTOP UNITY_COLORSPACE_GAMMA UNITY_LIGHTMAP_RGBM_ENCODING ok=1
Cmd: compileSnippet
  api=9 type=0 insize=1424 outsize=6634 kw=DIRLIGHTMAP_COMBINED DYNAMICLIGHTMAP_ON _EMISSION UNITY_HDR_ON _ALPHABLEND_ON pd=UNITY_ENABLE_REFLECTION_BUFFERS UNITY_USE_DITHER_MASK_FOR_ALPHABLENDED_SHADOWS UNITY_PBS_USE_BRDF1 UNITY_SPECCUBE_BOX_PROJECTION UNITY_SPECCUBE_BLENDING UNITY_ENABLE_DETAIL_NORMALMAP SHADER_API_DESKTOP UNITY_COLORSPACE_GAMMA UNITY_LIGHTMAP_RGBM_ENCODING ok=1
Cmd: compileSnippet
  api=5 type=0 insize=1424 outsize=9013 kw=DIRLIGHTMAP_COMBINED DYNAMICLIGHTMAP_ON UNITY_HDR_ON _METALLICGLOSSMAP _PARALLAXMAP pd=UNITY_ENABLE_REFLECTION_BUFFERS UNITY_USE_DITHER_MASK_FOR_ALPHABLENDED_SHADOWS UNITY_PBS_USE_BRDF1 UNITY_SPECCUBE_BOX_PROJECTION UNITY_SPECCUBE_BLENDING UNITY_ENABLE_DETAIL_NORMALMAP SHADER_API_DESKTOP UNITY_COLORSPACE_GAMMA UNITY_LIGHTMAP_RGBM_ENCODING ok=1
Cmd: compileSnippet
  api=9 type=0 insize=1424 outsize=8572 kw=DIRLIGHTMAP_COMBINED DYNAMICLIGHTMAP_ON _EMISSION UNITY_HDR_ON _METALLICGLOSSMAP _PARALLAXMAP pd=UNITY_ENABLE_REFLECTION_BUFFERS UNITY_USE_DITHER_MASK_FOR_ALPHABLENDED_SHADOWS UNITY_PBS_USE_BRDF1 UNITY_SPECCUBE_BOX_PROJECTION UNITY_SPECCUBE_BLENDING UNITY_ENABLE_DETAIL_NORMALMAP SHADER_API_DESKTOP UNITY_COLORSPACE_GAMMA UNITY_LIGHTMAP_RGBM_ENCODING ok=1
Cmd: compileSnippet
  api=5 type=0 insize=1424 outsize=6807 kw=DIRLIGHTMAP_COMBINED DYNAMICLIGHTMAP_ON UNITY_HDR_ON pd=UNITY_ENABLE_REFLECTION_BUFFERS UNITY_USE_DITHER_MASK_FOR_ALPHABLENDED_SHADOWS UNITY_PBS_USE_BRDF1 UNITY_SPECCUBE_BOX_PROJECTION UNITY_SPECCUBE_BLENDING UNITY_ENABLE_DETAIL_NORMALMAP SHADER_API_DESKTOP UNITY_COLORSPACE_GAMMA UNITY_LIGHTMAP_RGBM_ENCODING ok=1
Cmd: compileSnippet
  api=5 type=0 insize=1424 outsize=3641 kw=_ALPHABLEND_ON pd=UNITY_ENABLE_REFLECTION_BUFFERS UNITY_USE_DITHER_MASK_FOR_ALPHABLENDED_SHADOWS UNITY_PBS_USE_BRDF1 UNITY_SPECCUBE_BOX_PROJECTION UNITY_SPECCUBE_BLENDING UNITY_ENABLE_DETAIL_NORMALMAP SHADER_API_DESKTOP UNITY_COLORSPACE_GAMMA UNITY_LIGHTMAP_RGBM_ENCODING ok=1
Cmd: compileSnippet
  api=9 type=0 insize=1424 outsize=4498 kw=_EMISSION _ALPHABLEND_ON pd=UNITY_ENABLE_REFLECTION_BUFFERS UNITY_USE_DITHER_MASK_FOR_ALPHABLENDED_SHADOWS UNITY_PBS_USE_BRDF1 UNITY_SPECCUBE_BOX_PROJECTION UNITY_SPECCUBE_BLENDING UNITY_ENABLE_DETAIL_NORMALMAP SHADER_API_DESKTOP UNITY_COLORSPACE_GAMMA UNITY_LIGHTMAP_RGBM_ENCODING ok=1
Cmd: compileSnippet
  api=5 type=0 insize=1424 outsize=7503 kw=_METALLICGLOSSMAP _PARALLAXMAP pd=UNITY_ENABLE_REFLECTION_BUFFERS UNITY_USE_DITHER_MASK_FOR_ALPHABLENDED_SHADOWS UNITY_PBS_USE_BRDF1 UNITY_SPECCUBE_BOX_PROJECTION UNITY_SPECCUBE_BLENDING UNITY_ENABLE_DETAIL_NORMALMAP SHADER_API_DESKTOP UNITY_COLORSPACE_GAMMA UNITY_LIGHTMAP_RGBM_ENCODING ok=1
Cmd: compileSnippet
  api=9 type=0 insize=1424 outsize=7223 kw=_EMISSION _METALLICGLOSSMAP _PARALLAXMAP pd=UNITY_ENABLE_REFLECTION_BUFFERS UNITY_USE_DITHER_MASK_FOR_ALPHABLENDED_SHADOWS UNITY_PBS_USE_BRDF1 UNITY_SPECCUBE_BOX_PROJECTION UNITY_SPECCUBE_BLENDING UNITY_ENABLE_DETAIL_NORMALMAP SHADER_API_DESKTOP UNITY_COLORSPACE_GAMMA UNITY_LIGHTMAP_RGBM_ENCODING ok=1
Cmd: compileSnippet
  api=9 type=1 insize=1424 outsize=0 kw= pd=UNITY_ENABLE_REFLECTION_BUFFERS UNITY_USE_DITHER_MASK_FOR_ALPHABLENDED_SHADOWS UNITY_PBS_USE_BRDF1 UNITY_SPECCUBE_BOX_PROJECTION UNITY_SPECCUBE_BLENDING UNITY_ENABLE_DETAIL_NORMALMAP SHADER_API_DESKTOP UNITY_COLORSPACE_GAMMA UNITY_LIGHTMAP_RGBM_ENCODING ok=1
Cmd: compileSnippet
  api=5 type=1 insize=1424 outsize=0 kw=LIGHTPROBE_SH _ALPHABLEND_ON pd=UNITY_ENABLE_REFLECTION_BUFFERS UNITY_USE_DITHER_MASK_FOR_ALPHABLENDED_SHADOWS UNITY_PBS_USE_BRDF1 UNITY_SPECCUBE_BOX_PROJECTION UNITY_SPECCUBE_BLENDING UNITY_ENABLE_DETAIL_NORMALMAP SHADER_API_DESKTOP UNITY_COLORSPACE_GAMMA UNITY_LIGHTMAP_RGBM_ENCODING ok=1
Cmd: compileSnippet
  api=9 type=1 insize=1424 outsize=0 kw=LIGHTPROBE_SH _METALLICGLOSSMAP pd=UNITY_ENABLE_REFLECTION_BUFFERS UNITY_USE_DITHER_MASK_FOR_ALPHABLENDED_SHADOWS UNITY_PBS_USE_BRDF1 UNITY_SPECCUBE_BOX_PROJECTION UNITY_SPECCUBE_BLENDING UNITY_ENABLE_DETAIL_NORMALMAP SHADER_API_DESKTOP UNITY_COLORSPACE_GAMMA UNITY_LIGHTMAP_RGBM_ENCODING ok=1
Cmd: compileSnippet
  api=5 type=1 insize=1424 outsize=0 kw=LIGHTPROBE_SH _METALLICGLOSSMAP _PARALLAXMAP pd=UNITY_ENABLE_REFLECTION_BUFFERS UNITY_USE_DITHER_MASK_FOR_ALPHABLENDED_SHADOWS UNITY_PBS_USE_BRDF1 UNITY_SPECCUBE_BOX_PROJECTION UNITY_SPECCUBE_BLENDING UNITY_ENABLE_DETAIL_NORMALMAP SHADER_API_DESKTOP UNITY_COLORSPACE_GAMMA UNITY_LIGHTMAP_RGBM_ENCODING ok=1
Cmd: compileSnippet
  api=9 type=1 insize=1424 outsize=0 kw=LIGHTPROBE_SH _SMOOTHNESS_TEXTURE_ALBEDO_CHANNEL_A pd=UNITY_ENABLE_REFLECTION_BUFFERS UNITY_USE_DITHER_MASK_FOR_ALPHABLENDED_SHADOWS UNITY_PBS_USE_BRDF1 UNITY_SPECCUBE_BOX_PROJECTION UNITY_SPECCUBE_BLENDING UNITY_ENABLE_DETAIL_NORMALMAP SHADER_API_DESKTOP UNITY_COLORSPACE_GAMMA UNITY_LIGHTMAP_RGBM_ENCODING ok=1
Cmd: compileSnippet
  api=9 type=1 insize=1424 outsize=0 kw=LIGHTPROBE_SH pd=UNITY_ENABLE_REFLECTION_BUFFERS UNITY_USE_DITHER_MASK_FOR_ALPHABLENDED_SHADOWS UNITY_PBS_USE_BRDF1 UNITY_SPECCUBE_BOX_PROJECTION UNITY_SPECCUBE_BLENDING UNITY_ENABLE_DETAIL_NORMALMAP SHADER_API_DESKTOP UNITY_COLORSPACE_GAMMA UNITY_LIGHTMAP_RGBM_ENCODING ok=1
Cmd: compileSnippet
  api=9 type=1 insize=1424 outsize=0 kw=DYNAMICLIGHTMAP_ON _ALPHABLEND_ON pd=UNITY_ENABLE_REFLECTION_BUFFERS UNITY_USE_DITHER_MASK_FOR_ALPHABLENDED_SHADOWS UNITY_PBS_USE_BRDF1 UNITY_SPECCUBE_BOX_PROJECTION UNITY_SPECCUBE_BLENDING UNITY_ENABLE_DETAIL_NORMALMAP SHADER_API_DESKTOP UNITY_COLORSPACE_GAMMA UNITY_LIGHTMAP_RGBM_ENCODING ok=1
Cmd: compileSnippet
  api=5 type=1 insize=1424 outsize=0 kw=DYNAMICLIGHTMAP_ON _METALLICGLOSSMAP pd=UNITY_ENABLE_REFLECTION_BUFFERS UNITY_USE_DITHER_MASK_FOR_ALPHABLENDED_SHADOWS UNITY_PBS_USE_BRDF1 UNITY_SPECCUBE_BOX_PROJECTION UNITY_SPECCUBE_BLENDING UNITY_ENABLE_DETAIL_NORMALMAP SHADER_API_DESKTOP UNITY_COLORSPACE_GAMMA UNITY_LIGHTMAP_RGBM_ENCODING ok=1
Cmd: compileSnippet
  api=5 type=1 insize=1424 outsize=0 kw=DYNAMICLIGHTMAP_ON _METALLICGLOSSMAP _PARALLAXMAP pd=UNITY_ENABLE_REFLECTION_BUFFERS UNITY_USE_DITHER_MASK_FOR_ALPHABLENDED_SHADOWS UNITY_PBS_USE_BRDF1 UNITY_SPECCUBE_BOX_PROJECTION UNITY_SPECCUBE_BLENDING UNITY_ENABLE_DETAIL_NORMALMAP SHADER_API_DESKTOP UNITY_COLORSPACE_GAMMA UNITY_LIGHTMAP_RGBM_ENCODING ok=1
Cmd: compileSnippet
  api=5 type=1 insize=1424 outsize=0 kw=DYNAMICLIGHTMAP_ON _SMOOTHNESS_TEXTURE_ALBEDO_CHANNEL_A pd=UNITY_ENABLE_REFLECTION_BUFFERS UNITY_USE_DITHER_MASK_FOR_ALPHABLENDED_SHADOWS UNITY_PBS_USE_BRDF1 UNITY_SPECCUBE_BOX_PROJECTION UNITY_SPECCUBE_BLENDING UNITY_ENABLE_DETAIL_NORMALMAP SHADER_API_DESKTOP UNITY_COLORSPACE_GAMMA UNITY_LIGHTMAP_RGBM_ENCODING ok=1
Cmd: compileSnippet
  api=5 type=1 insize=1424 outsize=0 kw=DYNAMICLIGHTMAP_ON pd=UNITY_ENABLE_REFLECTION_BUFFERS UNITY_USE_DITHER_MASK_FOR_ALPHABLENDED_SHADOWS UNITY_PBS_USE_BRDF1 UNITY_SPECCUBE_BOX_PROJECTION UNITY_SPECCUBE_BLENDING UNITY_ENABLE_DETAIL_NORMALMAP SHADER_API_DESKTOP UNITY_COLORSPACE_GAMMA UNITY_LIGHTMAP_RGBM_ENCODING ok=1
Cmd: compileSnippet
  api=9 type=1 insize=1424 outsize=0 kw=DIRLIGHTMAP_COMBINED DYNAMICLIGHTMAP_ON _ALPHABLEND_ON pd=UNITY_ENABLE_REFLECTION_BUFFERS UNITY_USE_DITHER_MASK_FOR_ALPHABLENDED_SHADOWS UNITY_PBS_USE_BRDF1 UNITY_SPECCUBE_BOX_PROJECTION UNITY_SPECCUBE_BLENDING UNITY_ENABLE_DETAIL_NORMALMAP SHADER_API_DESKTOP UNITY_COLORSPACE_GAMMA UNITY_LIGHTMAP_RGBM_ENCODING ok=1
Cmd: compileSnippet
  api=5 type=1 insize=1424 outsize=0 kw=DIRLIGHTMAP_COMBINED DYNAMICLIGHTMAP_ON _METALLICGLOSSMAP pd=UNITY_ENABLE_REFLECTION_BUFFERS UNITY_USE_DITHER_MASK_FOR_ALPHABLENDED_SHADOWS UNITY_PBS_USE_BRDF1 UNITY_SPECCUBE_BOX_PROJECTION UNITY_SPECCUBE_BLENDING UNITY_ENABLE_DETAIL_NORMALMAP SHADER_API_DESKTOP UNITY_COLORSPACE_GAMMA UNITY_LIGHTMAP_RGBM_ENCODING ok=1
Cmd: compileSnippet
  api=5 type=1 insize=1424 outsize=0 kw=DIRLIGHTMAP_COMBINED DYNAMICLIGHTMAP_ON _METALLICGLOSSMAP _PARALLAXMAP pd=UNITY_ENABLE_REFLECTION_BUFFERS UNITY_USE_DITHER_MASK_FOR_ALPHABLENDED_SHADOWS UNITY_PBS_USE_BRDF1 UNITY_SPECCUBE_BOX_PROJECTION UNITY_SPECCUBE_BLENDING UNITY_ENABLE_DETAIL_NORMALMAP SHADER_API_DESKTOP UNITY_COLORSPACE_GAMMA UNITY_LIGHTMAP_RGBM_ENCODING ok=1
Cmd: compileSnippet
  api=5 type=1 insize=1424 outsize=0 kw=DIRLIGHTMAP_COMBINED DYNAMICLIGHTMAP_ON _SMOOTHNESS_TEXTURE_ALBEDO_CHANNEL_A pd=UNITY_ENABLE_REFLECTION_BUFFERS UNITY_USE_DITHER_MASK_FOR_ALPHABLENDED_SHADOWS UNITY_PBS_USE_BRDF1 UNITY_SPECCUBE_BOX_PROJECTION UNITY_SPECCUBE_BLENDING UNITY_ENABLE_DETAIL_NORMALMAP SHADER_API_DESKTOP UNITY_COLORSPACE_GAMMA UNITY_LIGHTMAP_RGBM_ENCODING ok=1
Cmd: compileSnippet
  api=9 type=1 insize=1424 outsize=0 kw=DIRLIGHTMAP_COMBINED DYNAMICLIGHTMAP_ON pd=UNITY_ENABLE_REFLECTION_BUFFERS UNITY_USE_DITHER_MASK_FOR_ALPHABLENDED_SHADOWS UNITY_PBS_USE_BRDF1 UNITY_SPECCUBE_BOX_PROJECTION UNITY_SPECCUBE_BLENDING UNITY_ENABLE_DETAIL_NORMALMAP SHADER_API_DESKTOP UNITY_COLORSPACE_GAMMA UNITY_LIGHTMAP_RGBM_ENCODING ok=1
Cmd: compileSnippet
  api=5 type=1 insize=1424 outsize=0 kw=LIGHTPROBE_SH UNITY_HDR_ON _ALPHABLEND_ON pd=UNITY_ENABLE_REFLECTION_BUFFERS UNITY_USE_DITHER_MASK_FOR_ALPHABLENDED_SHADOWS UNITY_PBS_USE_BRDF1 UNITY_SPECCUBE_BOX_PROJECTION UNITY_SPECCUBE_BLENDING UNITY_ENABLE_DETAIL_NORMALMAP SHADER_API_DESKTOP UNITY_COLORSPACE_GAMMA UNITY_LIGHTMAP_RGBM_ENCODING ok=1
Cmd: compileSnippet
  api=5 type=1 insize=1424 outsize=0 kw=LIGHTPROBE_SH UNITY_HDR_ON _METALLICGLOSSMAP pd=UNITY_ENABLE_REFLECTION_BUFFERS UNITY_USE_DITHER_MASK_FOR_ALPHABLENDED_SHADOWS UNITY_PBS_USE_BRDF1 UNITY_SPECCUBE_BOX_PROJECTION UNITY_SPECCUBE_BLENDING UNITY_ENABLE_DETAIL_NORMALMAP SHADER_API_DESKTOP UNITY_COLORSPACE_GAMMA UNITY_LIGHTMAP_RGBM_ENCODING ok=1
Cmd: compileSnippet
  api=5 type=1 insize=1424 outsize=0 kw=LIGHTPROBE_SH UNITY_HDR_ON _METALLICGLOSSMAP _PARALLAXMAP pd=UNITY_ENABLE_REFLECTION_BUFFERS UNITY_USE_DITHER_MASK_FOR_ALPHABLENDED_SHADOWS UNITY_PBS_USE_BRDF1 UNITY_SPECCUBE_BOX_PROJECTION UNITY_SPECCUBE_BLENDING UNITY_ENABLE_DETAIL_NORMALMAP SHADER_API_DESKTOP UNITY_COLORSPACE_GAMMA UNITY_LIGHTMAP_RGBM_ENCODING ok=1
Cmd: compileSnippet
  api=5 type=1 insize=1424 outsize=0 kw=LIGHTPROBE_SH UNITY_HDR_ON _SMOOTHNESS_TEXTURE_ALBEDO_CHANNEL_A pd=UNITY_ENABLE_REFLECTION_BUFFERS UNITY_USE_DITHER_MASK_FOR_ALPHABLENDED_SHADOWS UNITY_PBS_USE_BRDF1 UNITY_SPECCUBE_BOX_PROJECTION UNITY_SPECCUBE_BLENDING UNITY_ENABLE_DETAIL_NORMALMAP SHADER_API_DESKTOP UNITY_COLORSPACE_GAMMA UNITY_LIGHTMAP_RGBM_ENCODING ok=1
Cmd: compileSnippet
  api=5 type=1 insize=1424 outsize=0 kw=LIGHTPROBE_SH UNITY_HDR_ON pd=UNITY_ENABLE_REFLECTION_BUFFERS UNITY_USE_DITHER_MASK_FOR_ALPHABLENDED_SHADOWS UNITY_PBS_USE_BRDF1 UNITY_SPECCUBE_BOX_PROJECTION UNITY_SPECCUBE_BLENDING UNITY_ENABLE_DETAIL_NORMALMAP SHADER_API_DESKTOP UNITY_COLORSPACE_GAMMA UNITY_LIGHTMAP_RGBM_ENCODING ok=1
Cmd: compileSnippet
  api=5 type=1 insize=1424 outsize=0 kw=DYNAMICLIGHTMAP_ON UNITY_HDR_ON _ALPHABLEND_ON pd=UNITY_ENABLE_REFLECTION_BUFFERS UNITY_USE_DITHER_MASK_FOR_ALPHABLENDED_SHADOWS UNITY_PBS_USE_BRDF1 UNITY_SPECCUBE_BOX_PROJECTION UNITY_SPECCUBE_BLENDING UNITY_ENABLE_DETAIL_NORMALMAP SHADER_API_DESKTOP UNITY_COLORSPACE_GAMMA UNITY_LIGHTMAP_RGBM_ENCODING ok=1
Cmd: compileSnippet
  api=5 type=1 insize=1424 outsize=0 kw=DYNAMICLIGHTMAP_ON UNITY_HDR_ON _METALLICGLOSSMAP pd=UNITY_ENABLE_REFLECTION_BUFFERS UNITY_USE_DITHER_MASK_FOR_ALPHABLENDED_SHADOWS UNITY_PBS_USE_BRDF1 UNITY_SPECCUBE_BOX_PROJECTION UNITY_SPECCUBE_BLENDING UNITY_ENABLE_DETAIL_NORMALMAP SHADER_API_DESKTOP UNITY_COLORSPACE_GAMMA UNITY_LIGHTMAP_RGBM_ENCODING ok=1
Cmd: compileSnippet
  api=5 type=1 insize=1424 outsize=0 kw=DYNAMICLIGHTMAP_ON UNITY_HDR_ON _METALLICGLOSSMAP _PARALLAXMAP pd=UNITY_ENABLE_REFLECTION_BUFFERS UNITY_USE_DITHER_MASK_FOR_ALPHABLENDED_SHADOWS UNITY_PBS_USE_BRDF1 UNITY_SPECCUBE_BOX_PROJECTION UNITY_SPECCUBE_BLENDING UNITY_ENABLE_DETAIL_NORMALMAP SHADER_API_DESKTOP UNITY_COLORSPACE_GAMMA UNITY_LIGHTMAP_RGBM_ENCODING ok=1
Cmd: compileSnippet
  api=9 type=1 insize=1424 outsize=0 kw=DYNAMICLIGHTMAP_ON UNITY_HDR_ON _SMOOTHNESS_TEXTURE_ALBEDO_CHANNEL_A pd=UNITY_ENABLE_REFLECTION_BUFFERS UNITY_USE_DITHER_MASK_FOR_ALPHABLENDED_SHADOWS UNITY_PBS_USE_BRDF1 UNITY_SPECCUBE_BOX_PROJECTION UNITY_SPECCUBE_BLENDING UNITY_ENABLE_DETAIL_NORMALMAP SHADER_API_DESKTOP UNITY_COLORSPACE_GAMMA UNITY_LIGHTMAP_RGBM_ENCODING ok=1
Cmd: compileSnippet
  api=9 type=1 insize=1424 outsize=0 kw=DYNAMICLIGHTMAP_ON UNITY_HDR_ON pd=UNITY_ENABLE_REFLECTION_BUFFERS UNITY_USE_DITHER_MASK_FOR_ALPHABLENDED_SHADOWS UNITY_PBS_USE_BRDF1 UNITY_SPECCUBE_BOX_PROJECTION UNITY_SPECCUBE_BLENDING UNITY_ENABLE_DETAIL_NORMALMAP SHADER_API_DESKTOP UNITY_COLORSPACE_GAMMA UNITY_LIGHTMAP_RGBM_ENCODING ok=1
Cmd: compileSnippet
  api=9 type=1 insize=1424 outsize=0 kw=DIRLIGHTMAP_COMBINED DYNAMICLIGHTMAP_ON UNITY_HDR_ON _ALPHABLEND_ON pd=UNITY_ENABLE_REFLECTION_BUFFERS UNITY_USE_DITHER_MASK_FOR_ALPHABLENDED_SHADOWS UNITY_PBS_USE_BRDF1 UNITY_SPECCUBE_BOX_PROJECTION UNITY_SPECCUBE_BLENDING UNITY_ENABLE_DETAIL_NORMALMAP SHADER_API_DESKTOP UNITY_COLORSPACE_GAMMA UNITY_LIGHTMAP_RGBM_ENCODING ok=1
Cmd: compileSnippet
  api=9 type=1 insize=1424 outsize=0 kw=DIRLIGHTMAP_COMBINED DYNAMICLIGHTMAP_ON UNITY_HDR_ON _METALLICGLOSSMAP pd=UNITY_ENABLE_REFLECTION_BUFFERS UNITY_USE_DITHER_MASK_FOR_ALPHABLENDED_SHADOWS UNITY_PBS_USE_BRDF1 UNITY_SPECCUBE_BOX_PROJECTION UNITY_SPECCUBE_BLENDING UNITY_ENABLE_DETAIL_NORMALMAP SHADER_API_DESKTOP UNITY_COLORSPACE_GAMMA UNITY_LIGHTMAP_RGBM_ENCODING ok=1
Cmd: compileSnippet
  api=9 type=1 insize=1424 outsize=0 kw=DIRLIGHTMAP_COMBINED DYNAMICLIGHTMAP_ON UNITY_HDR_ON _METALLICGLOSSMAP _PARALLAXMAP pd=UNITY_ENABLE_REFLECTION_BUFFERS UNITY_USE_DITHER_MASK_FOR_ALPHABLENDED_SHADOWS UNITY_PBS_USE_BRDF1 UNITY_SPECCUBE_BOX_PROJECTION UNITY_SPECCUBE_BLENDING UNITY_ENABLE_DETAIL_NORMALMAP SHADER_API_DESKTOP UNITY_COLORSPACE_GAMMA UNITY_LIGHTMAP_RGBM_ENCODING ok=1
Cmd: compileSnippet
  api=5 type=1 insize=1424 outsize=0 kw=DIRLIGHTMAP_COMBINED DYNAMICLIGHTMAP_ON _EMISSION UNITY_HDR_ON _SMOOTHNESS_TEXTURE_ALBEDO_CHANNEL_A pd=UNITY_ENABLE_REFLECTION_BUFFERS UNITY_USE_DITHER_MASK_FOR_ALPHABLENDED_SHADOWS UNITY_PBS_USE_BRDF1 UNITY_SPECCUBE_BOX_PROJECTION UNITY_SPECCUBE_BLENDING UNITY_ENABLE_DETAIL_NORMALMAP SHADER_API_DESKTOP UNITY_COLORSPACE_GAMMA UNITY_LIGHTMAP_RGBM_ENCODING ok=1
Cmd: compileSnippet
  api=5 type=1 insize=1424 outsize=0 kw=_EMISSION pd=UNITY_ENABLE_REFLECTION_BUFFERS UNITY_USE_DITHER_MASK_FOR_ALPHABLENDED_SHADOWS UNITY_PBS_USE_BRDF1 UNITY_SPECCUBE_BOX_PROJECTION UNITY_SPECCUBE_BLENDING UNITY_ENABLE_DETAIL_NORMALMAP SHADER_API_DESKTOP UNITY_COLORSPACE_GAMMA UNITY_LIGHTMAP_RGBM_ENCODING ok=1
Cmd: compileSnippet
  api=9 type=1 insize=1424 outsize=0 kw=_EMISSION _ALPHABLEND_ON pd=UNITY_ENABLE_REFLECTION_BUFFERS UNITY_USE_DITHER_MASK_FOR_ALPHABLENDED_SHADOWS UNITY_PBS_USE_BRDF1 UNITY_SPECCUBE_BOX_PROJECTION UNITY_SPECCUBE_BLENDING UNITY_ENABLE_DETAIL_NORMALMAP SHADER_API_DESKTOP UNITY_COLORSPACE_GAMMA UNITY_LIGHTMAP_RGBM_ENCODING ok=1
Cmd: compileSnippet
  api=9 type=1 insize=1424 outsize=0 kw=_EMISSION _METALLICGLOSSMAP pd=UNITY_ENABLE_REFLECTION_BUFFERS UNITY_USE_DITHER_MASK_FOR_ALPHABLENDED_SHADOWS UNITY_PBS_USE_BRDF1 UNITY_SPECCUBE_BOX_PROJECTION UNITY_SPECCUBE_BLENDING UNITY_ENABLE_DETAIL_NORMALMAP SHADER_API_DESKTOP UNITY_COLORSPACE_GAMMA UNITY_LIGHTMAP_RGBM_ENCODING ok=1
Cmd: compileSnippet
  api=9 type=1 insize=1424 outsize=0 kw=_METALLICGLOSSMAP _PARALLAXMAP pd=UNITY_ENABLE_REFLECTION_BUFFERS UNITY_USE_DITHER_MASK_FOR_ALPHABLENDED_SHADOWS UNITY_PBS_USE_BRDF1 UNITY_SPECCUBE_BOX_PROJECTION UNITY_SPECCUBE_BLENDING UNITY_ENABLE_DETAIL_NORMALMAP SHADER_API_DESKTOP UNITY_COLORSPACE_GAMMA UNITY_LIGHTMAP_RGBM_ENCODING ok=1
Cmd: compileSnippet
  api=5 type=1 insize=1424 outsize=0 kw=_EMISSION _SMOOTHNESS_TEXTURE_ALBEDO_CHANNEL_A pd=UNITY_ENABLE_REFLECTION_BUFFERS UNITY_USE_DITHER_MASK_FOR_ALPHABLENDED_SHADOWS UNITY_PBS_USE_BRDF1 UNITY_SPECCUBE_BOX_PROJECTION UNITY_SPECCUBE_BLENDING UNITY_ENABLE_DETAIL_NORMALMAP SHADER_API_DESKTOP UNITY_COLORSPACE_GAMMA UNITY_LIGHTMAP_RGBM_ENCODING ok=1
Cmd: compileSnippet
  api=5 type=0 insize=807 outsize=3661 kw=_EMISSION pd=UNITY_ENABLE_REFLECTION_BUFFERS UNITY_USE_DITHER_MASK_FOR_ALPHABLENDED_SHADOWS UNITY_PBS_USE_BRDF1 UNITY_SPECCUBE_BOX_PROJECTION UNITY_SPECCUBE_BLENDING UNITY_ENABLE_DETAIL_NORMALMAP SHADER_API_DESKTOP UNITY_COLORSPACE_GAMMA UNITY_LIGHTMAP_RGBM_ENCODING ok=1
Cmd: compileSnippet
  api=5 type=0 insize=807 outsize=3468 kw=_METALLICGLOSSMAP pd=UNITY_ENABLE_REFLECTION_BUFFERS UNITY_USE_DITHER_MASK_FOR_ALPHABLENDED_SHADOWS UNITY_PBS_USE_BRDF1 UNITY_SPECCUBE_BOX_PROJECTION UNITY_SPECCUBE_BLENDING UNITY_ENABLE_DETAIL_NORMALMAP SHADER_API_DESKTOP UNITY_COLORSPACE_GAMMA UNITY_LIGHTMAP_RGBM_ENCODING ok=1
Cmd: compileSnippet
  api=5 type=0 insize=807 outsize=3390 kw=_SMOOTHNESS_TEXTURE_ALBEDO_CHANNEL_A pd=UNITY_ENABLE_REFLECTION_BUFFERS UNITY_USE_DITHER_MASK_FOR_ALPHABLENDED_SHADOWS UNITY_PBS_USE_BRDF1 UNITY_SPECCUBE_BOX_PROJECTION UNITY_SPECCUBE_BLENDING UNITY_ENABLE_DETAIL_NORMALMAP SHADER_API_DESKTOP UNITY_COLORSPACE_GAMMA UNITY_LIGHTMAP_RGBM_ENCODING ok=1
Cmd: compileSnippet
  api=9 type=0 insize=807 outsize=4821 kw=_EMISSION _SMOOTHNESS_TEXTURE_ALBEDO_CHANNEL_A pd=UNITY_ENABLE_REFLECTION_BUFFERS UNITY_USE_DITHER_MASK_FOR_ALPHABLENDED_SHADOWS UNITY_PBS_USE_BRDF1 UNITY_SPECCUBE_BOX_PROJECTION UNITY_SPECCUBE_BLENDING UNITY_ENABLE_DETAIL_NORMALMAP SHADER_API_DESKTOP UNITY_COLORSPACE_GAMMA UNITY_LIGHTMAP_RGBM_ENCODING ok=1
Cmd: compileSnippet
  api=5 type=1 insize=807 outsize=0 kw=_EMISSION pd=UNITY_ENABLE_REFLECTION_BUFFERS UNITY_USE_DITHER_MASK_FOR_ALPHABLENDED_SHADOWS UNITY_PBS_USE_BRDF1 UNITY_SPECCUBE_BOX_PROJECTION UNITY_SPECCUBE_BLENDING UNITY_ENABLE_DETAIL_NORMALMAP SHADER_API_DESKTOP UNITY_COLORSPACE_GAMMA UNITY_LIGHTMAP_RGBM_ENCODING ok=1
Cmd: compileSnippet
  api=9 type=1 insize=807 outsize=0 kw=_EMISSION _METALLICGLOSSMAP pd=UNITY_ENABLE_REFLECTION_BUFFERS UNITY_USE_DITHER_MASK_FOR_ALPHABLENDED_SHADOWS UNITY_PBS_USE_BRDF1 UNITY_SPECCUBE_BOX_PROJECTION UNITY_SPECCUBE_BLENDING UNITY_ENABLE_DETAIL_NORMALMAP SHADER_API_DESKTOP UNITY_COLORSPACE_GAMMA UNITY_LIGHTMAP_RGBM_ENCODING ok=1
Cmd: compileSnippet
  api=9 type=1 insize=807 outsize=0 kw=_EMISSION _SMOOTHNESS_TEXTURE_ALBEDO_CHANNEL_A pd=UNITY_ENABLE_REFLECTION_BUFFERS UNITY_USE_DITHER_MASK_FOR_ALPHABLENDED_SHADOWS UNITY_PBS_USE_BRDF1 UNITY_SPECCUBE_BOX_PROJECTION UNITY_SPECCUBE_BLENDING UNITY_ENABLE_DETAIL_NORMALMAP SHADER_API_DESKTOP UNITY_COLORSPACE_GAMMA UNITY_LIGHTMAP_RGBM_ENCODING ok=1
Cmd: compileSnippet
  api=9 type=0 insize=1272 outsize=8379 kw=DIRECTIONAL LIGHTPROBE_SH _EMISSION pd=UNITY_ENABLE_REFLECTION_BUFFERS UNITY_USE_DITHER_MASK_FOR_ALPHABLENDED_SHADOWS UNITY_PBS_USE_BRDF1 UNITY_SPECCUBE_BOX_PROJECTION UNITY_SPECCUBE_BLENDING UNITY_ENABLE_DETAIL_NORMALMAP SHADER_API_DESKTOP UNITY_COLORSPACE_GAMMA UNITY_LIGHTMAP_RGBM_ENCODING ok=1
Cmd: compileSnippet
  api=9 type=0 insize=1272 outsize=8385 kw=DIRECTIONAL LIGHTPROBE_SH _EMISSION _ALPHABLEND_ON pd=UNITY_ENABLE_REFLECTION_BUFFERS UNITY_USE_DITHER_MASK_FOR_ALPHABLENDED_SHADOWS UNITY_PBS_USE_BRDF1 UNITY_SPECCUBE_BOX_PROJECTION UNITY_SPECCUBE_BLENDING UNITY_ENABLE_DETAIL_NORMALMAP SHADER_API_DESKTOP UNITY_COLORSPACE_GAMMA UNITY_LIGHTMAP_RGBM_ENCODING ok=1
Cmd: compileSnippet
  api=5 type=0 insize=1272 outsize=7726 kw=DIRECTIONAL LIGHTPROBE_SH _SMOOTHNESS_TEXTURE_ALBEDO_CHANNEL_A pd=UNITY_ENABLE_REFLECTION_BUFFERS UNITY_USE_DITHER_MASK_FOR_ALPHABLENDED_SHADOWS UNITY_PBS_USE_BRDF1 UNITY_SPECCUBE_BOX_PROJECTION UNITY_SPECCUBE_BLENDING UNITY_ENABLE_DETAIL_NORMALMAP SHADER_API_DESKTOP UNITY_COLORSPACE_GAMMA UNITY_LIGHTMAP_RGBM_ENCODING ok=1
Cmd: compileSnippet
  api=9 type=0 insize=1272 outsize=8439 kw=DIRECTIONAL LIGHTPROBE_SH _EMISSION _SMOOTHNESS_TEXTURE_ALBEDO_CHANNEL_A pd=UNITY_ENABLE_REFLECTION_BUFFERS UNITY_USE_DITHER_MASK_FOR_ALPHABLENDED_SHADOWS UNITY_PBS_USE_BRDF1 UNITY_SPECCUBE_BOX_PROJECTION UNITY_SPECCUBE_BLENDING UNITY_ENABLE_DETAIL_NORMALMAP SHADER_API_DESKTOP UNITY_COLORSPACE_GAMMA UNITY_LIGHTMAP_RGBM_ENCODING ok=1
Cmd: compileSnippet
  api=5 type=0 insize=1272 outsize=13270 kw=DIRECTIONAL DYNAMICLIGHTMAP_ON _ALPHABLEND_ON pd=UNITY_ENABLE_REFLECTION_BUFFERS UNITY_USE_DITHER_MASK_FOR_ALPHABLENDED_SHADOWS UNITY_PBS_USE_BRDF1 UNITY_SPECCUBE_BOX_PROJECTION UNITY_SPECCUBE_BLENDING UNITY_ENABLE_DETAIL_NORMALMAP SHADER_API_DESKTOP UNITY_COLORSPACE_GAMMA UNITY_LIGHTMAP_RGBM_ENCODING ok=1
Cmd: compileSnippet
  api=9 type=0 insize=1272 outsize=13954 kw=DIRECTIONAL DYNAMICLIGHTMAP_ON _EMISSION _ALPHABLEND_ON pd=UNITY_ENABLE_REFLECTION_BUFFERS UNITY_USE_DITHER_MASK_FOR_ALPHABLENDED_SHADOWS UNITY_PBS_USE_BRDF1 UNITY_SPECCUBE_BOX_PROJECTION UNITY_SPECCUBE_BLENDING UNITY_ENABLE_DETAIL_NORMALMAP SHADER_API_DESKTOP UNITY_COLORSPACE_GAMMA UNITY_LIGHTMAP_RGBM_ENCODING ok=1
Cmd: compileSnippet
  api=5 type=0 insize=1272 outsize=13214 kw=DIRECTIONAL DYNAMICLIGHTMAP_ON _SMOOTHNESS_TEXTURE_ALBEDO_CHANNEL_A pd=UNITY_ENABLE_REFLECTION_BUFFERS UNITY_USE_DITHER_MASK_FOR_ALPHABLENDED_SHADOWS UNITY_PBS_USE_BRDF1 UNITY_SPECCUBE_BOX_PROJECTION UNITY_SPECCUBE_BLENDING UNITY_ENABLE_DETAIL_NORMALMAP SHADER_API_DESKTOP UNITY_COLORSPACE_GAMMA UNITY_LIGHTMAP_RGBM_ENCODING ok=1
Cmd: compileSnippet
  api=9 type=0 insize=1272 outsize=13878 kw=DIRECTIONAL DYNAMICLIGHTMAP_ON _EMISSION _SMOOTHNESS_TEXTURE_ALBEDO_CHANNEL_A pd=UNITY_ENABLE_REFLECTION_BUFFERS UNITY_USE_DITHER_MASK_FOR_ALPHABLENDED_SHADOWS UNITY_PBS_USE_BRDF1 UNITY_SPECCUBE_BOX_PROJECTION UNITY_SPECCUBE_BLENDING UNITY_ENABLE_DETAIL_NORMALMAP SHADER_API_DESKTOP UNITY_COLORSPACE_GAMMA UNITY_LIGHTMAP_RGBM_ENCODING ok=1
Cmd: compileSnippet
  api=5 type=0 insize=1272 outsize=14099 kw=DIRECTIONAL SHADOWS_SCREEN _ALPHABLEND_ON pd=UNITY_ENABLE_REFLECTION_BUFFERS UNITY_USE_DITHER_MASK_FOR_ALPHABLENDED_SHADOWS UNITY_PBS_USE_BRDF1 UNITY_SPECCUBE_BOX_PROJECTION UNITY_SPECCUBE_BLENDING UNITY_ENABLE_DETAIL_NORMALMAP SHADER_API_DESKTOP UNITY_COLORSPACE_GAMMA UNITY_LIGHTMAP_RGBM_ENCODING ok=1
Cmd: compileSnippet
  api=9 type=0 insize=1272 outsize=14841 kw=DIRECTIONAL SHADOWS_SCREEN _EMISSION _ALPHABLEND_ON pd=UNITY_ENABLE_REFLECTION_BUFFERS UNITY_USE_DITHER_MASK_FOR_ALPHABLENDED_SHADOWS UNITY_PBS_USE_BRDF1 UNITY_SPECCUBE_BOX_PROJECTION UNITY_SPECCUBE_BLENDING UNITY_ENABLE_DETAIL_NORMALMAP SHADER_API_DESKTOP UNITY_COLORSPACE_GAMMA UNITY_LIGHTMAP_RGBM_ENCODING ok=1
Cmd: compileSnippet
  api=5 type=0 insize=1272 outsize=14042 kw=DIRECTIONAL SHADOWS_SCREEN _SMOOTHNESS_TEXTURE_ALBEDO_CHANNEL_A pd=UNITY_ENABLE_REFLECTION_BUFFERS UNITY_USE_DITHER_MASK_FOR_ALPHABLENDED_SHADOWS UNITY_PBS_USE_BRDF1 UNITY_SPECCUBE_BOX_PROJECTION UNITY_SPECCUBE_BLENDING UNITY_ENABLE_DETAIL_NORMALMAP SHADER_API_DESKTOP UNITY_COLORSPACE_GAMMA UNITY_LIGHTMAP_RGBM_ENCODING ok=1
Cmd: compileSnippet
  api=9 type=0 insize=1272 outsize=14765 kw=DIRECTIONAL SHADOWS_SCREEN _EMISSION _SMOOTHNESS_TEXTURE_ALBEDO_CHANNEL_A pd=UNITY_ENABLE_REFLECTION_BUFFERS UNITY_USE_DITHER_MASK_FOR_ALPHABLENDED_SHADOWS UNITY_PBS_USE_BRDF1 UNITY_SPECCUBE_BOX_PROJECTION UNITY_SPECCUBE_BLENDING UNITY_ENABLE_DETAIL_NORMALMAP SHADER_API_DESKTOP UNITY_COLORSPACE_GAMMA UNITY_LIGHTMAP_RGBM_ENCODING ok=1
Cmd: compileSnippet
  api=5 type=0 insize=1272 outsize=15456 kw=DIRECTIONAL SHADOWS_SCREEN LIGHTPROBE_SH _ALPHABLEND_ON pd=UNITY_ENABLE_REFLECTION_BUFFERS UNITY_USE_DITHER_MASK_FOR_ALPHABLENDED_SHADOWS UNITY_PBS_USE_BRDF1 UNITY_SPECCUBE_BOX_PROJECTION UNITY_SPECCUBE_BLENDING UNITY_ENABLE_DETAIL_NORMALMAP SHADER_API_DESKTOP UNITY_COLORSPACE_GAMMA UNITY_LIGHTMAP_RGBM_ENCODING ok=1
Cmd: compileSnippet
  api=9 type=0 insize=1272 outsize=16324 kw=DIRECTIONAL SHADOWS_SCREEN LIGHTPROBE_SH _EMISSION _ALPHABLEND_ON pd=UNITY_ENABLE_REFLECTION_BUFFERS UNITY_USE_DITHER_MASK_FOR_ALPHABLENDED_SHADOWS UNITY_PBS_USE_BRDF1 UNITY_SPECCUBE_BOX_PROJECTION UNITY_SPECCUBE_BLENDING UNITY_ENABLE_DETAIL_NORMALMAP SHADER_API_DESKTOP UNITY_COLORSPACE_GAMMA UNITY_LIGHTMAP_RGBM_ENCODING ok=1
Cmd: compileSnippet
  api=5 type=0 insize=1272 outsize=15398 kw=DIRECTIONAL SHADOWS_SCREEN LIGHTPROBE_SH _SMOOTHNESS_TEXTURE_ALBEDO_CHANNEL_A pd=UNITY_ENABLE_REFLECTION_BUFFERS UNITY_USE_DITHER_MASK_FOR_ALPHABLENDED_SHADOWS UNITY_PBS_USE_BRDF1 UNITY_SPECCUBE_BOX_PROJECTION UNITY_SPECCUBE_BLENDING UNITY_ENABLE_DETAIL_NORMALMAP SHADER_API_DESKTOP UNITY_COLORSPACE_GAMMA UNITY_LIGHTMAP_RGBM_ENCODING ok=1
Cmd: compileSnippet
  api=9 type=0 insize=1272 outsize=16224 kw=DIRECTIONAL SHADOWS_SCREEN LIGHTPROBE_SH _EMISSION _SMOOTHNESS_TEXTURE_ALBEDO_CHANNEL_A pd=UNITY_ENABLE_REFLECTION_BUFFERS UNITY_USE_DITHER_MASK_FOR_ALPHABLENDED_SHADOWS UNITY_PBS_USE_BRDF1 UNITY_SPECCUBE_BOX_PROJECTION UNITY_SPECCUBE_BLENDING UNITY_ENABLE_DETAIL_NORMALMAP SHADER_API_DESKTOP UNITY_COLORSPACE_GAMMA UNITY_LIGHTMAP_RGBM_ENCODING ok=1
Cmd: compileSnippet
  api=5 type=0 insize=1272 outsize=14849 kw=DIRECTIONAL SHADOWS_SCREEN DYNAMICLIGHTMAP_ON _ALPHABLEND_ON pd=UNITY_ENABLE_REFLECTION_BUFFERS UNITY_USE_DITHER_MASK_FOR_ALPHABLENDED_SHADOWS UNITY_PBS_USE_BRDF1 UNITY_SPECCUBE_BOX_PROJECTION UNITY_SPECCUBE_BLENDING UNITY_ENABLE_DETAIL_NORMALMAP SHADER_API_DESKTOP UNITY_COLORSPACE_GAMMA UNITY_LIGHTMAP_RGBM_ENCODING ok=1
Cmd: compileSnippet
  api=9 type=0 insize=1272 outsize=15586 kw=DIRECTIONAL SHADOWS_SCREEN DYNAMICLIGHTMAP_ON _EMISSION _ALPHABLEND_ON pd=UNITY_ENABLE_REFLECTION_BUFFERS UNITY_USE_DITHER_MASK_FOR_ALPHABLENDED_SHADOWS UNITY_PBS_USE_BRDF1 UNITY_SPECCUBE_BOX_PROJECTION UNITY_SPECCUBE_BLENDING UNITY_ENABLE_DETAIL_NORMALMAP SHADER_API_DESKTOP UNITY_COLORSPACE_GAMMA UNITY_LIGHTMAP_RGBM_ENCODING ok=1
Cmd: compileSnippet
  api=5 type=0 insize=1272 outsize=14791 kw=DIRECTIONAL SHADOWS_SCREEN DYNAMICLIGHTMAP_ON _SMOOTHNESS_TEXTURE_ALBEDO_CHANNEL_A pd=UNITY_ENABLE_REFLECTION_BUFFERS UNITY_USE_DITHER_MASK_FOR_ALPHABLENDED_SHADOWS UNITY_PBS_USE_BRDF1 UNITY_SPECCUBE_BOX_PROJECTION UNITY_SPECCUBE_BLENDING UNITY_ENABLE_DETAIL_NORMALMAP SHADER_API_DESKTOP UNITY_COLORSPACE_GAMMA UNITY_LIGHTMAP_RGBM_ENCODING ok=1
Cmd: compileSnippet
  api=9 type=0 insize=1272 outsize=15510 kw=DIRECTIONAL SHADOWS_SCREEN DYNAMICLIGHTMAP_ON _EMISSION _SMOOTHNESS_TEXTURE_ALBEDO_CHANNEL_A pd=UNITY_ENABLE_REFLECTION_BUFFERS UNITY_USE_DITHER_MASK_FOR_ALPHABLENDED_SHADOWS UNITY_PBS_USE_BRDF1 UNITY_SPECCUBE_BOX_PROJECTION UNITY_SPECCUBE_BLENDING UNITY_ENABLE_DETAIL_NORMALMAP SHADER_API_DESKTOP UNITY_COLORSPACE_GAMMA UNITY_LIGHTMAP_RGBM_ENCODING ok=1
Cmd: compileSnippet
  api=5 type=0 insize=1272 outsize=6292 kw=DIRECTIONAL VERTEXLIGHT_ON _ALPHABLEND_ON pd=UNITY_ENABLE_REFLECTION_BUFFERS UNITY_USE_DITHER_MASK_FOR_ALPHABLENDED_SHADOWS UNITY_PBS_USE_BRDF1 UNITY_SPECCUBE_BOX_PROJECTION UNITY_SPECCUBE_BLENDING UNITY_ENABLE_DETAIL_NORMALMAP SHADER_API_DESKTOP UNITY_COLORSPACE_GAMMA UNITY_LIGHTMAP_RGBM_ENCODING ok=1
Cmd: compileSnippet
  api=9 type=0 insize=1272 outsize=6783 kw=DIRECTIONAL _EMISSION VERTEXLIGHT_ON _ALPHABLEND_ON pd=UNITY_ENABLE_REFLECTION_BUFFERS UNITY_USE_DITHER_MASK_FOR_ALPHABLENDED_SHADOWS UNITY_PBS_USE_BRDF1 UNITY_SPECCUBE_BOX_PROJECTION UNITY_SPECCUBE_BLENDING UNITY_ENABLE_DETAIL_NORMALMAP SHADER_API_DESKTOP UNITY_COLORSPACE_GAMMA UNITY_LIGHTMAP_RGBM_ENCODING ok=1
Cmd: compileSnippet
  api=5 type=0 insize=1272 outsize=6293 kw=DIRECTIONAL VERTEXLIGHT_ON _SMOOTHNESS_TEXTURE_ALBEDO_CHANNEL_A pd=UNITY_ENABLE_REFLECTION_BUFFERS UNITY_USE_DITHER_MASK_FOR_ALPHABLENDED_SHADOWS UNITY_PBS_USE_BRDF1 UNITY_SPECCUBE_BOX_PROJECTION UNITY_SPECCUBE_BLENDING UNITY_ENABLE_DETAIL_NORMALMAP SHADER_API_DESKTOP UNITY_COLORSPACE_GAMMA UNITY_LIGHTMAP_RGBM_ENCODING ok=1
Cmd: compileSnippet
  api=5 type=0 insize=1272 outsize=6272 kw=DIRECTIONAL VERTEXLIGHT_ON pd=UNITY_ENABLE_REFLECTION_BUFFERS UNITY_USE_DITHER_MASK_FOR_ALPHABLENDED_SHADOWS UNITY_PBS_USE_BRDF1 UNITY_SPECCUBE_BOX_PROJECTION UNITY_SPECCUBE_BLENDING UNITY_ENABLE_DETAIL_NORMALMAP SHADER_API_DESKTOP UNITY_COLORSPACE_GAMMA UNITY_LIGHTMAP_RGBM_ENCODING ok=1
Cmd: compileSnippet
  api=9 type=0 insize=1272 outsize=9670 kw=DIRECTIONAL LIGHTPROBE_SH _EMISSION VERTEXLIGHT_ON pd=UNITY_ENABLE_REFLECTION_BUFFERS UNITY_USE_DITHER_MASK_FOR_ALPHABLENDED_SHADOWS UNITY_PBS_USE_BRDF1 UNITY_SPECCUBE_BOX_PROJECTION UNITY_SPECCUBE_BLENDING UNITY_ENABLE_DETAIL_NORMALMAP SHADER_API_DESKTOP UNITY_COLORSPACE_GAMMA UNITY_LIGHTMAP_RGBM_ENCODING ok=1
Cmd: compileSnippet
  api=5 type=0 insize=1272 outsize=9638 kw=DIRECTIONAL LIGHTPROBE_SH VERTEXLIGHT_ON _METALLICGLOSSMAP pd=UNITY_ENABLE_REFLECTION_BUFFERS UNITY_USE_DITHER_MASK_FOR_ALPHABLENDED_SHADOWS UNITY_PBS_USE_BRDF1 UNITY_SPECCUBE_BOX_PROJECTION UNITY_SPECCUBE_BLENDING UNITY_ENABLE_DETAIL_NORMALMAP SHADER_API_DESKTOP UNITY_COLORSPACE_GAMMA UNITY_LIGHTMAP_RGBM_ENCODING ok=1
Cmd: compileSnippet
  api=9 type=0 insize=1272 outsize=9829 kw=DIRECTIONAL LIGHTPROBE_SH _EMISSION VERTEXLIGHT_ON _METALLICGLOSSMAP pd=UNITY_ENABLE_REFLECTION_BUFFERS UNITY_USE_DITHER_MASK_FOR_ALPHABLENDED_SHADOWS UNITY_PBS_USE_BRDF1 UNITY_SPECCUBE_BOX_PROJECTION UNITY_SPECCUBE_BLENDING UNITY_ENABLE_DETAIL_NORMALMAP SHADER_API_DESKTOP UNITY_COLORSPACE_GAMMA UNITY_LIGHTMAP_RGBM_ENCODING ok=1
Cmd: compileSnippet
  api=5 type=0 insize=1272 outsize=9536 kw=DIRECTIONAL LIGHTPROBE_SH VERTEXLIGHT_ON pd=UNITY_ENABLE_REFLECTION_BUFFERS UNITY_USE_DITHER_MASK_FOR_ALPHABLENDED_SHADOWS UNITY_PBS_USE_BRDF1 UNITY_SPECCUBE_BOX_PROJECTION UNITY_SPECCUBE_BLENDING UNITY_ENABLE_DETAIL_NORMALMAP SHADER_API_DESKTOP UNITY_COLORSPACE_GAMMA UNITY_LIGHTMAP_RGBM_ENCODING ok=1
Cmd: compileSnippet
  api=9 type=0 insize=1272 outsize=13818 kw=DIRECTIONAL DYNAMICLIGHTMAP_ON _EMISSION VERTEXLIGHT_ON pd=UNITY_ENABLE_REFLECTION_BUFFERS UNITY_USE_DITHER_MASK_FOR_ALPHABLENDED_SHADOWS UNITY_PBS_USE_BRDF1 UNITY_SPECCUBE_BOX_PROJECTION UNITY_SPECCUBE_BLENDING UNITY_ENABLE_DETAIL_NORMALMAP SHADER_API_DESKTOP UNITY_COLORSPACE_GAMMA UNITY_LIGHTMAP_RGBM_ENCODING ok=1
Cmd: compileSnippet
  api=5 type=0 insize=1272 outsize=13296 kw=DIRECTIONAL DYNAMICLIGHTMAP_ON VERTEXLIGHT_ON _METALLICGLOSSMAP pd=UNITY_ENABLE_REFLECTION_BUFFERS UNITY_USE_DITHER_MASK_FOR_ALPHABLENDED_SHADOWS UNITY_PBS_USE_BRDF1 UNITY_SPECCUBE_BOX_PROJECTION UNITY_SPECCUBE_BLENDING UNITY_ENABLE_DETAIL_NORMALMAP SHADER_API_DESKTOP UNITY_COLORSPACE_GAMMA UNITY_LIGHTMAP_RGBM_ENCODING ok=1
Cmd: compileSnippet
  api=9 type=0 insize=1272 outsize=13936 kw=DIRECTIONAL DYNAMICLIGHTMAP_ON _EMISSION VERTEXLIGHT_ON _METALLICGLOSSMAP pd=UNITY_ENABLE_REFLECTION_BUFFERS UNITY_USE_DITHER_MASK_FOR_ALPHABLENDED_SHADOWS UNITY_PBS_USE_BRDF1 UNITY_SPECCUBE_BOX_PROJECTION UNITY_SPECCUBE_BLENDING UNITY_ENABLE_DETAIL_NORMALMAP SHADER_API_DESKTOP UNITY_COLORSPACE_GAMMA UNITY_LIGHTMAP_RGBM_ENCODING ok=1
Cmd: compileSnippet
  api=5 type=0 insize=1272 outsize=13193 kw=DIRECTIONAL DYNAMICLIGHTMAP_ON VERTEXLIGHT_ON pd=UNITY_ENABLE_REFLECTION_BUFFERS UNITY_USE_DITHER_MASK_FOR_ALPHABLENDED_SHADOWS UNITY_PBS_USE_BRDF1 UNITY_SPECCUBE_BOX_PROJECTION UNITY_SPECCUBE_BLENDING UNITY_ENABLE_DETAIL_NORMALMAP SHADER_API_DESKTOP UNITY_COLORSPACE_GAMMA UNITY_LIGHTMAP_RGBM_ENCODING ok=1
Cmd: compileSnippet
  api=9 type=0 insize=1272 outsize=14648 kw=DIRECTIONAL SHADOWS_SCREEN _EMISSION VERTEXLIGHT_ON pd=UNITY_ENABLE_REFLECTION_BUFFERS UNITY_USE_DITHER_MASK_FOR_ALPHABLENDED_SHADOWS UNITY_PBS_USE_BRDF1 UNITY_SPECCUBE_BOX_PROJECTION UNITY_SPECCUBE_BLENDING UNITY_ENABLE_DETAIL_NORMALMAP SHADER_API_DESKTOP UNITY_COLORSPACE_GAMMA UNITY_LIGHTMAP_RGBM_ENCODING ok=1
Cmd: compileSnippet
  api=5 type=0 insize=1272 outsize=14125 kw=DIRECTIONAL SHADOWS_SCREEN VERTEXLIGHT_ON _METALLICGLOSSMAP pd=UNITY_ENABLE_REFLECTION_BUFFERS UNITY_USE_DITHER_MASK_FOR_ALPHABLENDED_SHADOWS UNITY_PBS_USE_BRDF1 UNITY_SPECCUBE_BOX_PROJECTION UNITY_SPECCUBE_BLENDING UNITY_ENABLE_DETAIL_NORMALMAP SHADER_API_DESKTOP UNITY_COLORSPACE_GAMMA UNITY_LIGHTMAP_RGBM_ENCODING ok=1
Cmd: compileSnippet
  api=9 type=0 insize=1272 outsize=14823 kw=DIRECTIONAL SHADOWS_SCREEN _EMISSION VERTEXLIGHT_ON _METALLICGLOSSMAP pd=UNITY_ENABLE_REFLECTION_BUFFERS UNITY_USE_DITHER_MASK_FOR_ALPHABLENDED_SHADOWS UNITY_PBS_USE_BRDF1 UNITY_SPECCUBE_BOX_PROJECTION UNITY_SPECCUBE_BLENDING UNITY_ENABLE_DETAIL_NORMALMAP SHADER_API_DESKTOP UNITY_COLORSPACE_GAMMA UNITY_LIGHTMAP_RGBM_ENCODING ok=1
Cmd: compileSnippet
  api=5 type=0 insize=1272 outsize=14021 kw=DIRECTIONAL SHADOWS_SCREEN VERTEXLIGHT_ON pd=UNITY_ENABLE_REFLECTION_BUFFERS UNITY_USE_DITHER_MASK_FOR_ALPHABLENDED_SHADOWS UNITY_PBS_USE_BRDF1 UNITY_SPECCUBE_BOX_PROJECTION UNITY_SPECCUBE_BLENDING UNITY_ENABLE_DETAIL_NORMALMAP SHADER_API_DESKTOP UNITY_COLORSPACE_GAMMA UNITY_LIGHTMAP_RGBM_ENCODING ok=1
Cmd: compileSnippet
  api=9 type=0 insize=1272 outsize=17811 kw=DIRECTIONAL SHADOWS_SCREEN LIGHTPROBE_SH _EMISSION VERTEXLIGHT_ON pd=UNITY_ENABLE_REFLECTION_BUFFERS UNITY_USE_DITHER_MASK_FOR_ALPHABLENDED_SHADOWS UNITY_PBS_USE_BRDF1 UNITY_SPECCUBE_BOX_PROJECTION UNITY_SPECCUBE_BLENDING UNITY_ENABLE_DETAIL_NORMALMAP SHADER_API_DESKTOP UNITY_COLORSPACE_GAMMA UNITY_LIGHTMAP_RGBM_ENCODING ok=1
Cmd: compileSnippet
  api=9 type=0 insize=1272 outsize=17666 kw=DIRECTIONAL SHADOWS_SCREEN LIGHTPROBE_SH VERTEXLIGHT_ON _METALLICGLOSSMAP pd=UNITY_ENABLE_REFLECTION_BUFFERS UNITY_USE_DITHER_MASK_FOR_ALPHABLENDED_SHADOWS UNITY_PBS_USE_BRDF1 UNITY_SPECCUBE_BOX_PROJECTION UNITY_SPECCUBE_BLENDING UNITY_ENABLE_DETAIL_NORMALMAP SHADER_API_DESKTOP UNITY_COLORSPACE_GAMMA UNITY_LIGHTMAP_RGBM_ENCODING ok=1
Cmd: compileSnippet
  api=5 type=0 insize=1272 outsize=17527 kw=DIRECTIONAL SHADOWS_SCREEN LIGHTPROBE_SH _EMISSION VERTEXLIGHT_ON _SMOOTHNESS_TEXTURE_ALBEDO_CHANNEL_A pd=UNITY_ENABLE_REFLECTION_BUFFERS UNITY_USE_DITHER_MASK_FOR_ALPHABLENDED_SHADOWS UNITY_PBS_USE_BRDF1 UNITY_SPECCUBE_BOX_PROJECTION UNITY_SPECCUBE_BLENDING UNITY_ENABLE_DETAIL_NORMALMAP SHADER_API_DESKTOP UNITY_COLORSPACE_GAMMA UNITY_LIGHTMAP_RGBM_ENCODING ok=1
Cmd: compileSnippet
  api=9 type=0 insize=1272 outsize=17611 kw=DIRECTIONAL SHADOWS_SCREEN LIGHTPROBE_SH VERTEXLIGHT_ON pd=UNITY_ENABLE_REFLECTION_BUFFERS UNITY_USE_DITHER_MASK_FOR_ALPHABLENDED_SHADOWS UNITY_PBS_USE_BRDF1 UNITY_SPECCUBE_BOX_PROJECTION UNITY_SPECCUBE_BLENDING UNITY_ENABLE_DETAIL_NORMALMAP SHADER_API_DESKTOP UNITY_COLORSPACE_GAMMA UNITY_LIGHTMAP_RGBM_ENCODING ok=1
Cmd: compileSnippet
  api=5 type=0 insize=1272 outsize=15043 kw=DIRECTIONAL SHADOWS_SCREEN DYNAMICLIGHTMAP_ON _EMISSION VERTEXLIGHT_ON _ALPHABLEND_ON pd=UNITY_ENABLE_REFLECTION_BUFFERS UNITY_USE_DITHER_MASK_FOR_ALPHABLENDED_SHADOWS UNITY_PBS_USE_BRDF1 UNITY_SPECCUBE_BOX_PROJECTION UNITY_SPECCUBE_BLENDING UNITY_ENABLE_DETAIL_NORMALMAP SHADER_API_DESKTOP UNITY_COLORSPACE_GAMMA UNITY_LIGHTMAP_RGBM_ENCODING ok=1
Cmd: compileSnippet
  api=9 type=0 insize=1272 outsize=15390 kw=DIRECTIONAL SHADOWS_SCREEN DYNAMICLIGHTMAP_ON VERTEXLIGHT_ON _METALLICGLOSSMAP pd=UNITY_ENABLE_REFLECTION_BUFFERS UNITY_USE_DITHER_MASK_FOR_ALPHABLENDED_SHADOWS UNITY_PBS_USE_BRDF1 UNITY_SPECCUBE_BOX_PROJECTION UNITY_SPECCUBE_BLENDING UNITY_ENABLE_DETAIL_NORMALMAP SHADER_API_DESKTOP UNITY_COLORSPACE_GAMMA UNITY_LIGHTMAP_RGBM_ENCODING ok=1
Cmd: compileSnippet
  api=5 type=0 insize=1272 outsize=14985 kw=DIRECTIONAL SHADOWS_SCREEN DYNAMICLIGHTMAP_ON _EMISSION VERTEXLIGHT_ON _SMOOTHNESS_TEXTURE_ALBEDO_CHANNEL_A pd=UNITY_ENABLE_REFLECTION_BUFFERS UNITY_USE_DITHER_MASK_FOR_ALPHABLENDED_SHADOWS UNITY_PBS_USE_BRDF1 UNITY_SPECCUBE_BOX_PROJECTION UNITY_SPECCUBE_BLENDING UNITY_ENABLE_DETAIL_NORMALMAP SHADER_API_DESKTOP UNITY_COLORSPACE_GAMMA UNITY_LIGHTMAP_RGBM_ENCODING ok=1
Cmd: compileSnippet
  api=9 type=0 insize=1272 outsize=15187 kw=DIRECTIONAL SHADOWS_SCREEN DYNAMICLIGHTMAP_ON VERTEXLIGHT_ON pd=UNITY_ENABLE_REFLECTION_BUFFERS UNITY_USE_DITHER_MASK_FOR_ALPHABLENDED_SHADOWS UNITY_PBS_USE_BRDF1 UNITY_SPECCUBE_BOX_PROJECTION UNITY_SPECCUBE_BLENDING UNITY_ENABLE_DETAIL_NORMALMAP SHADER_API_DESKTOP UNITY_COLORSPACE_GAMMA UNITY_LIGHTMAP_RGBM_ENCODING ok=1
Cmd: compileSnippet
  api=5 type=0 insize=1272 outsize=6483 kw=DIRECTIONAL _EMISSION _ALPHABLEND_ON pd=UNITY_ENABLE_REFLECTION_BUFFERS UNITY_USE_DITHER_MASK_FOR_ALPHABLENDED_SHADOWS UNITY_PBS_USE_BRDF1 UNITY_SPECCUBE_BOX_PROJECTION UNITY_SPECCUBE_BLENDING UNITY_ENABLE_DETAIL_NORMALMAP SHADER_API_DESKTOP UNITY_COLORSPACE_GAMMA UNITY_LIGHTMAP_RGBM_ENCODING ok=1
Cmd: compileSnippet
  api=5 type=0 insize=1272 outsize=6561 kw=DIRECTIONAL _EMISSION _METALLICGLOSSMAP pd=UNITY_ENABLE_REFLECTION_BUFFERS UNITY_USE_DITHER_MASK_FOR_ALPHABLENDED_SHADOWS UNITY_PBS_USE_BRDF1 UNITY_SPECCUBE_BOX_PROJECTION UNITY_SPECCUBE_BLENDING UNITY_ENABLE_DETAIL_NORMALMAP SHADER_API_DESKTOP UNITY_COLORSPACE_GAMMA UNITY_LIGHTMAP_RGBM_ENCODING ok=1
Cmd: compileSnippet
  api=9 type=0 insize=1272 outsize=6643 kw=DIRECTIONAL _SMOOTHNESS_TEXTURE_ALBEDO_CHANNEL_A pd=UNITY_ENABLE_REFLECTION_BUFFERS UNITY_USE_DITHER_MASK_FOR_ALPHABLENDED_SHADOWS UNITY_PBS_USE_BRDF1 UNITY_SPECCUBE_BOX_PROJECTION UNITY_SPECCUBE_BLENDING UNITY_ENABLE_DETAIL_NORMALMAP SHADER_API_DESKTOP UNITY_COLORSPACE_GAMMA UNITY_LIGHTMAP_RGBM_ENCODING ok=1
Cmd: compileSnippet
  api=5 type=1 insize=1272 outsize=0 kw=DIRECTIONAL LIGHTPROBE_SH _EMISSION pd=UNITY_ENABLE_REFLECTION_BUFFERS UNITY_USE_DITHER_MASK_FOR_ALPHABLENDED_SHADOWS UNITY_PBS_USE_BRDF1 UNITY_SPECCUBE_BOX_PROJECTION UNITY_SPECCUBE_BLENDING UNITY_ENABLE_DETAIL_NORMALMAP SHADER_API_DESKTOP UNITY_COLORSPACE_GAMMA UNITY_LIGHTMAP_RGBM_ENCODING ok=1
Cmd: compileSnippet
  api=9 type=1 insize=1272 outsize=0 kw=DIRECTIONAL LIGHTPROBE_SH _ALPHABLEND_ON pd=UNITY_ENABLE_REFLECTION_BUFFERS UNITY_USE_DITHER_MASK_FOR_ALPHABLENDED_SHADOWS UNITY_PBS_USE_BRDF1 UNITY_SPECCUBE_BOX_PROJECTION UNITY_SPECCUBE_BLENDING UNITY_ENABLE_DETAIL_NORMALMAP SHADER_API_DESKTOP UNITY_COLORSPACE_GAMMA UNITY_LIGHTMAP_RGBM_ENCODING ok=1
Cmd: compileSnippet
  api=9 type=1 insize=1272 outsize=0 kw=DIRECTIONAL LIGHTPROBE_SH _METALLICGLOSSMAP pd=UNITY_ENABLE_REFLECTION_BUFFERS UNITY_USE_DITHER_MASK_FOR_ALPHABLENDED_SHADOWS UNITY_PBS_USE_BRDF1 UNITY_SPECCUBE_BOX_PROJECTION UNITY_SPECCUBE_BLENDING UNITY_ENABLE_DETAIL_NORMALMAP SHADER_API_DESKTOP UNITY_COLORSPACE_GAMMA UNITY_LIGHTMAP_RGBM_ENCODING ok=1
Cmd: compileSnippet
  api=9 type=1 insize=1272 outsize=0 kw=DIRECTIONAL LIGHTPROBE_SH _SMOOTHNESS_TEXTURE_ALBEDO_CHANNEL_A pd=UNITY_ENABLE_REFLECTION_BUFFERS UNITY_USE_DITHER_MASK_FOR_ALPHABLENDED_SHADOWS UNITY_PBS_USE_BRDF1 UNITY_SPECCUBE_BOX_PROJECTION UNITY_SPECCUBE_BLENDING UNITY_ENABLE_DETAIL_NORMALMAP SHADER_API_DESKTOP UNITY_COLORSPACE_GAMMA UNITY_LIGHTMAP_RGBM_ENCODING ok=1
Cmd: compileSnippet
  api=5 type=1 insize=1272 outsize=0 kw=DIRECTIONAL LIGHTPROBE_SH pd=UNITY_ENABLE_REFLECTION_BUFFERS UNITY_USE_DITHER_MASK_FOR_ALPHABLENDED_SHADOWS UNITY_PBS_USE_BRDF1 UNITY_SPECCUBE_BOX_PROJECTION UNITY_SPECCUBE_BLENDING UNITY_ENABLE_DETAIL_NORMALMAP SHADER_API_DESKTOP UNITY_COLORSPACE_GAMMA UNITY_LIGHTMAP_RGBM_ENCODING ok=1
Cmd: compileSnippet
  api=9 type=1 insize=1272 outsize=0 kw=DIRECTIONAL DYNAMICLIGHTMAP_ON _ALPHABLEND_ON pd=UNITY_ENABLE_REFLECTION_BUFFERS UNITY_USE_DITHER_MASK_FOR_ALPHABLENDED_SHADOWS UNITY_PBS_USE_BRDF1 UNITY_SPECCUBE_BOX_PROJECTION UNITY_SPECCUBE_BLENDING UNITY_ENABLE_DETAIL_NORMALMAP SHADER_API_DESKTOP UNITY_COLORSPACE_GAMMA UNITY_LIGHTMAP_RGBM_ENCODING ok=1
Cmd: compileSnippet
  api=9 type=1 insize=1272 outsize=0 kw=DIRECTIONAL DYNAMICLIGHTMAP_ON _METALLICGLOSSMAP pd=UNITY_ENABLE_REFLECTION_BUFFERS UNITY_USE_DITHER_MASK_FOR_ALPHABLENDED_SHADOWS UNITY_PBS_USE_BRDF1 UNITY_SPECCUBE_BOX_PROJECTION UNITY_SPECCUBE_BLENDING UNITY_ENABLE_DETAIL_NORMALMAP SHADER_API_DESKTOP UNITY_COLORSPACE_GAMMA UNITY_LIGHTMAP_RGBM_ENCODING ok=1
Cmd: compileSnippet
  api=9 type=1 insize=1272 outsize=0 kw=DIRECTIONAL DYNAMICLIGHTMAP_ON _SMOOTHNESS_TEXTURE_ALBEDO_CHANNEL_A pd=UNITY_ENABLE_REFLECTION_BUFFERS UNITY_USE_DITHER_MASK_FOR_ALPHABLENDED_SHADOWS UNITY_PBS_USE_BRDF1 UNITY_SPECCUBE_BOX_PROJECTION UNITY_SPECCUBE_BLENDING UNITY_ENABLE_DETAIL_NORMALMAP SHADER_API_DESKTOP UNITY_COLORSPACE_GAMMA UNITY_LIGHTMAP_RGBM_ENCODING ok=1
Cmd: compileSnippet
  api=5 type=1 insize=1272 outsize=0 kw=DIRECTIONAL DYNAMICLIGHTMAP_ON pd=UNITY_ENABLE_REFLECTION_BUFFERS UNITY_USE_DITHER_MASK_FOR_ALPHABLENDED_SHADOWS UNITY_PBS_USE_BRDF1 UNITY_SPECCUBE_BOX_PROJECTION UNITY_SPECCUBE_BLENDING UNITY_ENABLE_DETAIL_NORMALMAP SHADER_API_DESKTOP UNITY_COLORSPACE_GAMMA UNITY_LIGHTMAP_RGBM_ENCODING ok=1
Cmd: compileSnippet
  api=9 type=1 insize=1272 outsize=0 kw=DIRECTIONAL SHADOWS_SCREEN _ALPHABLEND_ON pd=UNITY_ENABLE_REFLECTION_BUFFERS UNITY_USE_DITHER_MASK_FOR_ALPHABLENDED_SHADOWS UNITY_PBS_USE_BRDF1 UNITY_SPECCUBE_BOX_PROJECTION UNITY_SPECCUBE_BLENDING UNITY_ENABLE_DETAIL_NORMALMAP SHADER_API_DESKTOP UNITY_COLORSPACE_GAMMA UNITY_LIGHTMAP_RGBM_ENCODING ok=1
Cmd: compileSnippet
  api=5 type=1 insize=1272 outsize=0 kw=DIRECTIONAL SHADOWS_SCREEN _METALLICGLOSSMAP pd=UNITY_ENABLE_REFLECTION_BUFFERS UNITY_USE_DITHER_MASK_FOR_ALPHABLENDED_SHADOWS UNITY_PBS_USE_BRDF1 UNITY_SPECCUBE_BOX_PROJECTION UNITY_SPECCUBE_BLENDING UNITY_ENABLE_DETAIL_NORMALMAP SHADER_API_DESKTOP UNITY_COLORSPACE_GAMMA UNITY_LIGHTMAP_RGBM_ENCODING ok=1
Cmd: compileSnippet
  api=5 type=1 insize=1272 outsize=0 kw=DIRECTIONAL SHADOWS_SCREEN _SMOOTHNESS_TEXTURE_ALBEDO_CHANNEL_A pd=UNITY_ENABLE_REFLECTION_BUFFERS UNITY_USE_DITHER_MASK_FOR_ALPHABLENDED_SHADOWS UNITY_PBS_USE_BRDF1 UNITY_SPECCUBE_BOX_PROJECTION UNITY_SPECCUBE_BLENDING UNITY_ENABLE_DETAIL_NORMALMAP SHADER_API_DESKTOP UNITY_COLORSPACE_GAMMA UNITY_LIGHTMAP_RGBM_ENCODING ok=1
Cmd: compileSnippet
  api=5 type=1 insize=1272 outsize=0 kw=DIRECTIONAL SHADOWS_SCREEN pd=UNITY_ENABLE_REFLECTION_BUFFERS UNITY_USE_DITHER_MASK_FOR_ALPHABLENDED_SHADOWS UNITY_PBS_USE_BRDF1 UNITY_SPECCUBE_BOX_PROJECTION UNITY_SPECCUBE_BLENDING UNITY_ENABLE_DETAIL_NORMALMAP SHADER_API_DESKTOP UNITY_COLORSPACE_GAMMA UNITY_LIGHTMAP_RGBM_ENCODING ok=1
Cmd: compileSnippet
  api=9 type=1 insize=1272 outsize=0 kw=DIRECTIONAL SHADOWS_SCREEN LIGHTPROBE_SH _ALPHABLEND_ON pd=UNITY_ENABLE_REFLECTION_BUFFERS UNITY_USE_DITHER_MASK_FOR_ALPHABLENDED_SHADOWS UNITY_PBS_USE_BRDF1 UNITY_SPECCUBE_BOX_PROJECTION UNITY_SPECCUBE_BLENDING UNITY_ENABLE_DETAIL_NORMALMAP SHADER_API_DESKTOP UNITY_COLORSPACE_GAMMA UNITY_LIGHTMAP_RGBM_ENCODING ok=1
Cmd: compileSnippet
  api=5 type=1 insize=1272 outsize=0 kw=DIRECTIONAL SHADOWS_SCREEN LIGHTPROBE_SH _EMISSION _METALLICGLOSSMAP pd=UNITY_ENABLE_REFLECTION_BUFFERS UNITY_USE_DITHER_MASK_FOR_ALPHABLENDED_SHADOWS UNITY_PBS_USE_BRDF1 UNITY_SPECCUBE_BOX_PROJECTION UNITY_SPECCUBE_BLENDING UNITY_ENABLE_DETAIL_NORMALMAP SHADER_API_DESKTOP UNITY_COLORSPACE_GAMMA UNITY_LIGHTMAP_RGBM_ENCODING ok=1
Cmd: compileSnippet
  api=5 type=1 insize=1272 outsize=0 kw=DIRECTIONAL SHADOWS_SCREEN LIGHTPROBE_SH _EMISSION _SMOOTHNESS_TEXTURE_ALBEDO_CHANNEL_A pd=UNITY_ENABLE_REFLECTION_BUFFERS UNITY_USE_DITHER_MASK_FOR_ALPHABLENDED_SHADOWS UNITY_PBS_USE_BRDF1 UNITY_SPECCUBE_BOX_PROJECTION UNITY_SPECCUBE_BLENDING UNITY_ENABLE_DETAIL_NORMALMAP SHADER_API_DESKTOP UNITY_COLORSPACE_GAMMA UNITY_LIGHTMAP_RGBM_ENCODING ok=1
Cmd: compileSnippet
  api=5 type=1 insize=1272 outsize=0 kw=DIRECTIONAL SHADOWS_SCREEN DYNAMICLIGHTMAP_ON _EMISSION pd=UNITY_ENABLE_REFLECTION_BUFFERS UNITY_USE_DITHER_MASK_FOR_ALPHABLENDED_SHADOWS UNITY_PBS_USE_BRDF1 UNITY_SPECCUBE_BOX_PROJECTION UNITY_SPECCUBE_BLENDING UNITY_ENABLE_DETAIL_NORMALMAP SHADER_API_DESKTOP UNITY_COLORSPACE_GAMMA UNITY_LIGHTMAP_RGBM_ENCODING ok=1
Cmd: compileSnippet
  api=5 type=1 insize=1272 outsize=0 kw=DIRECTIONAL SHADOWS_SCREEN DYNAMICLIGHTMAP_ON _EMISSION _ALPHABLEND_ON pd=UNITY_ENABLE_REFLECTION_BUFFERS UNITY_USE_DITHER_MASK_FOR_ALPHABLENDED_SHADOWS UNITY_PBS_USE_BRDF1 UNITY_SPECCUBE_BOX_PROJECTION UNITY_SPECCUBE_BLENDING UNITY_ENABLE_DETAIL_NORMALMAP SHADER_API_DESKTOP UNITY_COLORSPACE_GAMMA UNITY_LIGHTMAP_RGBM_ENCODING ok=1
Cmd: compileSnippet
  api=9 type=1 insize=1272 outsize=0 kw=DIRECTIONAL SHADOWS_SCREEN DYNAMICLIGHTMAP_ON _METALLICGLOSSMAP pd=UNITY_ENABLE_REFLECTION_BUFFERS UNITY_USE_DITHER_MASK_FOR_ALPHABLENDED_SHADOWS UNITY_PBS_USE_BRDF1 UNITY_SPECCUBE_BOX_PROJECTION UNITY_SPECCUBE_BLENDING UNITY_ENABLE_DETAIL_NORMALMAP SHADER_API_DESKTOP UNITY_COLORSPACE_GAMMA UNITY_LIGHTMAP_RGBM_ENCODING ok=1
Cmd: compileSnippet
  api=9 type=1 insize=1272 outsize=0 kw=DIRECTIONAL SHADOWS_SCREEN DYNAMICLIGHTMAP_ON _SMOOTHNESS_TEXTURE_ALBEDO_CHANNEL_A pd=UNITY_ENABLE_REFLECTION_BUFFERS UNITY_USE_DITHER_MASK_FOR_ALPHABLENDED_SHADOWS UNITY_PBS_USE_BRDF1 UNITY_SPECCUBE_BOX_PROJECTION UNITY_SPECCUBE_BLENDING UNITY_ENABLE_DETAIL_NORMALMAP SHADER_API_DESKTOP UNITY_COLORSPACE_GAMMA UNITY_LIGHTMAP_RGBM_ENCODING ok=1
Cmd: compileSnippet
  api=5 type=1 insize=1272 outsize=0 kw=DIRECTIONAL _EMISSION pd=UNITY_ENABLE_REFLECTION_BUFFERS UNITY_USE_DITHER_MASK_FOR_ALPHABLENDED_SHADOWS UNITY_PBS_USE_BRDF1 UNITY_SPECCUBE_BOX_PROJECTION UNITY_SPECCUBE_BLENDING UNITY_ENABLE_DETAIL_NORMALMAP SHADER_API_DESKTOP UNITY_COLORSPACE_GAMMA UNITY_LIGHTMAP_RGBM_ENCODING ok=1
Cmd: compileSnippet
  api=5 type=1 insize=1272 outsize=0 kw=DIRECTIONAL _EMISSION _ALPHABLEND_ON pd=UNITY_ENABLE_REFLECTION_BUFFERS UNITY_USE_DITHER_MASK_FOR_ALPHABLENDED_SHADOWS UNITY_PBS_USE_BRDF1 UNITY_SPECCUBE_BOX_PROJECTION UNITY_SPECCUBE_BLENDING UNITY_ENABLE_DETAIL_NORMALMAP SHADER_API_DESKTOP UNITY_COLORSPACE_GAMMA UNITY_LIGHTMAP_RGBM_ENCODING ok=1
Cmd: compileSnippet
  api=9 type=1 insize=1272 outsize=0 kw=DIRECTIONAL _EMISSION _METALLICGLOSSMAP pd=UNITY_ENABLE_REFLECTION_BUFFERS UNITY_USE_DITHER_MASK_FOR_ALPHABLENDED_SHADOWS UNITY_PBS_USE_BRDF1 UNITY_SPECCUBE_BOX_PROJECTION UNITY_SPECCUBE_BLENDING UNITY_ENABLE_DETAIL_NORMALMAP SHADER_API_DESKTOP UNITY_COLORSPACE_GAMMA UNITY_LIGHTMAP_RGBM_ENCODING ok=1
Cmd: compileSnippet
  api=5 type=1 insize=1272 outsize=0 kw=DIRECTIONAL _SMOOTHNESS_TEXTURE_ALBEDO_CHANNEL_A pd=UNITY_ENABLE_REFLECTION_BUFFERS UNITY_USE_DITHER_MASK_FOR_ALPHABLENDED_SHADOWS UNITY_PBS_USE_BRDF1 UNITY_SPECCUBE_BOX_PROJECTION UNITY_SPECCUBE_BLENDING UNITY_ENABLE_DETAIL_NORMALMAP SHADER_API_DESKTOP UNITY_COLORSPACE_GAMMA UNITY_LIGHTMAP_RGBM_ENCODING ok=1
Cmd: compileSnippet
  api=9 type=0 insize=1138 outsize=5683 kw=POINT pd=UNITY_ENABLE_REFLECTION_BUFFERS UNITY_USE_DITHER_MASK_FOR_ALPHABLENDED_SHADOWS UNITY_PBS_USE_BRDF1 UNITY_SPECCUBE_BOX_PROJECTION UNITY_SPECCUBE_BLENDING UNITY_ENABLE_DETAIL_NORMALMAP SHADER_API_DESKTOP UNITY_COLORSPACE_GAMMA UNITY_LIGHTMAP_RGBM_ENCODING ok=1
Cmd: compileSnippet
  api=9 type=0 insize=1138 outsize=4956 kw=DIRECTIONAL _SMOOTHNESS_TEXTURE_ALBEDO_CHANNEL_A pd=UNITY_ENABLE_REFLECTION_BUFFERS UNITY_USE_DITHER_MASK_FOR_ALPHABLENDED_SHADOWS UNITY_PBS_USE_BRDF1 UNITY_SPECCUBE_BOX_PROJECTION UNITY_SPECCUBE_BLENDING UNITY_ENABLE_DETAIL_NORMALMAP SHADER_API_DESKTOP UNITY_COLORSPACE_GAMMA UNITY_LIGHTMAP_RGBM_ENCODING ok=1
Cmd: compileSnippet
  api=9 type=0 insize=1138 outsize=6081 kw=SPOT _ALPHABLEND_ON pd=UNITY_ENABLE_REFLECTION_BUFFERS UNITY_USE_DITHER_MASK_FOR_ALPHABLENDED_SHADOWS UNITY_PBS_USE_BRDF1 UNITY_SPECCUBE_BOX_PROJECTION UNITY_SPECCUBE_BLENDING UNITY_ENABLE_DETAIL_NORMALMAP SHADER_API_DESKTOP UNITY_COLORSPACE_GAMMA UNITY_LIGHTMAP_RGBM_ENCODING ok=1
Cmd: compileSnippet
  api=5 type=0 insize=1138 outsize=5868 kw=SPOT pd=UNITY_ENABLE_REFLECTION_BUFFERS UNITY_USE_DITHER_MASK_FOR_ALPHABLENDED_SHADOWS UNITY_PBS_USE_BRDF1 UNITY_SPECCUBE_BOX_PROJECTION UNITY_SPECCUBE_BLENDING UNITY_ENABLE_DETAIL_NORMALMAP SHADER_API_DESKTOP UNITY_COLORSPACE_GAMMA UNITY_LIGHTMAP_RGBM_ENCODING ok=1
Cmd: compileSnippet
  api=9 type=0 insize=1138 outsize=5835 kw=POINT_COOKIE _ALPHABLEND_ON pd=UNITY_ENABLE_REFLECTION_BUFFERS UNITY_USE_DITHER_MASK_FOR_ALPHABLENDED_SHADOWS UNITY_PBS_USE_BRDF1 UNITY_SPECCUBE_BOX_PROJECTION UNITY_SPECCUBE_BLENDING UNITY_ENABLE_DETAIL_NORMALMAP SHADER_API_DESKTOP UNITY_COLORSPACE_GAMMA UNITY_LIGHTMAP_RGBM_ENCODING ok=1
Cmd: compileSnippet
  api=5 type=0 insize=1138 outsize=5600 kw=POINT_COOKIE pd=UNITY_ENABLE_REFLECTION_BUFFERS UNITY_USE_DITHER_MASK_FOR_ALPHABLENDED_SHADOWS UNITY_PBS_USE_BRDF1 UNITY_SPECCUBE_BOX_PROJECTION UNITY_SPECCUBE_BLENDING UNITY_ENABLE_DETAIL_NORMALMAP SHADER_API_DESKTOP UNITY_COLORSPACE_GAMMA UNITY_LIGHTMAP_RGBM_ENCODING ok=1
Cmd: compileSnippet
  api=5 type=0 insize=1138 outsize=5317 kw=DIRECTIONAL_COOKIE _METALLICGLOSSMAP pd=UNITY_ENABLE_REFLECTION_BUFFERS UNITY_USE_DITHER_MASK_FOR_ALPHABLENDED_SHADOWS UNITY_PBS_USE_BRDF1 UNITY_SPECCUBE_BOX_PROJECTION UNITY_SPECCUBE_BLENDING UNITY_ENABLE_DETAIL_NORMALMAP SHADER_API_DESKTOP UNITY_COLORSPACE_GAMMA UNITY_LIGHTMAP_RGBM_ENCODING ok=1
Cmd: compileSnippet
  api=9 type=0 insize=1138 outsize=5511 kw=DIRECTIONAL_COOKIE _SMOOTHNESS_TEXTURE_ALBEDO_CHANNEL_A pd=UNITY_ENABLE_REFLECTION_BUFFERS UNITY_USE_DITHER_MASK_FOR_ALPHABLENDED_SHADOWS UNITY_PBS_USE_BRDF1 UNITY_SPECCUBE_BOX_PROJECTION UNITY_SPECCUBE_BLENDING UNITY_ENABLE_DETAIL_NORMALMAP SHADER_API_DESKTOP UNITY_COLORSPACE_GAMMA UNITY_LIGHTMAP_RGBM_ENCODING ok=1
Cmd: compileSnippet
  api=5 type=0 insize=1138 outsize=6921 kw=SPOT SHADOWS_DEPTH _METALLICGLOSSMAP pd=UNITY_ENABLE_REFLECTION_BUFFERS UNITY_USE_DITHER_MASK_FOR_ALPHABLENDED_SHADOWS UNITY_PBS_USE_BRDF1 UNITY_SPECCUBE_BOX_PROJECTION UNITY_SPECCUBE_BLENDING UNITY_ENABLE_DETAIL_NORMALMAP SHADER_API_DESKTOP UNITY_COLORSPACE_GAMMA UNITY_LIGHTMAP_RGBM_ENCODING ok=1
Cmd: compileSnippet
  api=9 type=0 insize=1138 outsize=6995 kw=SPOT SHADOWS_DEPTH _SMOOTHNESS_TEXTURE_ALBEDO_CHANNEL_A pd=UNITY_ENABLE_REFLECTION_BUFFERS UNITY_USE_DITHER_MASK_FOR_ALPHABLENDED_SHADOWS UNITY_PBS_USE_BRDF1 UNITY_SPECCUBE_BOX_PROJECTION UNITY_SPECCUBE_BLENDING UNITY_ENABLE_DETAIL_NORMALMAP SHADER_API_DESKTOP UNITY_COLORSPACE_GAMMA UNITY_LIGHTMAP_RGBM_ENCODING ok=1
Cmd: compileSnippet
  api=5 type=0 insize=1138 outsize=8172 kw=DIRECTIONAL SHADOWS_SCREEN _METALLICGLOSSMAP pd=UNITY_ENABLE_REFLECTION_BUFFERS UNITY_USE_DITHER_MASK_FOR_ALPHABLENDED_SHADOWS UNITY_PBS_USE_BRDF1 UNITY_SPECCUBE_BOX_PROJECTION UNITY_SPECCUBE_BLENDING UNITY_ENABLE_DETAIL_NORMALMAP SHADER_API_DESKTOP UNITY_COLORSPACE_GAMMA UNITY_LIGHTMAP_RGBM_ENCODING ok=1
Cmd: compileSnippet
  api=9 type=0 insize=1138 outsize=9199 kw=DIRECTIONAL SHADOWS_SCREEN _SMOOTHNESS_TEXTURE_ALBEDO_CHANNEL_A pd=UNITY_ENABLE_REFLECTION_BUFFERS UNITY_USE_DITHER_MASK_FOR_ALPHABLENDED_SHADOWS UNITY_PBS_USE_BRDF1 UNITY_SPECCUBE_BOX_PROJECTION UNITY_SPECCUBE_BLENDING UNITY_ENABLE_DETAIL_NORMALMAP SHADER_API_DESKTOP UNITY_COLORSPACE_GAMMA UNITY_LIGHTMAP_RGBM_ENCODING ok=1
Cmd: compileSnippet
  api=9 type=0 insize=1138 outsize=9602 kw=DIRECTIONAL_COOKIE SHADOWS_SCREEN _ALPHABLEND_ON pd=UNITY_ENABLE_REFLECTION_BUFFERS UNITY_USE_DITHER_MASK_FOR_ALPHABLENDED_SHADOWS UNITY_PBS_USE_BRDF1 UNITY_SPECCUBE_BOX_PROJECTION UNITY_SPECCUBE_BLENDING UNITY_ENABLE_DETAIL_NORMALMAP SHADER_API_DESKTOP UNITY_COLORSPACE_GAMMA UNITY_LIGHTMAP_RGBM_ENCODING ok=1
Cmd: compileSnippet
  api=5 type=0 insize=1138 outsize=8400 kw=DIRECTIONAL_COOKIE SHADOWS_SCREEN pd=UNITY_ENABLE_REFLECTION_BUFFERS UNITY_USE_DITHER_MASK_FOR_ALPHABLENDED_SHADOWS UNITY_PBS_USE_BRDF1 UNITY_SPECCUBE_BOX_PROJECTION UNITY_SPECCUBE_BLENDING UNITY_ENABLE_DETAIL_NORMALMAP SHADER_API_DESKTOP UNITY_COLORSPACE_GAMMA UNITY_LIGHTMAP_RGBM_ENCODING ok=1
Cmd: compileSnippet
  api=9 type=0 insize=1138 outsize=6511 kw=POINT SHADOWS_CUBE _ALPHABLEND_ON pd=UNITY_ENABLE_REFLECTION_BUFFERS UNITY_USE_DITHER_MASK_FOR_ALPHABLENDED_SHADOWS UNITY_PBS_USE_BRDF1 UNITY_SPECCUBE_BOX_PROJECTION UNITY_SPECCUBE_BLENDING UNITY_ENABLE_DETAIL_NORMALMAP SHADER_API_DESKTOP UNITY_COLORSPACE_GAMMA UNITY_LIGHTMAP_RGBM_ENCODING ok=1
Cmd: compileSnippet
  api=5 type=0 insize=1138 outsize=6543 kw=POINT SHADOWS_CUBE pd=UNITY_ENABLE_REFLECTION_BUFFERS UNITY_USE_DITHER_MASK_FOR_ALPHABLENDED_SHADOWS UNITY_PBS_USE_BRDF1 UNITY_SPECCUBE_BOX_PROJECTION UNITY_SPECCUBE_BLENDING UNITY_ENABLE_DETAIL_NORMALMAP SHADER_API_DESKTOP UNITY_COLORSPACE_GAMMA UNITY_LIGHTMAP_RGBM_ENCODING ok=1
Cmd: compileSnippet
  api=9 type=0 insize=1138 outsize=6649 kw=POINT_COOKIE SHADOWS_CUBE _ALPHABLEND_ON pd=UNITY_ENABLE_REFLECTION_BUFFERS UNITY_USE_DITHER_MASK_FOR_ALPHABLENDED_SHADOWS UNITY_PBS_USE_BRDF1 UNITY_SPECCUBE_BOX_PROJECTION UNITY_SPECCUBE_BLENDING UNITY_ENABLE_DETAIL_NORMALMAP SHADER_API_DESKTOP UNITY_COLORSPACE_GAMMA UNITY_LIGHTMAP_RGBM_ENCODING ok=1
Cmd: compileSnippet
  api=5 type=0 insize=1138 outsize=6636 kw=POINT_COOKIE SHADOWS_CUBE pd=UNITY_ENABLE_REFLECTION_BUFFERS UNITY_USE_DITHER_MASK_FOR_ALPHABLENDED_SHADOWS UNITY_PBS_USE_BRDF1 UNITY_SPECCUBE_BOX_PROJECTION UNITY_SPECCUBE_BLENDING UNITY_ENABLE_DETAIL_NORMALMAP SHADER_API_DESKTOP UNITY_COLORSPACE_GAMMA UNITY_LIGHTMAP_RGBM_ENCODING ok=1
Cmd: compileSnippet
  api=9 type=0 insize=1138 outsize=5682 kw=POINT _ALPHABLEND_ON pd=UNITY_ENABLE_REFLECTION_BUFFERS UNITY_USE_DITHER_MASK_FOR_ALPHABLENDED_SHADOWS UNITY_PBS_USE_BRDF1 UNITY_SPECCUBE_BOX_PROJECTION UNITY_SPECCUBE_BLENDING UNITY_ENABLE_DETAIL_NORMALMAP SHADER_API_DESKTOP UNITY_COLORSPACE_GAMMA UNITY_LIGHTMAP_RGBM_ENCODING ok=1
Cmd: compileSnippet
  api=9 type=1 insize=1138 outsize=0 kw=POINT pd=UNITY_ENABLE_REFLECTION_BUFFERS UNITY_USE_DITHER_MASK_FOR_ALPHABLENDED_SHADOWS UNITY_PBS_USE_BRDF1 UNITY_SPECCUBE_BOX_PROJECTION UNITY_SPECCUBE_BLENDING UNITY_ENABLE_DETAIL_NORMALMAP SHADER_API_DESKTOP UNITY_COLORSPACE_GAMMA UNITY_LIGHTMAP_RGBM_ENCODING ok=1
Cmd: compileSnippet
  api=9 type=1 insize=1138 outsize=0 kw=DIRECTIONAL _METALLICGLOSSMAP pd=UNITY_ENABLE_REFLECTION_BUFFERS UNITY_USE_DITHER_MASK_FOR_ALPHABLENDED_SHADOWS UNITY_PBS_USE_BRDF1 UNITY_SPECCUBE_BOX_PROJECTION UNITY_SPECCUBE_BLENDING UNITY_ENABLE_DETAIL_NORMALMAP SHADER_API_DESKTOP UNITY_COLORSPACE_GAMMA UNITY_LIGHTMAP_RGBM_ENCODING ok=1
Cmd: compileSnippet
  api=9 type=1 insize=1138 outsize=0 kw=SPOT _ALPHABLEND_ON pd=UNITY_ENABLE_REFLECTION_BUFFERS UNITY_USE_DITHER_MASK_FOR_ALPHABLENDED_SHADOWS UNITY_PBS_USE_BRDF1 UNITY_SPECCUBE_BOX_PROJECTION UNITY_SPECCUBE_BLENDING UNITY_ENABLE_DETAIL_NORMALMAP SHADER_API_DESKTOP UNITY_COLORSPACE_GAMMA UNITY_LIGHTMAP_RGBM_ENCODING ok=1
Cmd: compileSnippet
  api=9 type=1 insize=1138 outsize=0 kw=SPOT _SMOOTHNESS_TEXTURE_ALBEDO_CHANNEL_A pd=UNITY_ENABLE_REFLECTION_BUFFERS UNITY_USE_DITHER_MASK_FOR_ALPHABLENDED_SHADOWS UNITY_PBS_USE_BRDF1 UNITY_SPECCUBE_BOX_PROJECTION UNITY_SPECCUBE_BLENDING UNITY_ENABLE_DETAIL_NORMALMAP SHADER_API_DESKTOP UNITY_COLORSPACE_GAMMA UNITY_LIGHTMAP_RGBM_ENCODING ok=1
Cmd: compileSnippet
  api=5 type=1 insize=1138 outsize=0 kw=POINT_COOKIE _ALPHABLEND_ON pd=UNITY_ENABLE_REFLECTION_BUFFERS UNITY_USE_DITHER_MASK_FOR_ALPHABLENDED_SHADOWS UNITY_PBS_USE_BRDF1 UNITY_SPECCUBE_BOX_PROJECTION UNITY_SPECCUBE_BLENDING UNITY_ENABLE_DETAIL_NORMALMAP SHADER_API_DESKTOP UNITY_COLORSPACE_GAMMA UNITY_LIGHTMAP_RGBM_ENCODING ok=1
Cmd: compileSnippet
  api=5 type=1 insize=1138 outsize=0 kw=POINT_COOKIE _SMOOTHNESS_TEXTURE_ALBEDO_CHANNEL_A pd=UNITY_ENABLE_REFLECTION_BUFFERS UNITY_USE_DITHER_MASK_FOR_ALPHABLENDED_SHADOWS UNITY_PBS_USE_BRDF1 UNITY_SPECCUBE_BOX_PROJECTION UNITY_SPECCUBE_BLENDING UNITY_ENABLE_DETAIL_NORMALMAP SHADER_API_DESKTOP UNITY_COLORSPACE_GAMMA UNITY_LIGHTMAP_RGBM_ENCODING ok=1
Cmd: compileSnippet
  api=5 type=1 insize=1138 outsize=0 kw=DIRECTIONAL_COOKIE _ALPHABLEND_ON pd=UNITY_ENABLE_REFLECTION_BUFFERS UNITY_USE_DITHER_MASK_FOR_ALPHABLENDED_SHADOWS UNITY_PBS_USE_BRDF1 UNITY_SPECCUBE_BOX_PROJECTION UNITY_SPECCUBE_BLENDING UNITY_ENABLE_DETAIL_NORMALMAP SHADER_API_DESKTOP UNITY_COLORSPACE_GAMMA UNITY_LIGHTMAP_RGBM_ENCODING ok=1
Cmd: compileSnippet
  api=9 type=1 insize=1138 outsize=0 kw=DIRECTIONAL_COOKIE _SMOOTHNESS_TEXTURE_ALBEDO_CHANNEL_A pd=UNITY_ENABLE_REFLECTION_BUFFERS UNITY_USE_DITHER_MASK_FOR_ALPHABLENDED_SHADOWS UNITY_PBS_USE_BRDF1 UNITY_SPECCUBE_BOX_PROJECTION UNITY_SPECCUBE_BLENDING UNITY_ENABLE_DETAIL_NORMALMAP SHADER_API_DESKTOP UNITY_COLORSPACE_GAMMA UNITY_LIGHTMAP_RGBM_ENCODING ok=1
Cmd: compileSnippet
  api=5 type=1 insize=1138 outsize=0 kw=DIRECTIONAL_COOKIE pd=UNITY_ENABLE_REFLECTION_BUFFERS UNITY_USE_DITHER_MASK_FOR_ALPHABLENDED_SHADOWS UNITY_PBS_USE_BRDF1 UNITY_SPECCUBE_BOX_PROJECTION UNITY_SPECCUBE_BLENDING UNITY_ENABLE_DETAIL_NORMALMAP SHADER_API_DESKTOP UNITY_COLORSPACE_GAMMA UNITY_LIGHTMAP_RGBM_ENCODING ok=1
Cmd: compileSnippet
  api=5 type=1 insize=1138 outsize=0 kw=SPOT SHADOWS_DEPTH _METALLICGLOSSMAP pd=UNITY_ENABLE_REFLECTION_BUFFERS UNITY_USE_DITHER_MASK_FOR_ALPHABLENDED_SHADOWS UNITY_PBS_USE_BRDF1 UNITY_SPECCUBE_BOX_PROJECTION UNITY_SPECCUBE_BLENDING UNITY_ENABLE_DETAIL_NORMALMAP SHADER_API_DESKTOP UNITY_COLORSPACE_GAMMA UNITY_LIGHTMAP_RGBM_ENCODING ok=1
Cmd: compileSnippet
  api=5 type=1 insize=1138 outsize=0 kw=SPOT SHADOWS_DEPTH pd=UNITY_ENABLE_REFLECTION_BUFFERS UNITY_USE_DITHER_MASK_FOR_ALPHABLENDED_SHADOWS UNITY_PBS_USE_BRDF1 UNITY_SPECCUBE_BOX_PROJECTION UNITY_SPECCUBE_BLENDING UNITY_ENABLE_DETAIL_NORMALMAP SHADER_API_DESKTOP UNITY_COLORSPACE_GAMMA UNITY_LIGHTMAP_RGBM_ENCODING ok=1
Cmd: compileSnippet
  api=5 type=1 insize=1138 outsize=0 kw=DIRECTIONAL SHADOWS_SCREEN _METALLICGLOSSMAP pd=UNITY_ENABLE_REFLECTION_BUFFERS UNITY_USE_DITHER_MASK_FOR_ALPHABLENDED_SHADOWS UNITY_PBS_USE_BRDF1 UNITY_SPECCUBE_BOX_PROJECTION UNITY_SPECCUBE_BLENDING UNITY_ENABLE_DETAIL_NORMALMAP SHADER_API_DESKTOP UNITY_COLORSPACE_GAMMA UNITY_LIGHTMAP_RGBM_ENCODING ok=1
Cmd: compileSnippet
  api=5 type=1 insize=1138 outsize=0 kw=DIRECTIONAL_COOKIE SHADOWS_SCREEN _ALPHABLEND_ON pd=UNITY_ENABLE_REFLECTION_BUFFERS UNITY_USE_DITHER_MASK_FOR_ALPHABLENDED_SHADOWS UNITY_PBS_USE_BRDF1 UNITY_SPECCUBE_BOX_PROJECTION UNITY_SPECCUBE_BLENDING UNITY_ENABLE_DETAIL_NORMALMAP SHADER_API_DESKTOP UNITY_COLORSPACE_GAMMA UNITY_LIGHTMAP_RGBM_ENCODING ok=1
Cmd: compileSnippet
  api=5 type=1 insize=1138 outsize=0 kw=DIRECTIONAL_COOKIE SHADOWS_SCREEN _SMOOTHNESS_TEXTURE_ALBEDO_CHANNEL_A pd=UNITY_ENABLE_REFLECTION_BUFFERS UNITY_USE_DITHER_MASK_FOR_ALPHABLENDED_SHADOWS UNITY_PBS_USE_BRDF1 UNITY_SPECCUBE_BOX_PROJECTION UNITY_SPECCUBE_BLENDING UNITY_ENABLE_DETAIL_NORMALMAP SHADER_API_DESKTOP UNITY_COLORSPACE_GAMMA UNITY_LIGHTMAP_RGBM_ENCODING ok=1
Cmd: compileSnippet
  api=9 type=1 insize=1138 outsize=0 kw=DIRECTIONAL_COOKIE SHADOWS_SCREEN pd=UNITY_ENABLE_REFLECTION_BUFFERS UNITY_USE_DITHER_MASK_FOR_ALPHABLENDED_SHADOWS UNITY_PBS_USE_BRDF1 UNITY_SPECCUBE_BOX_PROJECTION UNITY_SPECCUBE_BLENDING UNITY_ENABLE_DETAIL_NORMALMAP SHADER_API_DESKTOP UNITY_COLORSPACE_GAMMA UNITY_LIGHTMAP_RGBM_ENCODING ok=1
Cmd: compileSnippet
  api=9 type=1 insize=1138 outsize=0 kw=POINT SHADOWS_CUBE _METALLICGLOSSMAP pd=UNITY_ENABLE_REFLECTION_BUFFERS UNITY_USE_DITHER_MASK_FOR_ALPHABLENDED_SHADOWS UNITY_PBS_USE_BRDF1 UNITY_SPECCUBE_BOX_PROJECTION UNITY_SPECCUBE_BLENDING UNITY_ENABLE_DETAIL_NORMALMAP SHADER_API_DESKTOP UNITY_COLORSPACE_GAMMA UNITY_LIGHTMAP_RGBM_ENCODING ok=1
Cmd: compileSnippet
  api=5 type=1 insize=1138 outsize=0 kw=POINT SHADOWS_CUBE pd=UNITY_ENABLE_REFLECTION_BUFFERS UNITY_USE_DITHER_MASK_FOR_ALPHABLENDED_SHADOWS UNITY_PBS_USE_BRDF1 UNITY_SPECCUBE_BOX_PROJECTION UNITY_SPECCUBE_BLENDING UNITY_ENABLE_DETAIL_NORMALMAP SHADER_API_DESKTOP UNITY_COLORSPACE_GAMMA UNITY_LIGHTMAP_RGBM_ENCODING ok=1
Cmd: compileSnippet
  api=5 type=1 insize=1138 outsize=0 kw=POINT_COOKIE SHADOWS_CUBE _METALLICGLOSSMAP pd=UNITY_ENABLE_REFLECTION_BUFFERS UNITY_USE_DITHER_MASK_FOR_ALPHABLENDED_SHADOWS UNITY_PBS_USE_BRDF1 UNITY_SPECCUBE_BOX_PROJECTION UNITY_SPECCUBE_BLENDING UNITY_ENABLE_DETAIL_NORMALMAP SHADER_API_DESKTOP UNITY_COLORSPACE_GAMMA UNITY_LIGHTMAP_RGBM_ENCODING ok=1
Cmd: compileSnippet
  api=5 type=1 insize=1138 outsize=0 kw=POINT_COOKIE SHADOWS_CUBE pd=UNITY_ENABLE_REFLECTION_BUFFERS UNITY_USE_DITHER_MASK_FOR_ALPHABLENDED_SHADOWS UNITY_PBS_USE_BRDF1 UNITY_SPECCUBE_BOX_PROJECTION UNITY_SPECCUBE_BLENDING UNITY_ENABLE_DETAIL_NORMALMAP SHADER_API_DESKTOP UNITY_COLORSPACE_GAMMA UNITY_LIGHTMAP_RGBM_ENCODING ok=1
Cmd: compileSnippet
  api=5 type=1 insize=1138 outsize=0 kw=POINT _METALLICGLOSSMAP pd=UNITY_ENABLE_REFLECTION_BUFFERS UNITY_USE_DITHER_MASK_FOR_ALPHABLENDED_SHADOWS UNITY_PBS_USE_BRDF1 UNITY_SPECCUBE_BOX_PROJECTION UNITY_SPECCUBE_BLENDING UNITY_ENABLE_DETAIL_NORMALMAP SHADER_API_DESKTOP UNITY_COLORSPACE_GAMMA UNITY_LIGHTMAP_RGBM_ENCODING ok=1
Cmd: compileSnippet
  api=9 type=0 insize=809 outsize=2606 kw=SHADOWS_DEPTH pd=UNITY_ENABLE_REFLECTION_BUFFERS UNITY_USE_DITHER_MASK_FOR_ALPHABLENDED_SHADOWS UNITY_PBS_USE_BRDF1 UNITY_SPECCUBE_BOX_PROJECTION UNITY_SPECCUBE_BLENDING UNITY_ENABLE_DETAIL_NORMALMAP SHADER_API_DESKTOP UNITY_COLORSPACE_GAMMA UNITY_LIGHTMAP_RGBM_ENCODING ok=1
Cmd: compileSnippet
  api=5 type=0 insize=809 outsize=974 kw=SHADOWS_CUBE pd=UNITY_ENABLE_REFLECTION_BUFFERS UNITY_USE_DITHER_MASK_FOR_ALPHABLENDED_SHADOWS UNITY_PBS_USE_BRDF1 UNITY_SPECCUBE_BOX_PROJECTION UNITY_SPECCUBE_BLENDING UNITY_ENABLE_DETAIL_NORMALMAP SHADER_API_DESKTOP UNITY_COLORSPACE_GAMMA UNITY_LIGHTMAP_RGBM_ENCODING ok=1
Cmd: compileSnippet
  api=9 type=0 insize=809 outsize=3217 kw=SHADOWS_DEPTH _ALPHABLEND_ON pd=UNITY_ENABLE_REFLECTION_BUFFERS UNITY_USE_DITHER_MASK_FOR_ALPHABLENDED_SHADOWS UNITY_PBS_USE_BRDF1 UNITY_SPECCUBE_BOX_PROJECTION UNITY_SPECCUBE_BLENDING UNITY_ENABLE_DETAIL_NORMALMAP SHADER_API_DESKTOP UNITY_COLORSPACE_GAMMA UNITY_LIGHTMAP_RGBM_ENCODING ok=1
Cmd: compileSnippet
  api=9 type=1 insize=809 outsize=0 kw=SHADOWS_CUBE _ALPHABLEND_ON pd=UNITY_ENABLE_REFLECTION_BUFFERS UNITY_USE_DITHER_MASK_FOR_ALPHABLENDED_SHADOWS UNITY_PBS_USE_BRDF1 UNITY_SPECCUBE_BOX_PROJECTION UNITY_SPECCUBE_BLENDING UNITY_ENABLE_DETAIL_NORMALMAP SHADER_API_DESKTOP UNITY_COLORSPACE_GAMMA UNITY_LIGHTMAP_RGBM_ENCODING ok=1
Cmd: compileSnippet
  api=5 type=1 insize=809 outsize=0 kw=SHADOWS_CUBE pd=UNITY_ENABLE_REFLECTION_BUFFERS UNITY_USE_DITHER_MASK_FOR_ALPHABLENDED_SHADOWS UNITY_PBS_USE_BRDF1 UNITY_SPECCUBE_BOX_PROJECTION UNITY_SPECCUBE_BLENDING UNITY_ENABLE_DETAIL_NORMALMAP SHADER_API_DESKTOP UNITY_COLORSPACE_GAMMA UNITY_LIGHTMAP_RGBM_ENCODING ok=1
Cmd: compileSnippet
  api=9 type=1 insize=809 outsize=0 kw=SHADOWS_DEPTH _ALPHABLEND_ON pd=UNITY_ENABLE_REFLECTION_BUFFERS UNITY_USE_DITHER_MASK_FOR_ALPHABLENDED_SHADOWS UNITY_PBS_USE_BRDF1 UNITY_SPECCUBE_BOX_PROJECTION UNITY_SPECCUBE_BLENDING UNITY_ENABLE_DETAIL_NORMALMAP SHADER_API_DESKTOP UNITY_COLORSPACE_GAMMA UNITY_LIGHTMAP_RGBM_ENCODING ok=1
Cmd: compileSnippet
  api=5 type=0 insize=807 outsize=3661 kw=_EMISSION pd=UNITY_ENABLE_REFLECTION_BUFFERS UNITY_USE_DITHER_MASK_FOR_ALPHABLENDED_SHADOWS UNITY_PBS_USE_BRDF1 UNITY_SPECCUBE_BOX_PROJECTION UNITY_SPECCUBE_BLENDING UNITY_ENABLE_DETAIL_NORMALMAP SHADER_API_DESKTOP UNITY_COLORSPACE_GAMMA UNITY_LIGHTMAP_RGBM_ENCODING ok=1
Cmd: compileSnippet
  api=5 type=0 insize=807 outsize=3468 kw=_METALLICGLOSSMAP pd=UNITY_ENABLE_REFLECTION_BUFFERS UNITY_USE_DITHER_MASK_FOR_ALPHABLENDED_SHADOWS UNITY_PBS_USE_BRDF1 UNITY_SPECCUBE_BOX_PROJECTION UNITY_SPECCUBE_BLENDING UNITY_ENABLE_DETAIL_NORMALMAP SHADER_API_DESKTOP UNITY_COLORSPACE_GAMMA UNITY_LIGHTMAP_RGBM_ENCODING ok=1
Cmd: compileSnippet
  api=5 type=0 insize=807 outsize=3390 kw=_SMOOTHNESS_TEXTURE_ALBEDO_CHANNEL_A pd=UNITY_ENABLE_REFLECTION_BUFFERS UNITY_USE_DITHER_MASK_FOR_ALPHABLENDED_SHADOWS UNITY_PBS_USE_BRDF1 UNITY_SPECCUBE_BOX_PROJECTION UNITY_SPECCUBE_BLENDING UNITY_ENABLE_DETAIL_NORMALMAP SHADER_API_DESKTOP UNITY_COLORSPACE_GAMMA UNITY_LIGHTMAP_RGBM_ENCODING ok=1
Cmd: compileSnippet
  api=9 type=0 insize=807 outsize=4821 kw=_EMISSION _SMOOTHNESS_TEXTURE_ALBEDO_CHANNEL_A pd=UNITY_ENABLE_REFLECTION_BUFFERS UNITY_USE_DITHER_MASK_FOR_ALPHABLENDED_SHADOWS UNITY_PBS_USE_BRDF1 UNITY_SPECCUBE_BOX_PROJECTION UNITY_SPECCUBE_BLENDING UNITY_ENABLE_DETAIL_NORMALMAP SHADER_API_DESKTOP UNITY_COLORSPACE_GAMMA UNITY_LIGHTMAP_RGBM_ENCODING ok=1
Cmd: compileSnippet
  api=9 type=1 insize=807 outsize=0 kw=_EMISSION pd=UNITY_ENABLE_REFLECTION_BUFFERS UNITY_USE_DITHER_MASK_FOR_ALPHABLENDED_SHADOWS UNITY_PBS_USE_BRDF1 UNITY_SPECCUBE_BOX_PROJECTION UNITY_SPECCUBE_BLENDING UNITY_ENABLE_DETAIL_NORMALMAP SHADER_API_DESKTOP UNITY_COLORSPACE_GAMMA UNITY_LIGHTMAP_RGBM_ENCODING ok=1
Cmd: compileSnippet
  api=9 type=1 insize=807 outsize=0 kw=_EMISSION _METALLICGLOSSMAP pd=UNITY_ENABLE_REFLECTION_BUFFERS UNITY_USE_DITHER_MASK_FOR_ALPHABLENDED_SHADOWS UNITY_PBS_USE_BRDF1 UNITY_SPECCUBE_BOX_PROJECTION UNITY_SPECCUBE_BLENDING UNITY_ENABLE_DETAIL_NORMALMAP SHADER_API_DESKTOP UNITY_COLORSPACE_GAMMA UNITY_LIGHTMAP_RGBM_ENCODING ok=1
Cmd: compileSnippet
  api=9 type=1 insize=807 outsize=0 kw=_EMISSION _SMOOTHNESS_TEXTURE_ALBEDO_CHANNEL_A pd=UNITY_ENABLE_REFLECTION_BUFFERS UNITY_USE_DITHER_MASK_FOR_ALPHABLENDED_SHADOWS UNITY_PBS_USE_BRDF1 UNITY_SPECCUBE_BOX_PROJECTION UNITY_SPECCUBE_BLENDING UNITY_ENABLE_DETAIL_NORMALMAP SHADER_API_DESKTOP UNITY_COLORSPACE_GAMMA UNITY_LIGHTMAP_RGBM_ENCODING ok=1
Cmd: compileSnippet
  api=9 type=0 insize=2718 outsize=2952 kw=SOFTPARTICLES_ON pd=UNITY_ENABLE_REFLECTION_BUFFERS UNITY_USE_DITHER_MASK_FOR_ALPHABLENDED_SHADOWS UNITY_PBS_USE_BRDF1 UNITY_SPECCUBE_BOX_PROJECTION UNITY_SPECCUBE_BLENDING UNITY_ENABLE_DETAIL_NORMALMAP SHADER_API_DESKTOP UNITY_COLORSPACE_GAMMA UNITY_LIGHTMAP_RGBM_ENCODING ok=1
Cmd: compileSnippet
  api=9 type=1 insize=2718 outsize=0 kw=SOFTPARTICLES_ON pd=UNITY_ENABLE_REFLECTION_BUFFERS UNITY_USE_DITHER_MASK_FOR_ALPHABLENDED_SHADOWS UNITY_PBS_USE_BRDF1 UNITY_SPECCUBE_BOX_PROJECTION UNITY_SPECCUBE_BLENDING UNITY_ENABLE_DETAIL_NORMALMAP SHADER_API_DESKTOP UNITY_COLORSPACE_GAMMA UNITY_LIGHTMAP_RGBM_ENCODING ok=1
Cmd: compileSnippet
  api=9 type=1 insize=1064 outsize=0 kw= pd=UNITY_ENABLE_REFLECTION_BUFFERS UNITY_USE_DITHER_MASK_FOR_ALPHABLENDED_SHADOWS UNITY_PBS_USE_BRDF1 UNITY_SPECCUBE_BOX_PROJECTION UNITY_SPECCUBE_BLENDING UNITY_ENABLE_DETAIL_NORMALMAP SHADER_API_DESKTOP UNITY_COLORSPACE_GAMMA UNITY_LIGHTMAP_RGBM_ENCODING ok=1
Cmd: compileSnippet
  api=9 type=0 insize=1070 outsize=1329 kw= pd=UNITY_ENABLE_REFLECTION_BUFFERS UNITY_USE_DITHER_MASK_FOR_ALPHABLENDED_SHADOWS UNITY_PBS_USE_BRDF1 UNITY_SPECCUBE_BOX_PROJECTION UNITY_SPECCUBE_BLENDING UNITY_ENABLE_DETAIL_NORMALMAP SHADER_API_DESKTOP UNITY_COLORSPACE_GAMMA UNITY_LIGHTMAP_RGBM_ENCODING ok=1
Cmd: compileSnippet
  api=9 type=1 insize=1052 outsize=0 kw= pd=UNITY_ENABLE_REFLECTION_BUFFERS UNITY_USE_DITHER_MASK_FOR_ALPHABLENDED_SHADOWS UNITY_PBS_USE_BRDF1 UNITY_SPECCUBE_BOX_PROJECTION UNITY_SPECCUBE_BLENDING UNITY_ENABLE_DETAIL_NORMALMAP SHADER_API_DESKTOP UNITY_COLORSPACE_GAMMA UNITY_LIGHTMAP_RGBM_ENCODING ok=1
Cmd: compileSnippet
  api=9 type=1 insize=1064 outsize=0 kw= pd=UNITY_ENABLE_REFLECTION_BUFFERS UNITY_USE_DITHER_MASK_FOR_ALPHABLENDED_SHADOWS UNITY_PBS_USE_BRDF1 UNITY_SPECCUBE_BOX_PROJECTION UNITY_SPECCUBE_BLENDING UNITY_ENABLE_DETAIL_NORMALMAP SHADER_API_DESKTOP UNITY_COLORSPACE_GAMMA UNITY_LIGHTMAP_RGBM_ENCODING ok=1
Cmd: compileSnippet
  api=9 type=1 insize=1379 outsize=0 kw= pd=UNITY_ENABLE_REFLECTION_BUFFERS UNITY_USE_DITHER_MASK_FOR_ALPHABLENDED_SHADOWS UNITY_PBS_USE_BRDF1 UNITY_SPECCUBE_BOX_PROJECTION UNITY_SPECCUBE_BLENDING UNITY_ENABLE_DETAIL_NORMALMAP SHADER_API_DESKTOP UNITY_COLORSPACE_GAMMA UNITY_LIGHTMAP_RGBM_ENCODING ok=1
Cmd: compileSnippet
  api=5 type=0 insize=5067 outsize=4377 kw=POINT pd=UNITY_NO_DXT5nm UNITY_ENABLE_REFLECTION_BUFFERS UNITY_USE_DITHER_MASK_FOR_ALPHABLENDED_SHADOWS UNITY_PBS_USE_BRDF1 UNITY_SPECCUBE_BOX_PROJECTION UNITY_SPECCUBE_BLENDING UNITY_ENABLE_DETAIL_NORMALMAP SHADER_API_DESKTOP UNITY_COLORSPACE_GAMMA UNITY_LIGHTMAP_RGBM_ENCODING ok=1
Cmd: compileSnippet
  api=9 type=0 insize=5067 outsize=28908 kw=SPOT pd=UNITY_NO_DXT5nm UNITY_ENABLE_REFLECTION_BUFFERS UNITY_USE_DITHER_MASK_FOR_ALPHABLENDED_SHADOWS UNITY_PBS_USE_BRDF1 UNITY_SPECCUBE_BOX_PROJECTION UNITY_SPECCUBE_BLENDING UNITY_ENABLE_DETAIL_NORMALMAP SHADER_API_DESKTOP UNITY_COLORSPACE_GAMMA UNITY_LIGHTMAP_RGBM_ENCODING ok=1
Cmd: compileSnippet
  api=9 type=1 insize=5067 outsize=0 kw=POINT pd=UNITY_NO_DXT5nm UNITY_ENABLE_REFLECTION_BUFFERS UNITY_USE_DITHER_MASK_FOR_ALPHABLENDED_SHADOWS UNITY_PBS_USE_BRDF1 UNITY_SPECCUBE_BOX_PROJECTION UNITY_SPECCUBE_BLENDING UNITY_ENABLE_DETAIL_NORMALMAP SHADER_API_DESKTOP UNITY_COLORSPACE_GAMMA UNITY_LIGHTMAP_RGBM_ENCODING ok=1
Cmd: compileSnippet
  api=9 type=0 insize=2363 outsize=2041 kw= pd=UNITY_NO_DXT5nm UNITY_ENABLE_REFLECTION_BUFFERS UNITY_USE_DITHER_MASK_FOR_ALPHABLENDED_SHADOWS UNITY_PBS_USE_BRDF1 UNITY_SPECCUBE_BOX_PROJECTION UNITY_SPECCUBE_BLENDING UNITY_ENABLE_DETAIL_NORMALMAP SHADER_API_DESKTOP UNITY_COLORSPACE_GAMMA UNITY_LIGHTMAP_RGBM_ENCODING ok=1
Cmd: compileSnippet
  api=9 type=0 insize=848 outsize=1975 kw=SHADOWS_CUBE pd=UNITY_NO_DXT5nm UNITY_ENABLE_REFLECTION_BUFFERS UNITY_USE_DITHER_MASK_FOR_ALPHABLENDED_SHADOWS UNITY_PBS_USE_BRDF1 UNITY_SPECCUBE_BOX_PROJECTION UNITY_SPECCUBE_BLENDING UNITY_ENABLE_DETAIL_NORMALMAP SHADER_API_DESKTOP UNITY_COLORSPACE_GAMMA UNITY_LIGHTMAP_RGBM_ENCODING ok=1
Cmd: compileSnippet
  api=5 type=1 insize=848 outsize=0 kw=SHADOWS_CUBE pd=UNITY_NO_DXT5nm UNITY_ENABLE_REFLECTION_BUFFERS UNITY_USE_DITHER_MASK_FOR_ALPHABLENDED_SHADOWS UNITY_PBS_USE_BRDF1 UNITY_SPECCUBE_BOX_PROJECTION UNITY_SPECCUBE_BLENDING UNITY_ENABLE_DETAIL_NORMALMAP SHADER_API_DESKTOP UNITY_COLORSPACE_GAMMA UNITY_LIGHTMAP_RGBM_ENCODING ok=1
Cmd: compileSnippet
  api=5 type=0 insize=14041 outsize=3055 kw=DIRECTIONAL LIGHTPROBE_SH pd=UNITY_NO_DXT5nm UNITY_ENABLE_REFLECTION_BUFFERS UNITY_USE_DITHER_MASK_FOR_ALPHABLENDED_SHADOWS UNITY_PBS_USE_BRDF1 UNITY_SPECCUBE_BOX_PROJECTION UNITY_SPECCUBE_BLENDING UNITY_ENABLE_DETAIL_NORMALMAP SHADER_API_DESKTOP UNITY_COLORSPACE_GAMMA UNITY_LIGHTMAP_RGBM_ENCODING ok=1
Cmd: compileSnippet
  api=9 type=0 insize=14041 outsize=3145 kw=DIRECTIONAL DYNAMICLIGHTMAP_ON pd=UNITY_NO_DXT5nm UNITY_ENABLE_REFLECTION_BUFFERS UNITY_USE_DITHER_MASK_FOR_ALPHABLENDED_SHADOWS UNITY_PBS_USE_BRDF1 UNITY_SPECCUBE_BOX_PROJECTION UNITY_SPECCUBE_BLENDING UNITY_ENABLE_DETAIL_NORMALMAP SHADER_API_DESKTOP UNITY_COLORSPACE_GAMMA UNITY_LIGHTMAP_RGBM_ENCODING ok=1
Cmd: compileSnippet
  api=9 type=0 insize=14041 outsize=4103 kw=DIRECTIONAL SHADOWS_SCREEN pd=UNITY_NO_DXT5nm UNITY_ENABLE_REFLECTION_BUFFERS UNITY_USE_DITHER_MASK_FOR_ALPHABLENDED_SHADOWS UNITY_PBS_USE_BRDF1 UNITY_SPECCUBE_BOX_PROJECTION UNITY_SPECCUBE_BLENDING UNITY_ENABLE_DETAIL_NORMALMAP SHADER_API_DESKTOP UNITY_COLORSPACE_GAMMA UNITY_LIGHTMAP_RGBM_ENCODING ok=1
Cmd: compileSnippet
  api=5 type=0 insize=14041 outsize=4629 kw=DIRECTIONAL SHADOWS_SCREEN DIRLIGHTMAP_COMBINED DYNAMICLIGHTMAP_ON pd=UNITY_NO_DXT5nm UNITY_ENABLE_REFLECTION_BUFFERS UNITY_USE_DITHER_MASK_FOR_ALPHABLENDED_SHADOWS UNITY_PBS_USE_BRDF1 UNITY_SPECCUBE_BOX_PROJECTION UNITY_SPECCUBE_BLENDING UNITY_ENABLE_DETAIL_NORMALMAP SHADER_API_DESKTOP UNITY_COLORSPACE_GAMMA UNITY_LIGHTMAP_RGBM_ENCODING ok=1
Cmd: compileSnippet
  api=9 type=0 insize=14041 outsize=2352 kw=DIRECTIONAL VERTEXLIGHT_ON pd=UNITY_NO_DXT5nm UNITY_ENABLE_REFLECTION_BUFFERS UNITY_USE_DITHER_MASK_FOR_ALPHABLENDED_SHADOWS UNITY_PBS_USE_BRDF1 UNITY_SPECCUBE_BOX_PROJECTION UNITY_SPECCUBE_BLENDING UNITY_ENABLE_DETAIL_NORMALMAP SHADER_API_DESKTOP UNITY_COLORSPACE_GAMMA UNITY_LIGHTMAP_RGBM_ENCODING ok=1
Cmd: compileSnippet
  api=5 type=0 insize=14041 outsize=2990 kw=DIRECTIONAL DIRLIGHTMAP_COMBINED DYNAMICLIGHTMAP_ON VERTEXLIGHT_ON pd=UNITY_NO_DXT5nm UNITY_ENABLE_REFLECTION_BUFFERS UNITY_USE_DITHER_MASK_FOR_ALPHABLENDED_SHADOWS UNITY_PBS_USE_BRDF1 UNITY_SPECCUBE_BOX_PROJECTION UNITY_SPECCUBE_BLENDING UNITY_ENABLE_DETAIL_NORMALMAP SHADER_API_DESKTOP UNITY_COLORSPACE_GAMMA UNITY_LIGHTMAP_RGBM_ENCODING ok=1
Cmd: compileSnippet
  api=9 type=0 insize=14041 outsize=4103 kw=DIRECTIONAL SHADOWS_SCREEN VERTEXLIGHT_ON pd=UNITY_NO_DXT5nm UNITY_ENABLE_REFLECTION_BUFFERS UNITY_USE_DITHER_MASK_FOR_ALPHABLENDED_SHADOWS UNITY_PBS_USE_BRDF1 UNITY_SPECCUBE_BOX_PROJECTION UNITY_SPECCUBE_BLENDING UNITY_ENABLE_DETAIL_NORMALMAP SHADER_API_DESKTOP UNITY_COLORSPACE_GAMMA UNITY_LIGHTMAP_RGBM_ENCODING ok=1
Cmd: compileSnippet
  api=5 type=0 insize=14041 outsize=4629 kw=DIRECTIONAL SHADOWS_SCREEN DIRLIGHTMAP_COMBINED DYNAMICLIGHTMAP_ON VERTEXLIGHT_ON pd=UNITY_NO_DXT5nm UNITY_ENABLE_REFLECTION_BUFFERS UNITY_USE_DITHER_MASK_FOR_ALPHABLENDED_SHADOWS UNITY_PBS_USE_BRDF1 UNITY_SPECCUBE_BOX_PROJECTION UNITY_SPECCUBE_BLENDING UNITY_ENABLE_DETAIL_NORMALMAP SHADER_API_DESKTOP UNITY_COLORSPACE_GAMMA UNITY_LIGHTMAP_RGBM_ENCODING ok=1
Cmd: compileSnippet
  api=9 type=1 insize=14041 outsize=0 kw=DIRECTIONAL pd=UNITY_NO_DXT5nm UNITY_ENABLE_REFLECTION_BUFFERS UNITY_USE_DITHER_MASK_FOR_ALPHABLENDED_SHADOWS UNITY_PBS_USE_BRDF1 UNITY_SPECCUBE_BOX_PROJECTION UNITY_SPECCUBE_BLENDING UNITY_ENABLE_DETAIL_NORMALMAP SHADER_API_DESKTOP UNITY_COLORSPACE_GAMMA UNITY_LIGHTMAP_RGBM_ENCODING ok=1
Cmd: compileSnippet
  api=5 type=1 insize=14041 outsize=0 kw=DIRECTIONAL DIRLIGHTMAP_COMBINED DYNAMICLIGHTMAP_ON pd=UNITY_NO_DXT5nm UNITY_ENABLE_REFLECTION_BUFFERS UNITY_USE_DITHER_MASK_FOR_ALPHABLENDED_SHADOWS UNITY_PBS_USE_BRDF1 UNITY_SPECCUBE_BOX_PROJECTION UNITY_SPECCUBE_BLENDING UNITY_ENABLE_DETAIL_NORMALMAP SHADER_API_DESKTOP UNITY_COLORSPACE_GAMMA UNITY_LIGHTMAP_RGBM_ENCODING ok=1
Cmd: compileSnippet
  api=9 type=1 insize=14041 outsize=0 kw=DIRECTIONAL SHADOWS_SCREEN pd=UNITY_NO_DXT5nm UNITY_ENABLE_REFLECTION_BUFFERS UNITY_USE_DITHER_MASK_FOR_ALPHABLENDED_SHADOWS UNITY_PBS_USE_BRDF1 UNITY_SPECCUBE_BOX_PROJECTION UNITY_SPECCUBE_BLENDING UNITY_ENABLE_DETAIL_NORMALMAP SHADER_API_DESKTOP UNITY_COLORSPACE_GAMMA UNITY_LIGHTMAP_RGBM_ENCODING ok=1
Cmd: compileSnippet
  api=9 type=1 insize=14041 outsize=0 kw=DIRECTIONAL SHADOWS_SCREEN DYNAMICLIGHTMAP_ON pd=UNITY_NO_DXT5nm UNITY_ENABLE_REFLECTION_BUFFERS UNITY_USE_DITHER_MASK_FOR_ALPHABLENDED_SHADOWS UNITY_PBS_USE_BRDF1 UNITY_SPECCUBE_BOX_PROJECTION UNITY_SPECCUBE_BLENDING UNITY_ENABLE_DETAIL_NORMALMAP SHADER_API_DESKTOP UNITY_COLORSPACE_GAMMA UNITY_LIGHTMAP_RGBM_ENCODING ok=1
Cmd: compileSnippet
  api=9 type=0 insize=4034 outsize=3156 kw=POINT pd=UNITY_NO_DXT5nm UNITY_ENABLE_REFLECTION_BUFFERS UNITY_USE_DITHER_MASK_FOR_ALPHABLENDED_SHADOWS UNITY_PBS_USE_BRDF1 UNITY_SPECCUBE_BOX_PROJECTION UNITY_SPECCUBE_BLENDING UNITY_ENABLE_DETAIL_NORMALMAP SHADER_API_DESKTOP UNITY_COLORSPACE_GAMMA UNITY_LIGHTMAP_RGBM_ENCODING ok=1
Cmd: compileSnippet
  api=9 type=0 insize=4034 outsize=3307 kw=POINT_COOKIE pd=UNITY_NO_DXT5nm UNITY_ENABLE_REFLECTION_BUFFERS UNITY_USE_DITHER_MASK_FOR_ALPHABLENDED_SHADOWS UNITY_PBS_USE_BRDF1 UNITY_SPECCUBE_BOX_PROJECTION UNITY_SPECCUBE_BLENDING UNITY_ENABLE_DETAIL_NORMALMAP SHADER_API_DESKTOP UNITY_COLORSPACE_GAMMA UNITY_LIGHTMAP_RGBM_ENCODING ok=1
Cmd: compileSnippet
  api=9 type=1 insize=4034 outsize=0 kw=POINT pd=UNITY_NO_DXT5nm UNITY_ENABLE_REFLECTION_BUFFERS UNITY_USE_DITHER_MASK_FOR_ALPHABLENDED_SHADOWS UNITY_PBS_USE_BRDF1 UNITY_SPECCUBE_BOX_PROJECTION UNITY_SPECCUBE_BLENDING UNITY_ENABLE_DETAIL_NORMALMAP SHADER_API_DESKTOP UNITY_COLORSPACE_GAMMA UNITY_LIGHTMAP_RGBM_ENCODING ok=1
Cmd: compileSnippet
  api=5 type=1 insize=4034 outsize=0 kw=SPOT pd=UNITY_NO_DXT5nm UNITY_ENABLE_REFLECTION_BUFFERS UNITY_USE_DITHER_MASK_FOR_ALPHABLENDED_SHADOWS UNITY_PBS_USE_BRDF1 UNITY_SPECCUBE_BOX_PROJECTION UNITY_SPECCUBE_BLENDING UNITY_ENABLE_DETAIL_NORMALMAP SHADER_API_DESKTOP UNITY_COLORSPACE_GAMMA UNITY_LIGHTMAP_RGBM_ENCODING ok=1
Cmd: compileSnippet
  api=9 type=1 insize=4034 outsize=0 kw=DIRECTIONAL_COOKIE pd=UNITY_NO_DXT5nm UNITY_ENABLE_REFLECTION_BUFFERS UNITY_USE_DITHER_MASK_FOR_ALPHABLENDED_SHADOWS UNITY_PBS_USE_BRDF1 UNITY_SPECCUBE_BOX_PROJECTION UNITY_SPECCUBE_BLENDING UNITY_ENABLE_DETAIL_NORMALMAP SHADER_API_DESKTOP UNITY_COLORSPACE_GAMMA UNITY_LIGHTMAP_RGBM_ENCODING ok=1
Cmd: compileSnippet
  api=9 type=0 insize=12043 outsize=4116 kw=LIGHTPROBE_SH pd=UNITY_NO_DXT5nm UNITY_ENABLE_REFLECTION_BUFFERS UNITY_USE_DITHER_MASK_FOR_ALPHABLENDED_SHADOWS UNITY_PBS_USE_BRDF1 UNITY_SPECCUBE_BOX_PROJECTION UNITY_SPECCUBE_BLENDING UNITY_ENABLE_DETAIL_NORMALMAP SHADER_API_DESKTOP UNITY_COLORSPACE_GAMMA UNITY_LIGHTMAP_RGBM_ENCODING ok=1
Cmd: compileSnippet
  api=9 type=0 insize=12043 outsize=4791 kw=DIRLIGHTMAP_COMBINED DYNAMICLIGHTMAP_ON pd=UNITY_NO_DXT5nm UNITY_ENABLE_REFLECTION_BUFFERS UNITY_USE_DITHER_MASK_FOR_ALPHABLENDED_SHADOWS UNITY_PBS_USE_BRDF1 UNITY_SPECCUBE_BOX_PROJECTION UNITY_SPECCUBE_BLENDING UNITY_ENABLE_DETAIL_NORMALMAP SHADER_API_DESKTOP UNITY_COLORSPACE_GAMMA UNITY_LIGHTMAP_RGBM_ENCODING ok=1
Cmd: compileSnippet
  api=5 type=0 insize=12043 outsize=3699 kw=DIRLIGHTMAP_COMBINED DYNAMICLIGHTMAP_ON UNITY_HDR_ON pd=UNITY_NO_DXT5nm UNITY_ENABLE_REFLECTION_BUFFERS UNITY_USE_DITHER_MASK_FOR_ALPHABLENDED_SHADOWS UNITY_PBS_USE_BRDF1 UNITY_SPECCUBE_BOX_PROJECTION UNITY_SPECCUBE_BLENDING UNITY_ENABLE_DETAIL_NORMALMAP SHADER_API_DESKTOP UNITY_COLORSPACE_GAMMA UNITY_LIGHTMAP_RGBM_ENCODING ok=1
Cmd: compileSnippet
  api=5 type=1 insize=12043 outsize=0 kw=LIGHTPROBE_SH pd=UNITY_NO_DXT5nm UNITY_ENABLE_REFLECTION_BUFFERS UNITY_USE_DITHER_MASK_FOR_ALPHABLENDED_SHADOWS UNITY_PBS_USE_BRDF1 UNITY_SPECCUBE_BOX_PROJECTION UNITY_SPECCUBE_BLENDING UNITY_ENABLE_DETAIL_NORMALMAP SHADER_API_DESKTOP UNITY_COLORSPACE_GAMMA UNITY_LIGHTMAP_RGBM_ENCODING ok=1
Cmd: compileSnippet
  api=9 type=1 insize=12043 outsize=0 kw=DIRLIGHTMAP_COMBINED DYNAMICLIGHTMAP_ON pd=UNITY_NO_DXT5nm UNITY_ENABLE_REFLECTION_BUFFERS UNITY_USE_DITHER_MASK_FOR_ALPHABLENDED_SHADOWS UNITY_PBS_USE_BRDF1 UNITY_SPECCUBE_BOX_PROJECTION UNITY_SPECCUBE_BLENDING UNITY_ENABLE_DETAIL_NORMALMAP SHADER_API_DESKTOP UNITY_COLORSPACE_GAMMA UNITY_LIGHTMAP_RGBM_ENCODING ok=1
Cmd: compileSnippet
  api=9 type=1 insize=12043 outsize=0 kw=LIGHTPROBE_SH UNITY_HDR_ON pd=UNITY_NO_DXT5nm UNITY_ENABLE_REFLECTION_BUFFERS UNITY_USE_DITHER_MASK_FOR_ALPHABLENDED_SHADOWS UNITY_PBS_USE_BRDF1 UNITY_SPECCUBE_BOX_PROJECTION UNITY_SPECCUBE_BLENDING UNITY_ENABLE_DETAIL_NORMALMAP SHADER_API_DESKTOP UNITY_COLORSPACE_GAMMA UNITY_LIGHTMAP_RGBM_ENCODING ok=1
Cmd: compileSnippet
  api=5 type=1 insize=12043 outsize=0 kw=DIRLIGHTMAP_COMBINED DYNAMICLIGHTMAP_ON UNITY_HDR_ON pd=UNITY_NO_DXT5nm UNITY_ENABLE_REFLECTION_BUFFERS UNITY_USE_DITHER_MASK_FOR_ALPHABLENDED_SHADOWS UNITY_PBS_USE_BRDF1 UNITY_SPECCUBE_BOX_PROJECTION UNITY_SPECCUBE_BLENDING UNITY_ENABLE_DETAIL_NORMALMAP SHADER_API_DESKTOP UNITY_COLORSPACE_GAMMA UNITY_LIGHTMAP_RGBM_ENCODING ok=1
Cmd: compileSnippet
  api=5 type=0 insize=12319 outsize=3468 kw=LIGHTPROBE_SH pd=UNITY_NO_DXT5nm UNITY_ENABLE_REFLECTION_BUFFERS UNITY_USE_DITHER_MASK_FOR_ALPHABLENDED_SHADOWS UNITY_PBS_USE_BRDF1 UNITY_SPECCUBE_BOX_PROJECTION UNITY_SPECCUBE_BLENDING UNITY_ENABLE_DETAIL_NORMALMAP SHADER_API_DESKTOP UNITY_COLORSPACE_GAMMA UNITY_LIGHTMAP_RGBM_ENCODING ok=1
Cmd: compileSnippet
  api=9 type=0 insize=12319 outsize=3238 kw=DYNAMICLIGHTMAP_ON pd=UNITY_NO_DXT5nm UNITY_ENABLE_REFLECTION_BUFFERS UNITY_USE_DITHER_MASK_FOR_ALPHABLENDED_SHADOWS UNITY_PBS_USE_BRDF1 UNITY_SPECCUBE_BOX_PROJECTION UNITY_SPECCUBE_BLENDING UNITY_ENABLE_DETAIL_NORMALMAP SHADER_API_DESKTOP UNITY_COLORSPACE_GAMMA UNITY_LIGHTMAP_RGBM_ENCODING ok=1
Cmd: compileSnippet
  api=5 type=0 insize=12319 outsize=2607 kw=DYNAMICLIGHTMAP_ON UNITY_HDR_ON pd=UNITY_NO_DXT5nm UNITY_ENABLE_REFLECTION_BUFFERS UNITY_USE_DITHER_MASK_FOR_ALPHABLENDED_SHADOWS UNITY_PBS_USE_BRDF1 UNITY_SPECCUBE_BOX_PROJECTION UNITY_SPECCUBE_BLENDING UNITY_ENABLE_DETAIL_NORMALMAP SHADER_API_DESKTOP UNITY_COLORSPACE_GAMMA UNITY_LIGHTMAP_RGBM_ENCODING ok=1
Cmd: compileSnippet
  api=9 type=0 insize=12319 outsize=3743 kw=DIRLIGHTMAP_COMBINED DYNAMICLIGHTMAP_ON UNITY_HDR_ON pd=UNITY_NO_DXT5nm UNITY_ENABLE_REFLECTION_BUFFERS UNITY_USE_DITHER_MASK_FOR_ALPHABLENDED_SHADOWS UNITY_PBS_USE_BRDF1 UNITY_SPECCUBE_BOX_PROJECTION UNITY_SPECCUBE_BLENDING UNITY_ENABLE_DETAIL_NORMALMAP SHADER_API_DESKTOP UNITY_COLORSPACE_GAMMA UNITY_LIGHTMAP_RGBM_ENCODING ok=1
Cmd: compileSnippet
  api=5 type=1 insize=12319 outsize=0 kw=LIGHTPROBE_SH pd=UNITY_NO_DXT5nm UNITY_ENABLE_REFLECTION_BUFFERS UNITY_USE_DITHER_MASK_FOR_ALPHABLENDED_SHADOWS UNITY_PBS_USE_BRDF1 UNITY_SPECCUBE_BOX_PROJECTION UNITY_SPECCUBE_BLENDING UNITY_ENABLE_DETAIL_NORMALMAP SHADER_API_DESKTOP UNITY_COLORSPACE_GAMMA UNITY_LIGHTMAP_RGBM_ENCODING ok=1
Cmd: compileSnippet
  api=5 type=1 insize=12319 outsize=0 kw=DIRLIGHTMAP_COMBINED DYNAMICLIGHTMAP_ON pd=UNITY_NO_DXT5nm UNITY_ENABLE_REFLECTION_BUFFERS UNITY_USE_DITHER_MASK_FOR_ALPHABLENDED_SHADOWS UNITY_PBS_USE_BRDF1 UNITY_SPECCUBE_BOX_PROJECTION UNITY_SPECCUBE_BLENDING UNITY_ENABLE_DETAIL_NORMALMAP SHADER_API_DESKTOP UNITY_COLORSPACE_GAMMA UNITY_LIGHTMAP_RGBM_ENCODING ok=1
Cmd: compileSnippet
  api=5 type=1 insize=12319 outsize=0 kw=LIGHTPROBE_SH UNITY_HDR_ON pd=UNITY_NO_DXT5nm UNITY_ENABLE_REFLECTION_BUFFERS UNITY_USE_DITHER_MASK_FOR_ALPHABLENDED_SHADOWS UNITY_PBS_USE_BRDF1 UNITY_SPECCUBE_BOX_PROJECTION UNITY_SPECCUBE_BLENDING UNITY_ENABLE_DETAIL_NORMALMAP SHADER_API_DESKTOP UNITY_COLORSPACE_GAMMA UNITY_LIGHTMAP_RGBM_ENCODING ok=1
Cmd: compileSnippet
  api=5 type=1 insize=12319 outsize=0 kw=DIRLIGHTMAP_COMBINED DYNAMICLIGHTMAP_ON UNITY_HDR_ON pd=UNITY_NO_DXT5nm UNITY_ENABLE_REFLECTION_BUFFERS UNITY_USE_DITHER_MASK_FOR_ALPHABLENDED_SHADOWS UNITY_PBS_USE_BRDF1 UNITY_SPECCUBE_BOX_PROJECTION UNITY_SPECCUBE_BLENDING UNITY_ENABLE_DETAIL_NORMALMAP SHADER_API_DESKTOP UNITY_COLORSPACE_GAMMA UNITY_LIGHTMAP_RGBM_ENCODING ok=1
Cmd: compileSnippet
  api=5 type=0 insize=3594 outsize=14587 kw=EDITOR_VISUALIZATION pd=UNITY_NO_DXT5nm UNITY_ENABLE_REFLECTION_BUFFERS UNITY_USE_DITHER_MASK_FOR_ALPHABLENDED_SHADOWS UNITY_PBS_USE_BRDF1 UNITY_SPECCUBE_BOX_PROJECTION UNITY_SPECCUBE_BLENDING UNITY_ENABLE_DETAIL_NORMALMAP SHADER_API_DESKTOP UNITY_COLORSPACE_GAMMA UNITY_LIGHTMAP_RGBM_ENCODING ok=1
Cmd: compileSnippet
  api=5 type=1 insize=3594 outsize=0 kw=EDITOR_VISUALIZATION pd=UNITY_NO_DXT5nm UNITY_ENABLE_REFLECTION_BUFFERS UNITY_USE_DITHER_MASK_FOR_ALPHABLENDED_SHADOWS UNITY_PBS_USE_BRDF1 UNITY_SPECCUBE_BOX_PROJECTION UNITY_SPECCUBE_BLENDING UNITY_ENABLE_DETAIL_NORMALMAP SHADER_API_DESKTOP UNITY_COLORSPACE_GAMMA UNITY_LIGHTMAP_RGBM_ENCODING ok=1
Cmd: compileSnippet
  api=9 type=1 insize=1049 outsize=0 kw= pd=UNITY_NO_DXT5nm UNITY_ENABLE_REFLECTION_BUFFERS UNITY_USE_DITHER_MASK_FOR_ALPHABLENDED_SHADOWS UNITY_PBS_USE_BRDF1 UNITY_SPECCUBE_BOX_PROJECTION UNITY_SPECCUBE_BLENDING UNITY_ENABLE_DETAIL_NORMALMAP SHADER_API_DESKTOP UNITY_COLORSPACE_GAMMA UNITY_LIGHTMAP_RGBM_ENCODING ok=1
Cmd: compileSnippet
  api=9 type=0 insize=966 outsize=5583 kw= pd=UNITY_NO_DXT5nm UNITY_ENABLE_REFLECTION_BUFFERS UNITY_USE_DITHER_MASK_FOR_ALPHABLENDED_SHADOWS UNITY_PBS_USE_BRDF1 UNITY_SPECCUBE_BOX_PROJECTION UNITY_SPECCUBE_BLENDING UNITY_ENABLE_DETAIL_NORMALMAP SHADER_API_DESKTOP UNITY_COLORSPACE_GAMMA UNITY_LIGHTMAP_RGBM_ENCODING ok=1
Cmd: compileSnippet
  api=9 type=1 insize=1032 outsize=0 kw= pd=UNITY_NO_DXT5nm UNITY_ENABLE_REFLECTION_BUFFERS UNITY_USE_DITHER_MASK_FOR_ALPHABLENDED_SHADOWS UNITY_PBS_USE_BRDF1 UNITY_SPECCUBE_BOX_PROJECTION UNITY_SPECCUBE_BLENDING UNITY_ENABLE_DETAIL_NORMALMAP SHADER_API_DESKTOP UNITY_COLORSPACE_GAMMA UNITY_LIGHTMAP_RGBM_ENCODING ok=1
Cmd: compileSnippet
  api=9 type=0 insize=1248 outsize=5014 kw= pd=UNITY_NO_DXT5nm UNITY_ENABLE_REFLECTION_BUFFERS UNITY_USE_DITHER_MASK_FOR_ALPHABLENDED_SHADOWS UNITY_PBS_USE_BRDF1 UNITY_SPECCUBE_BOX_PROJECTION UNITY_SPECCUBE_BLENDING UNITY_ENABLE_DETAIL_NORMALMAP SHADER_API_DESKTOP UNITY_COLORSPACE_GAMMA UNITY_LIGHTMAP_RGBM_ENCODING ok=1
Cmd: compileSnippet
  api=9 type=0 insize=1155 outsize=6864 kw= pd=UNITY_NO_DXT5nm UNITY_ENABLE_REFLECTION_BUFFERS UNITY_USE_DITHER_MASK_FOR_ALPHABLENDED_SHADOWS UNITY_PBS_USE_BRDF1 UNITY_SPECCUBE_BOX_PROJECTION UNITY_SPECCUBE_BLENDING UNITY_ENABLE_DETAIL_NORMALMAP SHADER_API_DESKTOP UNITY_COLORSPACE_GAMMA UNITY_LIGHTMAP_RGBM_ENCODING ok=1
Cmd: compileSnippet
  api=9 type=1 insize=1142 outsize=0 kw= pd=UNITY_NO_DXT5nm UNITY_ENABLE_REFLECTION_BUFFERS UNITY_USE_DITHER_MASK_FOR_ALPHABLENDED_SHADOWS UNITY_PBS_USE_BRDF1 UNITY_SPECCUBE_BOX_PROJECTION UNITY_SPECCUBE_BLENDING UNITY_ENABLE_DETAIL_NORMALMAP SHADER_API_DESKTOP UNITY_COLORSPACE_GAMMA UNITY_LIGHTMAP_RGBM_ENCODING ok=1
Cmd: compileSnippet
  api=9 type=0 insize=1473 outsize=5079 kw=DIRECTIONAL pd=UNITY_NO_DXT5nm UNITY_ENABLE_REFLECTION_BUFFERS UNITY_USE_DITHER_MASK_FOR_ALPHABLENDED_SHADOWS UNITY_PBS_USE_BRDF1 UNITY_SPECCUBE_BOX_PROJECTION UNITY_SPECCUBE_BLENDING UNITY_ENABLE_DETAIL_NORMALMAP SHADER_API_DESKTOP UNITY_COLORSPACE_GAMMA UNITY_LIGHTMAP_RGBM_ENCODING ok=1
Cmd: compileSnippet
  api=9 type=0 insize=1473 outsize=6155 kw=POINT_COOKIE pd=UNITY_NO_DXT5nm UNITY_ENABLE_REFLECTION_BUFFERS UNITY_USE_DITHER_MASK_FOR_ALPHABLENDED_SHADOWS UNITY_PBS_USE_BRDF1 UNITY_SPECCUBE_BOX_PROJECTION UNITY_SPECCUBE_BLENDING UNITY_ENABLE_DETAIL_NORMALMAP SHADER_API_DESKTOP UNITY_COLORSPACE_GAMMA UNITY_LIGHTMAP_RGBM_ENCODING ok=1
Cmd: compileSnippet
  api=5 type=0 insize=1473 outsize=6313 kw=SPOT SHADOWS_DEPTH SHADOWS_SOFT pd=UNITY_NO_DXT5nm UNITY_ENABLE_REFLECTION_BUFFERS UNITY_USE_DITHER_MASK_FOR_ALPHABLENDED_SHADOWS UNITY_PBS_USE_BRDF1 UNITY_SPECCUBE_BOX_PROJECTION UNITY_SPECCUBE_BLENDING UNITY_ENABLE_DETAIL_NORMALMAP SHADER_API_DESKTOP UNITY_COLORSPACE_GAMMA UNITY_LIGHTMAP_RGBM_ENCODING ok=1
Cmd: compileSnippet
  api=5 type=0 insize=1473 outsize=4483 kw=DIRECTIONAL_COOKIE SHADOWS_SCREEN pd=UNITY_NO_DXT5nm UNITY_ENABLE_REFLECTION_BUFFERS UNITY_USE_DITHER_MASK_FOR_ALPHABLENDED_SHADOWS UNITY_PBS_USE_BRDF1 UNITY_SPECCUBE_BOX_PROJECTION UNITY_SPECCUBE_BLENDING UNITY_ENABLE_DETAIL_NORMALMAP SHADER_API_DESKTOP UNITY_COLORSPACE_GAMMA UNITY_LIGHTMAP_RGBM_ENCODING ok=1
Cmd: compileSnippet
  api=5 type=0 insize=1473 outsize=4903 kw=POINT SHADOWS_CUBE pd=UNITY_NO_DXT5nm UNITY_ENABLE_REFLECTION_BUFFERS UNITY_USE_DITHER_MASK_FOR_ALPHABLENDED_SHADOWS UNITY_PBS_USE_BRDF1 UNITY_SPECCUBE_BOX_PROJECTION UNITY_SPECCUBE_BLENDING UNITY_ENABLE_DETAIL_NORMALMAP SHADER_API_DESKTOP UNITY_COLORSPACE_GAMMA UNITY_LIGHTMAP_RGBM_ENCODING ok=1
Cmd: compileSnippet
  api=9 type=0 insize=1473 outsize=7700 kw=POINT SHADOWS_CUBE SHADOWS_SOFT pd=UNITY_NO_DXT5nm UNITY_ENABLE_REFLECTION_BUFFERS UNITY_USE_DITHER_MASK_FOR_ALPHABLENDED_SHADOWS UNITY_PBS_USE_BRDF1 UNITY_SPECCUBE_BOX_PROJECTION UNITY_SPECCUBE_BLENDING UNITY_ENABLE_DETAIL_NORMALMAP SHADER_API_DESKTOP UNITY_COLORSPACE_GAMMA UNITY_LIGHTMAP_RGBM_ENCODING ok=1
Cmd: compileSnippet
  api=9 type=1 insize=1473 outsize=0 kw=POINT pd=UNITY_NO_DXT5nm UNITY_ENABLE_REFLECTION_BUFFERS UNITY_USE_DITHER_MASK_FOR_ALPHABLENDED_SHADOWS UNITY_PBS_USE_BRDF1 UNITY_SPECCUBE_BOX_PROJECTION UNITY_SPECCUBE_BLENDING UNITY_ENABLE_DETAIL_NORMALMAP SHADER_API_DESKTOP UNITY_COLORSPACE_GAMMA UNITY_LIGHTMAP_RGBM_ENCODING ok=1
Cmd: compileSnippet
  api=9 type=1 insize=1473 outsize=0 kw=SPOT pd=UNITY_NO_DXT5nm UNITY_ENABLE_REFLECTION_BUFFERS UNITY_USE_DITHER_MASK_FOR_ALPHABLENDED_SHADOWS UNITY_PBS_USE_BRDF1 UNITY_SPECCUBE_BOX_PROJECTION UNITY_SPECCUBE_BLENDING UNITY_ENABLE_DETAIL_NORMALMAP SHADER_API_DESKTOP UNITY_COLORSPACE_GAMMA UNITY_LIGHTMAP_RGBM_ENCODING ok=1
Cmd: compileSnippet
  api=5 type=1 insize=1473 outsize=0 kw=SPOT SHADOWS_DEPTH pd=UNITY_NO_DXT5nm UNITY_ENABLE_REFLECTION_BUFFERS UNITY_USE_DITHER_MASK_FOR_ALPHABLENDED_SHADOWS UNITY_PBS_USE_BRDF1 UNITY_SPECCUBE_BOX_PROJECTION UNITY_SPECCUBE_BLENDING UNITY_ENABLE_DETAIL_NORMALMAP SHADER_API_DESKTOP UNITY_COLORSPACE_GAMMA UNITY_LIGHTMAP_RGBM_ENCODING ok=1
Cmd: compileSnippet
  api=5 type=1 insize=1473 outsize=0 kw=SPOT SHADOWS_DEPTH SHADOWS_SOFT pd=UNITY_NO_DXT5nm UNITY_ENABLE_REFLECTION_BUFFERS UNITY_USE_DITHER_MASK_FOR_ALPHABLENDED_SHADOWS UNITY_PBS_USE_BRDF1 UNITY_SPECCUBE_BOX_PROJECTION UNITY_SPECCUBE_BLENDING UNITY_ENABLE_DETAIL_NORMALMAP SHADER_API_DESKTOP UNITY_COLORSPACE_GAMMA UNITY_LIGHTMAP_RGBM_ENCODING ok=1
Cmd: compileSnippet
  api=5 type=1 insize=1473 outsize=0 kw=DIRECTIONAL_COOKIE SHADOWS_SCREEN pd=UNITY_NO_DXT5nm UNITY_ENABLE_REFLECTION_BUFFERS UNITY_USE_DITHER_MASK_FOR_ALPHABLENDED_SHADOWS UNITY_PBS_USE_BRDF1 UNITY_SPECCUBE_BOX_PROJECTION UNITY_SPECCUBE_BLENDING UNITY_ENABLE_DETAIL_NORMALMAP SHADER_API_DESKTOP UNITY_COLORSPACE_GAMMA UNITY_LIGHTMAP_RGBM_ENCODING ok=1
Cmd: compileSnippet
  api=9 type=1 insize=1473 outsize=0 kw=POINT SHADOWS_CUBE SHADOWS_SOFT pd=UNITY_NO_DXT5nm UNITY_ENABLE_REFLECTION_BUFFERS UNITY_USE_DITHER_MASK_FOR_ALPHABLENDED_SHADOWS UNITY_PBS_USE_BRDF1 UNITY_SPECCUBE_BOX_PROJECTION UNITY_SPECCUBE_BLENDING UNITY_ENABLE_DETAIL_NORMALMAP SHADER_API_DESKTOP UNITY_COLORSPACE_GAMMA UNITY_LIGHTMAP_RGBM_ENCODING ok=1
Cmd: compileSnippet
  api=9 type=0 insize=1466 outsize=5613 kw=POINT pd=UNITY_NO_DXT5nm UNITY_ENABLE_REFLECTION_BUFFERS UNITY_USE_DITHER_MASK_FOR_ALPHABLENDED_SHADOWS UNITY_PBS_USE_BRDF1 UNITY_SPECCUBE_BOX_PROJECTION UNITY_SPECCUBE_BLENDING UNITY_ENABLE_DETAIL_NORMALMAP SHADER_API_DESKTOP UNITY_COLORSPACE_GAMMA UNITY_LIGHTMAP_RGBM_ENCODING ok=1
Cmd: compileSnippet
  api=9 type=0 insize=1466 outsize=6146 kw=POINT_COOKIE pd=UNITY_NO_DXT5nm UNITY_ENABLE_REFLECTION_BUFFERS UNITY_USE_DITHER_MASK_FOR_ALPHABLENDED_SHADOWS UNITY_PBS_USE_BRDF1 UNITY_SPECCUBE_BOX_PROJECTION UNITY_SPECCUBE_BLENDING UNITY_ENABLE_DETAIL_NORMALMAP SHADER_API_DESKTOP UNITY_COLORSPACE_GAMMA UNITY_LIGHTMAP_RGBM_ENCODING ok=1
Cmd: compileSnippet
  api=5 type=0 insize=1466 outsize=6253 kw=SPOT SHADOWS_DEPTH SHADOWS_SOFT pd=UNITY_NO_DXT5nm UNITY_ENABLE_REFLECTION_BUFFERS UNITY_USE_DITHER_MASK_FOR_ALPHABLENDED_SHADOWS UNITY_PBS_USE_BRDF1 UNITY_SPECCUBE_BOX_PROJECTION UNITY_SPECCUBE_BLENDING UNITY_ENABLE_DETAIL_NORMALMAP SHADER_API_DESKTOP UNITY_COLORSPACE_GAMMA UNITY_LIGHTMAP_RGBM_ENCODING ok=1
Cmd: compileSnippet
  api=5 type=0 insize=1466 outsize=4423 kw=DIRECTIONAL_COOKIE SHADOWS_SCREEN pd=UNITY_NO_DXT5nm UNITY_ENABLE_REFLECTION_BUFFERS UNITY_USE_DITHER_MASK_FOR_ALPHABLENDED_SHADOWS UNITY_PBS_USE_BRDF1 UNITY_SPECCUBE_BOX_PROJECTION UNITY_SPECCUBE_BLENDING UNITY_ENABLE_DETAIL_NORMALMAP SHADER_API_DESKTOP UNITY_COLORSPACE_GAMMA UNITY_LIGHTMAP_RGBM_ENCODING ok=1
Cmd: compileSnippet
  api=5 type=0 insize=1466 outsize=4843 kw=POINT SHADOWS_CUBE pd=UNITY_NO_DXT5nm UNITY_ENABLE_REFLECTION_BUFFERS UNITY_USE_DITHER_MASK_FOR_ALPHABLENDED_SHADOWS UNITY_PBS_USE_BRDF1 UNITY_SPECCUBE_BOX_PROJECTION UNITY_SPECCUBE_BLENDING UNITY_ENABLE_DETAIL_NORMALMAP SHADER_API_DESKTOP UNITY_COLORSPACE_GAMMA UNITY_LIGHTMAP_RGBM_ENCODING ok=1
Cmd: compileSnippet
  api=9 type=0 insize=1466 outsize=7691 kw=POINT SHADOWS_CUBE SHADOWS_SOFT pd=UNITY_NO_DXT5nm UNITY_ENABLE_REFLECTION_BUFFERS UNITY_USE_DITHER_MASK_FOR_ALPHABLENDED_SHADOWS UNITY_PBS_USE_BRDF1 UNITY_SPECCUBE_BOX_PROJECTION UNITY_SPECCUBE_BLENDING UNITY_ENABLE_DETAIL_NORMALMAP SHADER_API_DESKTOP UNITY_COLORSPACE_GAMMA UNITY_LIGHTMAP_RGBM_ENCODING ok=1
Cmd: compileSnippet
  api=9 type=1 insize=1466 outsize=0 kw=POINT pd=UNITY_NO_DXT5nm UNITY_ENABLE_REFLECTION_BUFFERS UNITY_USE_DITHER_MASK_FOR_ALPHABLENDED_SHADOWS UNITY_PBS_USE_BRDF1 UNITY_SPECCUBE_BOX_PROJECTION UNITY_SPECCUBE_BLENDING UNITY_ENABLE_DETAIL_NORMALMAP SHADER_API_DESKTOP UNITY_COLORSPACE_GAMMA UNITY_LIGHTMAP_RGBM_ENCODING ok=1
Cmd: compileSnippet
  api=5 type=1 insize=1466 outsize=0 kw=SPOT pd=UNITY_NO_DXT5nm UNITY_ENABLE_REFLECTION_BUFFERS UNITY_USE_DITHER_MASK_FOR_ALPHABLENDED_SHADOWS UNITY_PBS_USE_BRDF1 UNITY_SPECCUBE_BOX_PROJECTION UNITY_SPECCUBE_BLENDING UNITY_ENABLE_DETAIL_NORMALMAP SHADER_API_DESKTOP UNITY_COLORSPACE_GAMMA UNITY_LIGHTMAP_RGBM_ENCODING ok=1
Cmd: compileSnippet
  api=5 type=1 insize=1466 outsize=0 kw=DIRECTIONAL_COOKIE pd=UNITY_NO_DXT5nm UNITY_ENABLE_REFLECTION_BUFFERS UNITY_USE_DITHER_MASK_FOR_ALPHABLENDED_SHADOWS UNITY_PBS_USE_BRDF1 UNITY_SPECCUBE_BOX_PROJECTION UNITY_SPECCUBE_BLENDING UNITY_ENABLE_DETAIL_NORMALMAP SHADER_API_DESKTOP UNITY_COLORSPACE_GAMMA UNITY_LIGHTMAP_RGBM_ENCODING ok=1
Cmd: compileSnippet
  api=5 type=1 insize=1466 outsize=0 kw=SPOT SHADOWS_DEPTH SHADOWS_SOFT pd=UNITY_NO_DXT5nm UNITY_ENABLE_REFLECTION_BUFFERS UNITY_USE_DITHER_MASK_FOR_ALPHABLENDED_SHADOWS UNITY_PBS_USE_BRDF1 UNITY_SPECCUBE_BOX_PROJECTION UNITY_SPECCUBE_BLENDING UNITY_ENABLE_DETAIL_NORMALMAP SHADER_API_DESKTOP UNITY_COLORSPACE_GAMMA UNITY_LIGHTMAP_RGBM_ENCODING ok=1
Cmd: compileSnippet
  api=5 type=1 insize=1466 outsize=0 kw=DIRECTIONAL_COOKIE SHADOWS_SCREEN pd=UNITY_NO_DXT5nm UNITY_ENABLE_REFLECTION_BUFFERS UNITY_USE_DITHER_MASK_FOR_ALPHABLENDED_SHADOWS UNITY_PBS_USE_BRDF1 UNITY_SPECCUBE_BOX_PROJECTION UNITY_SPECCUBE_BLENDING UNITY_ENABLE_DETAIL_NORMALMAP SHADER_API_DESKTOP UNITY_COLORSPACE_GAMMA UNITY_LIGHTMAP_RGBM_ENCODING ok=1
Cmd: compileSnippet
  api=5 type=1 insize=1466 outsize=0 kw=POINT SHADOWS_CUBE SHADOWS_SOFT pd=UNITY_NO_DXT5nm UNITY_ENABLE_REFLECTION_BUFFERS UNITY_USE_DITHER_MASK_FOR_ALPHABLENDED_SHADOWS UNITY_PBS_USE_BRDF1 UNITY_SPECCUBE_BOX_PROJECTION UNITY_SPECCUBE_BLENDING UNITY_ENABLE_DETAIL_NORMALMAP SHADER_API_DESKTOP UNITY_COLORSPACE_GAMMA UNITY_LIGHTMAP_RGBM_ENCODING ok=1
Cmd: compileSnippet
  api=5 type=1 insize=1466 outsize=0 kw=POINT_COOKIE SHADOWS_CUBE SHADOWS_SOFT pd=UNITY_NO_DXT5nm UNITY_ENABLE_REFLECTION_BUFFERS UNITY_USE_DITHER_MASK_FOR_ALPHABLENDED_SHADOWS UNITY_PBS_USE_BRDF1 UNITY_SPECCUBE_BOX_PROJECTION UNITY_SPECCUBE_BLENDING UNITY_ENABLE_DETAIL_NORMALMAP SHADER_API_DESKTOP UNITY_COLORSPACE_GAMMA UNITY_LIGHTMAP_RGBM_ENCODING ok=1
Cmd: compileSnippet
  api=5 type=0 insize=11179 outsize=4259 kw=SHADOWS_SPLIT_SPHERES pd=UNITY_NO_DXT5nm UNITY_ENABLE_REFLECTION_BUFFERS UNITY_USE_DITHER_MASK_FOR_ALPHABLENDED_SHADOWS UNITY_PBS_USE_BRDF1 UNITY_SPECCUBE_BOX_PROJECTION UNITY_SPECCUBE_BLENDING UNITY_ENABLE_DETAIL_NORMALMAP SHADER_API_DESKTOP UNITY_COLORSPACE_GAMMA UNITY_LIGHTMAP_RGBM_ENCODING ok=1
Cmd: compileSnippet
  api=9 type=0 insize=11179 outsize=4078 kw=SHADOWS_SINGLE_CASCADE pd=UNITY_NO_DXT5nm UNITY_ENABLE_REFLECTION_BUFFERS UNITY_USE_DITHER_MASK_FOR_ALPHABLENDED_SHADOWS UNITY_PBS_USE_BRDF1 UNITY_SPECCUBE_BOX_PROJECTION UNITY_SPECCUBE_BLENDING UNITY_ENABLE_DETAIL_NORMALMAP SHADER_API_DESKTOP UNITY_COLORSPACE_GAMMA UNITY_LIGHTMAP_RGBM_ENCODING ok=1
Cmd: compileSnippet
  api=9 type=1 insize=11179 outsize=0 kw=SHADOWS_SPLIT_SPHERES pd=UNITY_NO_DXT5nm UNITY_ENABLE_REFLECTION_BUFFERS UNITY_USE_DITHER_MASK_FOR_ALPHABLENDED_SHADOWS UNITY_PBS_USE_BRDF1 UNITY_SPECCUBE_BOX_PROJECTION UNITY_SPECCUBE_BLENDING UNITY_ENABLE_DETAIL_NORMALMAP SHADER_API_DESKTOP UNITY_COLORSPACE_GAMMA UNITY_LIGHTMAP_RGBM_ENCODING ok=1
Cmd: compileSnippet
  api=5 type=1 insize=11179 outsize=0 kw=SHADOWS_SPLIT_SPHERES SHADOWS_SINGLE_CASCADE pd=UNITY_NO_DXT5nm UNITY_ENABLE_REFLECTION_BUFFERS UNITY_USE_DITHER_MASK_FOR_ALPHABLENDED_SHADOWS UNITY_PBS_USE_BRDF1 UNITY_SPECCUBE_BOX_PROJECTION UNITY_SPECCUBE_BLENDING UNITY_ENABLE_DETAIL_NORMALMAP SHADER_API_DESKTOP UNITY_COLORSPACE_GAMMA UNITY_LIGHTMAP_RGBM_ENCODING ok=1
Cmd: compileSnippet
  api=9 type=0 insize=11183 outsize=6241 kw=SHADOWS_SPLIT_SPHERES pd=UNITY_NO_DXT5nm UNITY_ENABLE_REFLECTION_BUFFERS UNITY_USE_DITHER_MASK_FOR_ALPHABLENDED_SHADOWS UNITY_PBS_USE_BRDF1 UNITY_SPECCUBE_BOX_PROJECTION UNITY_SPECCUBE_BLENDING UNITY_ENABLE_DETAIL_NORMALMAP SHADER_API_DESKTOP UNITY_COLORSPACE_GAMMA UNITY_LIGHTMAP_RGBM_ENCODING ok=1
Cmd: compileSnippet
  api=9 type=1 insize=11183 outsize=0 kw= pd=UNITY_NO_DXT5nm UNITY_ENABLE_REFLECTION_BUFFERS UNITY_USE_DITHER_MASK_FOR_ALPHABLENDED_SHADOWS UNITY_PBS_USE_BRDF1 UNITY_SPECCUBE_BOX_PROJECTION UNITY_SPECCUBE_BLENDING UNITY_ENABLE_DETAIL_NORMALMAP SHADER_API_DESKTOP UNITY_COLORSPACE_GAMMA UNITY_LIGHTMAP_RGBM_ENCODING ok=1
Cmd: compileSnippet
  api=9 type=1 insize=11183 outsize=0 kw=SHADOWS_SPLIT_SPHERES SHADOWS_SINGLE_CASCADE pd=UNITY_NO_DXT5nm UNITY_ENABLE_REFLECTION_BUFFERS UNITY_USE_DITHER_MASK_FOR_ALPHABLENDED_SHADOWS UNITY_PBS_USE_BRDF1 UNITY_SPECCUBE_BOX_PROJECTION UNITY_SPECCUBE_BLENDING UNITY_ENABLE_DETAIL_NORMALMAP SHADER_API_DESKTOP UNITY_COLORSPACE_GAMMA UNITY_LIGHTMAP_RGBM_ENCODING ok=1
Cmd: compileSnippet
  api=5 type=0 insize=11209 outsize=7740 kw=SHADOWS_SPLIT_SPHERES pd=UNITY_NO_DXT5nm UNITY_ENABLE_REFLECTION_BUFFERS UNITY_USE_DITHER_MASK_FOR_ALPHABLENDED_SHADOWS UNITY_PBS_USE_BRDF1 UNITY_SPECCUBE_BOX_PROJECTION UNITY_SPECCUBE_BLENDING UNITY_ENABLE_DETAIL_NORMALMAP SHADER_API_DESKTOP UNITY_COLORSPACE_GAMMA UNITY_LIGHTMAP_RGBM_ENCODING ok=1
Cmd: compileSnippet
  api=9 type=0 insize=11209 outsize=8390 kw=SHADOWS_SINGLE_CASCADE pd=UNITY_NO_DXT5nm UNITY_ENABLE_REFLECTION_BUFFERS UNITY_USE_DITHER_MASK_FOR_ALPHABLENDED_SHADOWS UNITY_PBS_USE_BRDF1 UNITY_SPECCUBE_BOX_PROJECTION UNITY_SPECCUBE_BLENDING UNITY_ENABLE_DETAIL_NORMALMAP SHADER_API_DESKTOP UNITY_COLORSPACE_GAMMA UNITY_LIGHTMAP_RGBM_ENCODING ok=1
Cmd: compileSnippet
  api=9 type=1 insize=11209 outsize=0 kw= pd=UNITY_NO_DXT5nm UNITY_ENABLE_REFLECTION_BUFFERS UNITY_USE_DITHER_MASK_FOR_ALPHABLENDED_SHADOWS UNITY_PBS_USE_BRDF1 UNITY_SPECCUBE_BOX_PROJECTION UNITY_SPECCUBE_BLENDING UNITY_ENABLE_DETAIL_NORMALMAP SHADER_API_DESKTOP UNITY_COLORSPACE_GAMMA UNITY_LIGHTMAP_RGBM_ENCODING ok=1
Cmd: compileSnippet
  api=5 type=1 insize=11209 outsize=0 kw=SHADOWS_SPLIT_SPHERES SHADOWS_SINGLE_CASCADE pd=UNITY_NO_DXT5nm UNITY_ENABLE_REFLECTION_BUFFERS UNITY_USE_DITHER_MASK_FOR_ALPHABLENDED_SHADOWS UNITY_PBS_USE_BRDF1 UNITY_SPECCUBE_BOX_PROJECTION UNITY_SPECCUBE_BLENDING UNITY_ENABLE_DETAIL_NORMALMAP SHADER_API_DESKTOP UNITY_COLORSPACE_GAMMA UNITY_LIGHTMAP_RGBM_ENCODING ok=1
Cmd: compileSnippet
  api=9 type=0 insize=11213 outsize=9940 kw= pd=UNITY_NO_DXT5nm UNITY_ENABLE_REFLECTION_BUFFERS UNITY_USE_DITHER_MASK_FOR_ALPHABLENDED_SHADOWS UNITY_PBS_USE_BRDF1 UNITY_SPECCUBE_BOX_PROJECTION UNITY_SPECCUBE_BLENDING UNITY_ENABLE_DETAIL_NORMALMAP SHADER_API_DESKTOP UNITY_COLORSPACE_GAMMA UNITY_LIGHTMAP_RGBM_ENCODING ok=1
Cmd: compileSnippet
  api=5 type=0 insize=11213 outsize=6573 kw=SHADOWS_SPLIT_SPHERES SHADOWS_SINGLE_CASCADE pd=UNITY_NO_DXT5nm UNITY_ENABLE_REFLECTION_BUFFERS UNITY_USE_DITHER_MASK_FOR_ALPHABLENDED_SHADOWS UNITY_PBS_USE_BRDF1 UNITY_SPECCUBE_BOX_PROJECTION UNITY_SPECCUBE_BLENDING UNITY_ENABLE_DETAIL_NORMALMAP SHADER_API_DESKTOP UNITY_COLORSPACE_GAMMA UNITY_LIGHTMAP_RGBM_ENCODING ok=1
Cmd: compileSnippet
  api=5 type=1 insize=11213 outsize=0 kw=SHADOWS_SPLIT_SPHERES pd=UNITY_NO_DXT5nm UNITY_ENABLE_REFLECTION_BUFFERS UNITY_USE_DITHER_MASK_FOR_ALPHABLENDED_SHADOWS UNITY_PBS_USE_BRDF1 UNITY_SPECCUBE_BOX_PROJECTION UNITY_SPECCUBE_BLENDING UNITY_ENABLE_DETAIL_NORMALMAP SHADER_API_DESKTOP UNITY_COLORSPACE_GAMMA UNITY_LIGHTMAP_RGBM_ENCODING ok=1
Cmd: compileSnippet
  api=9 type=1 insize=11213 outsize=0 kw=SHADOWS_SPLIT_SPHERES SHADOWS_SINGLE_CASCADE pd=UNITY_NO_DXT5nm UNITY_ENABLE_REFLECTION_BUFFERS UNITY_USE_DITHER_MASK_FOR_ALPHABLENDED_SHADOWS UNITY_PBS_USE_BRDF1 UNITY_SPECCUBE_BOX_PROJECTION UNITY_SPECCUBE_BLENDING UNITY_ENABLE_DETAIL_NORMALMAP SHADER_API_DESKTOP UNITY_COLORSPACE_GAMMA UNITY_LIGHTMAP_RGBM_ENCODING ok=1
Cmd: compileSnippet
  api=9 type=1 insize=1306 outsize=0 kw= pd=UNITY_NO_DXT5nm UNITY_ENABLE_REFLECTION_BUFFERS UNITY_USE_DITHER_MASK_FOR_ALPHABLENDED_SHADOWS UNITY_PBS_USE_BRDF1 UNITY_SPECCUBE_BOX_PROJECTION UNITY_SPECCUBE_BLENDING UNITY_ENABLE_DETAIL_NORMALMAP SHADER_API_DESKTOP UNITY_COLORSPACE_GAMMA UNITY_LIGHTMAP_RGBM_ENCODING ok=1
Cmd: compileSnippet
  api=9 type=0 insize=1805 outsize=2376 kw= pd=UNITY_NO_DXT5nm UNITY_ENABLE_REFLECTION_BUFFERS UNITY_USE_DITHER_MASK_FOR_ALPHABLENDED_SHADOWS UNITY_PBS_USE_BRDF1 UNITY_SPECCUBE_BOX_PROJECTION UNITY_SPECCUBE_BLENDING UNITY_ENABLE_DETAIL_NORMALMAP SHADER_API_DESKTOP UNITY_COLORSPACE_GAMMA UNITY_LIGHTMAP_RGBM_ENCODING ok=1
Cmd: compileSnippet
  api=9 type=0 insize=2008 outsize=7466 kw=DIRECTIONAL pd=UNITY_NO_DXT5nm UNITY_ENABLE_REFLECTION_BUFFERS UNITY_USE_DITHER_MASK_FOR_ALPHABLENDED_SHADOWS UNITY_PBS_USE_BRDF1 UNITY_SPECCUBE_BOX_PROJECTION UNITY_SPECCUBE_BLENDING UNITY_ENABLE_DETAIL_NORMALMAP SHADER_API_DESKTOP UNITY_COLORSPACE_GAMMA UNITY_LIGHTMAP_RGBM_ENCODING ok=1
Cmd: compileSnippet
  api=5 type=0 insize=2008 outsize=6449 kw=POINT_COOKIE pd=UNITY_NO_DXT5nm UNITY_ENABLE_REFLECTION_BUFFERS UNITY_USE_DITHER_MASK_FOR_ALPHABLENDED_SHADOWS UNITY_PBS_USE_BRDF1 UNITY_SPECCUBE_BOX_PROJECTION UNITY_SPECCUBE_BLENDING UNITY_ENABLE_DETAIL_NORMALMAP SHADER_API_DESKTOP UNITY_COLORSPACE_GAMMA UNITY_LIGHTMAP_RGBM_ENCODING ok=1
Cmd: compileSnippet
  api=9 type=0 insize=2008 outsize=7983 kw=DIRECTIONAL_COOKIE pd=UNITY_NO_DXT5nm UNITY_ENABLE_REFLECTION_BUFFERS UNITY_USE_DITHER_MASK_FOR_ALPHABLENDED_SHADOWS UNITY_PBS_USE_BRDF1 UNITY_SPECCUBE_BOX_PROJECTION UNITY_SPECCUBE_BLENDING UNITY_ENABLE_DETAIL_NORMALMAP SHADER_API_DESKTOP UNITY_COLORSPACE_GAMMA UNITY_LIGHTMAP_RGBM_ENCODING ok=1
Cmd: compileSnippet
  api=5 type=0 insize=2008 outsize=6640 kw=DIRECTIONAL SHADOWS_SCREEN pd=UNITY_NO_DXT5nm UNITY_ENABLE_REFLECTION_BUFFERS UNITY_USE_DITHER_MASK_FOR_ALPHABLENDED_SHADOWS UNITY_PBS_USE_BRDF1 UNITY_SPECCUBE_BOX_PROJECTION UNITY_SPECCUBE_BLENDING UNITY_ENABLE_DETAIL_NORMALMAP SHADER_API_DESKTOP UNITY_COLORSPACE_GAMMA UNITY_LIGHTMAP_RGBM_ENCODING ok=1
Cmd: compileSnippet
  api=9 type=0 insize=2008 outsize=8890 kw=DIRECTIONAL_COOKIE SHADOWS_SCREEN pd=UNITY_NO_DXT5nm UNITY_ENABLE_REFLECTION_BUFFERS UNITY_USE_DITHER_MASK_FOR_ALPHABLENDED_SHADOWS UNITY_PBS_USE_BRDF1 UNITY_SPECCUBE_BOX_PROJECTION UNITY_SPECCUBE_BLENDING UNITY_ENABLE_DETAIL_NORMALMAP SHADER_API_DESKTOP UNITY_COLORSPACE_GAMMA UNITY_LIGHTMAP_RGBM_ENCODING ok=1
Cmd: compileSnippet
  api=5 type=0 insize=2008 outsize=7733 kw=POINT_COOKIE SHADOWS_CUBE pd=UNITY_NO_DXT5nm UNITY_ENABLE_REFLECTION_BUFFERS UNITY_USE_DITHER_MASK_FOR_ALPHABLENDED_SHADOWS UNITY_PBS_USE_BRDF1 UNITY_SPECCUBE_BOX_PROJECTION UNITY_SPECCUBE_BLENDING UNITY_ENABLE_DETAIL_NORMALMAP SHADER_API_DESKTOP UNITY_COLORSPACE_GAMMA UNITY_LIGHTMAP_RGBM_ENCODING ok=1
Cmd: compileSnippet
  api=9 type=0 insize=2008 outsize=10735 kw=POINT_COOKIE SHADOWS_CUBE SHADOWS_SOFT pd=UNITY_NO_DXT5nm UNITY_ENABLE_REFLECTION_BUFFERS UNITY_USE_DITHER_MASK_FOR_ALPHABLENDED_SHADOWS UNITY_PBS_USE_BRDF1 UNITY_SPECCUBE_BOX_PROJECTION UNITY_SPECCUBE_BLENDING UNITY_ENABLE_DETAIL_NORMALMAP SHADER_API_DESKTOP UNITY_COLORSPACE_GAMMA UNITY_LIGHTMAP_RGBM_ENCODING ok=1
Cmd: compileSnippet
  api=5 type=0 insize=2008 outsize=6437 kw=SPOT UNITY_HDR_ON pd=UNITY_NO_DXT5nm UNITY_ENABLE_REFLECTION_BUFFERS UNITY_USE_DITHER_MASK_FOR_ALPHABLENDED_SHADOWS UNITY_PBS_USE_BRDF1 UNITY_SPECCUBE_BOX_PROJECTION UNITY_SPECCUBE_BLENDING UNITY_ENABLE_DETAIL_NORMALMAP SHADER_API_DESKTOP UNITY_COLORSPACE_GAMMA UNITY_LIGHTMAP_RGBM_ENCODING ok=1
Cmd: compileSnippet
  api=9 type=0 insize=2008 outsize=8248 kw=POINT_COOKIE UNITY_HDR_ON pd=UNITY_NO_DXT5nm UNITY_ENABLE_REFLECTION_BUFFERS UNITY_USE_DITHER_MASK_FOR_ALPHABLENDED_SHADOWS UNITY_PBS_USE_BRDF1 UNITY_SPECCUBE_BOX_PROJECTION UNITY_SPECCUBE_BLENDING UNITY_ENABLE_DETAIL_NORMALMAP SHADER_API_DESKTOP UNITY_COLORSPACE_GAMMA UNITY_LIGHTMAP_RGBM_ENCODING ok=1
Cmd: compileSnippet
  api=5 type=0 insize=2008 outsize=8697 kw=SPOT SHADOWS_DEPTH SHADOWS_SOFT UNITY_HDR_ON pd=UNITY_NO_DXT5nm UNITY_ENABLE_REFLECTION_BUFFERS UNITY_USE_DITHER_MASK_FOR_ALPHABLENDED_SHADOWS UNITY_PBS_USE_BRDF1 UNITY_SPECCUBE_BOX_PROJECTION UNITY_SPECCUBE_BLENDING UNITY_ENABLE_DETAIL_NORMALMAP SHADER_API_DESKTOP UNITY_COLORSPACE_GAMMA UNITY_LIGHTMAP_RGBM_ENCODING ok=1
Cmd: compileSnippet
  api=9 type=0 insize=2008 outsize=8826 kw=DIRECTIONAL_COOKIE SHADOWS_SCREEN UNITY_HDR_ON pd=UNITY_NO_DXT5nm UNITY_ENABLE_REFLECTION_BUFFERS UNITY_USE_DITHER_MASK_FOR_ALPHABLENDED_SHADOWS UNITY_PBS_USE_BRDF1 UNITY_SPECCUBE_BOX_PROJECTION UNITY_SPECCUBE_BLENDING UNITY_ENABLE_DETAIL_NORMALMAP SHADER_API_DESKTOP UNITY_COLORSPACE_GAMMA UNITY_LIGHTMAP_RGBM_ENCODING ok=1
Cmd: compileSnippet
  api=9 type=0 insize=2008 outsize=10164 kw=POINT SHADOWS_CUBE SHADOWS_SOFT UNITY_HDR_ON pd=UNITY_NO_DXT5nm UNITY_ENABLE_REFLECTION_BUFFERS UNITY_USE_DITHER_MASK_FOR_ALPHABLENDED_SHADOWS UNITY_PBS_USE_BRDF1 UNITY_SPECCUBE_BOX_PROJECTION UNITY_SPECCUBE_BLENDING UNITY_ENABLE_DETAIL_NORMALMAP SHADER_API_DESKTOP UNITY_COLORSPACE_GAMMA UNITY_LIGHTMAP_RGBM_ENCODING ok=1
Cmd: compileSnippet
  api=9 type=1 insize=2008 outsize=0 kw=POINT pd=UNITY_NO_DXT5nm UNITY_ENABLE_REFLECTION_BUFFERS UNITY_USE_DITHER_MASK_FOR_ALPHABLENDED_SHADOWS UNITY_PBS_USE_BRDF1 UNITY_SPECCUBE_BOX_PROJECTION UNITY_SPECCUBE_BLENDING UNITY_ENABLE_DETAIL_NORMALMAP SHADER_API_DESKTOP UNITY_COLORSPACE_GAMMA UNITY_LIGHTMAP_RGBM_ENCODING ok=1
Cmd: compileSnippet
  api=5 type=1 insize=2008 outsize=0 kw=POINT_COOKIE pd=UNITY_NO_DXT5nm UNITY_ENABLE_REFLECTION_BUFFERS UNITY_USE_DITHER_MASK_FOR_ALPHABLENDED_SHADOWS UNITY_PBS_USE_BRDF1 UNITY_SPECCUBE_BOX_PROJECTION UNITY_SPECCUBE_BLENDING UNITY_ENABLE_DETAIL_NORMALMAP SHADER_API_DESKTOP UNITY_COLORSPACE_GAMMA UNITY_LIGHTMAP_RGBM_ENCODING ok=1
Cmd: compileSnippet
  api=5 type=1 insize=2008 outsize=0 kw=SPOT SHADOWS_DEPTH pd=UNITY_NO_DXT5nm UNITY_ENABLE_REFLECTION_BUFFERS UNITY_USE_DITHER_MASK_FOR_ALPHABLENDED_SHADOWS UNITY_PBS_USE_BRDF1 UNITY_SPECCUBE_BOX_PROJECTION UNITY_SPECCUBE_BLENDING UNITY_ENABLE_DETAIL_NORMALMAP SHADER_API_DESKTOP UNITY_COLORSPACE_GAMMA UNITY_LIGHTMAP_RGBM_ENCODING ok=1
Cmd: compileSnippet
  api=9 type=1 insize=2008 outsize=0 kw=SPOT SHADOWS_DEPTH SHADOWS_SOFT pd=UNITY_NO_DXT5nm UNITY_ENABLE_REFLECTION_BUFFERS UNITY_USE_DITHER_MASK_FOR_ALPHABLENDED_SHADOWS UNITY_PBS_USE_BRDF1 UNITY_SPECCUBE_BOX_PROJECTION UNITY_SPECCUBE_BLENDING UNITY_ENABLE_DETAIL_NORMALMAP SHADER_API_DESKTOP UNITY_COLORSPACE_GAMMA UNITY_LIGHTMAP_RGBM_ENCODING ok=1
Cmd: compileSnippet
  api=9 type=1 insize=2008 outsize=0 kw=POINT SHADOWS_CUBE pd=UNITY_NO_DXT5nm UNITY_ENABLE_REFLECTION_BUFFERS UNITY_USE_DITHER_MASK_FOR_ALPHABLENDED_SHADOWS UNITY_PBS_USE_BRDF1 UNITY_SPECCUBE_BOX_PROJECTION UNITY_SPECCUBE_BLENDING UNITY_ENABLE_DETAIL_NORMALMAP SHADER_API_DESKTOP UNITY_COLORSPACE_GAMMA UNITY_LIGHTMAP_RGBM_ENCODING ok=1
Cmd: compileSnippet
  api=5 type=1 insize=2008 outsize=0 kw=POINT_COOKIE SHADOWS_CUBE SHADOWS_SOFT pd=UNITY_NO_DXT5nm UNITY_ENABLE_REFLECTION_BUFFERS UNITY_USE_DITHER_MASK_FOR_ALPHABLENDED_SHADOWS UNITY_PBS_USE_BRDF1 UNITY_SPECCUBE_BOX_PROJECTION UNITY_SPECCUBE_BLENDING UNITY_ENABLE_DETAIL_NORMALMAP SHADER_API_DESKTOP UNITY_COLORSPACE_GAMMA UNITY_LIGHTMAP_RGBM_ENCODING ok=1
Cmd: compileSnippet
  api=5 type=1 insize=2008 outsize=0 kw=SPOT UNITY_HDR_ON pd=UNITY_NO_DXT5nm UNITY_ENABLE_REFLECTION_BUFFERS UNITY_USE_DITHER_MASK_FOR_ALPHABLENDED_SHADOWS UNITY_PBS_USE_BRDF1 UNITY_SPECCUBE_BOX_PROJECTION UNITY_SPECCUBE_BLENDING UNITY_ENABLE_DETAIL_NORMALMAP SHADER_API_DESKTOP UNITY_COLORSPACE_GAMMA UNITY_LIGHTMAP_RGBM_ENCODING ok=1
Cmd: compileSnippet
  api=5 type=1 insize=2008 outsize=0 kw=DIRECTIONAL_COOKIE UNITY_HDR_ON pd=UNITY_NO_DXT5nm UNITY_ENABLE_REFLECTION_BUFFERS UNITY_USE_DITHER_MASK_FOR_ALPHABLENDED_SHADOWS UNITY_PBS_USE_BRDF1 UNITY_SPECCUBE_BOX_PROJECTION UNITY_SPECCUBE_BLENDING UNITY_ENABLE_DETAIL_NORMALMAP SHADER_API_DESKTOP UNITY_COLORSPACE_GAMMA UNITY_LIGHTMAP_RGBM_ENCODING ok=1
Cmd: compileSnippet
  api=9 type=1 insize=2008 outsize=0 kw=SPOT SHADOWS_DEPTH UNITY_HDR_ON pd=UNITY_NO_DXT5nm UNITY_ENABLE_REFLECTION_BUFFERS UNITY_USE_DITHER_MASK_FOR_ALPHABLENDED_SHADOWS UNITY_PBS_USE_BRDF1 UNITY_SPECCUBE_BOX_PROJECTION UNITY_SPECCUBE_BLENDING UNITY_ENABLE_DETAIL_NORMALMAP SHADER_API_DESKTOP UNITY_COLORSPACE_GAMMA UNITY_LIGHTMAP_RGBM_ENCODING ok=1
Cmd: compileSnippet
  api=9 type=1 insize=2008 outsize=0 kw=DIRECTIONAL SHADOWS_SCREEN UNITY_HDR_ON pd=UNITY_NO_DXT5nm UNITY_ENABLE_REFLECTION_BUFFERS UNITY_USE_DITHER_MASK_FOR_ALPHABLENDED_SHADOWS UNITY_PBS_USE_BRDF1 UNITY_SPECCUBE_BOX_PROJECTION UNITY_SPECCUBE_BLENDING UNITY_ENABLE_DETAIL_NORMALMAP SHADER_API_DESKTOP UNITY_COLORSPACE_GAMMA UNITY_LIGHTMAP_RGBM_ENCODING ok=1
Cmd: compileSnippet
  api=5 type=1 insize=2008 outsize=0 kw=POINT SHADOWS_CUBE SHADOWS_SOFT UNITY_HDR_ON pd=UNITY_NO_DXT5nm UNITY_ENABLE_REFLECTION_BUFFERS UNITY_USE_DITHER_MASK_FOR_ALPHABLENDED_SHADOWS UNITY_PBS_USE_BRDF1 UNITY_SPECCUBE_BOX_PROJECTION UNITY_SPECCUBE_BLENDING UNITY_ENABLE_DETAIL_NORMALMAP SHADER_API_DESKTOP UNITY_COLORSPACE_GAMMA UNITY_LIGHTMAP_RGBM_ENCODING ok=1
Cmd: compileSnippet
  api=5 type=1 insize=2008 outsize=0 kw=POINT_COOKIE SHADOWS_CUBE SHADOWS_SOFT UNITY_HDR_ON pd=UNITY_NO_DXT5nm UNITY_ENABLE_REFLECTION_BUFFERS UNITY_USE_DITHER_MASK_FOR_ALPHABLENDED_SHADOWS UNITY_PBS_USE_BRDF1 UNITY_SPECCUBE_BOX_PROJECTION UNITY_SPECCUBE_BLENDING UNITY_ENABLE_DETAIL_NORMALMAP SHADER_API_DESKTOP UNITY_COLORSPACE_GAMMA UNITY_LIGHTMAP_RGBM_ENCODING ok=1
Cmd: compileSnippet
  api=9 type=0 insize=909 outsize=1264 kw= pd=UNITY_NO_DXT5nm UNITY_ENABLE_REFLECTION_BUFFERS UNITY_USE_DITHER_MASK_FOR_ALPHABLENDED_SHADOWS UNITY_PBS_USE_BRDF1 UNITY_SPECCUBE_BOX_PROJECTION UNITY_SPECCUBE_BLENDING UNITY_ENABLE_DETAIL_NORMALMAP SHADER_API_DESKTOP UNITY_COLORSPACE_GAMMA UNITY_LIGHTMAP_RGBM_ENCODING ok=1
Cmd: compileSnippet
  api=9 type=0 insize=3459 outsize=7958 kw= pd=UNITY_NO_DXT5nm UNITY_ENABLE_REFLECTION_BUFFERS UNITY_USE_DITHER_MASK_FOR_ALPHABLENDED_SHADOWS UNITY_PBS_USE_BRDF1 UNITY_SPECCUBE_BOX_PROJECTION UNITY_SPECCUBE_BLENDING UNITY_ENABLE_DETAIL_NORMALMAP SHADER_API_DESKTOP UNITY_COLORSPACE_GAMMA UNITY_LIGHTMAP_RGBM_ENCODING ok=1
Cmd: compileSnippet
  api=9 type=0 insize=1128 outsize=1431 kw=UNITY_HDR_ON pd=UNITY_NO_DXT5nm UNITY_ENABLE_REFLECTION_BUFFERS UNITY_USE_DITHER_MASK_FOR_ALPHABLENDED_SHADOWS UNITY_PBS_USE_BRDF1 UNITY_SPECCUBE_BOX_PROJECTION UNITY_SPECCUBE_BLENDING UNITY_ENABLE_DETAIL_NORMALMAP SHADER_API_DESKTOP UNITY_COLORSPACE_GAMMA UNITY_LIGHTMAP_RGBM_ENCODING ok=1
Cmd: compileSnippet
  api=5 type=1 insize=1128 outsize=0 kw=UNITY_HDR_ON pd=UNITY_NO_DXT5nm UNITY_ENABLE_REFLECTION_BUFFERS UNITY_USE_DITHER_MASK_FOR_ALPHABLENDED_SHADOWS UNITY_PBS_USE_BRDF1 UNITY_SPECCUBE_BOX_PROJECTION UNITY_SPECCUBE_BLENDING UNITY_ENABLE_DETAIL_NORMALMAP SHADER_API_DESKTOP UNITY_COLORSPACE_GAMMA UNITY_LIGHTMAP_RGBM_ENCODING ok=1
Cmd: compileSnippet
  api=9 type=0 insize=5715 outsize=3064 kw= pd=UNITY_NO_DXT5nm UNITY_ENABLE_REFLECTION_BUFFERS UNITY_USE_DITHER_MASK_FOR_ALPHABLENDED_SHADOWS UNITY_PBS_USE_BRDF1 UNITY_SPECCUBE_BOX_PROJECTION UNITY_SPECCUBE_BLENDING UNITY_ENABLE_DETAIL_NORMALMAP SHADER_API_DESKTOP UNITY_COLORSPACE_GAMMA UNITY_LIGHTMAP_RGBM_ENCODING ok=1
Cmd: compileSnippet
  api=9 type=0 insize=5727 outsize=3223 kw= pd=UNITY_NO_DXT5nm UNITY_ENABLE_REFLECTION_BUFFERS UNITY_USE_DITHER_MASK_FOR_ALPHABLENDED_SHADOWS UNITY_PBS_USE_BRDF1 UNITY_SPECCUBE_BOX_PROJECTION UNITY_SPECCUBE_BLENDING UNITY_ENABLE_DETAIL_NORMALMAP SHADER_API_DESKTOP UNITY_COLORSPACE_GAMMA UNITY_LIGHTMAP_RGBM_ENCODING ok=1
Cmd: compileSnippet
  api=5 type=1 insize=5736 outsize=0 kw= pd=UNITY_NO_DXT5nm UNITY_ENABLE_REFLECTION_BUFFERS UNITY_USE_DITHER_MASK_FOR_ALPHABLENDED_SHADOWS UNITY_PBS_USE_BRDF1 UNITY_SPECCUBE_BOX_PROJECTION UNITY_SPECCUBE_BLENDING UNITY_ENABLE_DETAIL_NORMALMAP SHADER_API_DESKTOP UNITY_COLORSPACE_GAMMA UNITY_LIGHTMAP_RGBM_ENCODING ok=1
Cmd: compileSnippet
  api=9 type=0 insize=1494 outsize=1454 kw= pd=UNITY_NO_DXT5nm UNITY_ENABLE_REFLECTION_BUFFERS UNITY_USE_DITHER_MASK_FOR_ALPHABLENDED_SHADOWS UNITY_PBS_USE_BRDF1 UNITY_SPECCUBE_BOX_PROJECTION UNITY_SPECCUBE_BLENDING UNITY_ENABLE_DETAIL_NORMALMAP SHADER_API_DESKTOP UNITY_COLORSPACE_GAMMA UNITY_LIGHTMAP_RGBM_ENCODING ok=1
Cmd: compileSnippet
  api=9 type=0 insize=1799 outsize=1443 kw= pd=UNITY_NO_DXT5nm UNITY_ENABLE_REFLECTION_BUFFERS UNITY_USE_DITHER_MASK_FOR_ALPHABLENDED_SHADOWS UNITY_PBS_USE_BRDF1 UNITY_SPECCUBE_BOX_PROJECTION UNITY_SPECCUBE_BLENDING UNITY_ENABLE_DETAIL_NORMALMAP SHADER_API_DESKTOP UNITY_COLORSPACE_GAMMA UNITY_LIGHTMAP_RGBM_ENCODING ok=1
Cmd: compileSnippet
  api=9 type=0 insize=1380 outsize=1442 kw= pd=UNITY_NO_DXT5nm UNITY_ENABLE_REFLECTION_BUFFERS UNITY_USE_DITHER_MASK_FOR_ALPHABLENDED_SHADOWS UNITY_PBS_USE_BRDF1 UNITY_SPECCUBE_BOX_PROJECTION UNITY_SPECCUBE_BLENDING UNITY_ENABLE_DETAIL_NORMALMAP SHADER_API_DESKTOP UNITY_COLORSPACE_GAMMA UNITY_LIGHTMAP_RGBM_ENCODING ok=1
Cmd: compileSnippet
  api=9 type=1 insize=1590 outsize=0 kw= pd=UNITY_NO_DXT5nm UNITY_ENABLE_REFLECTION_BUFFERS UNITY_USE_DITHER_MASK_FOR_ALPHABLENDED_SHADOWS UNITY_PBS_USE_BRDF1 UNITY_SPECCUBE_BOX_PROJECTION UNITY_SPECCUBE_BLENDING UNITY_ENABLE_DETAIL_NORMALMAP SHADER_API_DESKTOP UNITY_COLORSPACE_GAMMA UNITY_LIGHTMAP_RGBM_ENCODING ok=1
Cmd: compileSnippet
  api=9 type=0 insize=1594 outsize=2295 kw= pd=UNITY_NO_DXT5nm UNITY_ENABLE_REFLECTION_BUFFERS UNITY_USE_DITHER_MASK_FOR_ALPHABLENDED_SHADOWS UNITY_PBS_USE_BRDF1 UNITY_SPECCUBE_BOX_PROJECTION UNITY_SPECCUBE_BLENDING UNITY_ENABLE_DETAIL_NORMALMAP SHADER_API_DESKTOP UNITY_COLORSPACE_GAMMA UNITY_LIGHTMAP_RGBM_ENCODING ok=1
Cmd: compileSnippet
  api=9 type=1 insize=1594 outsize=0 kw= pd=UNITY_NO_DXT5nm UNITY_ENABLE_REFLECTION_BUFFERS UNITY_USE_DITHER_MASK_FOR_ALPHABLENDED_SHADOWS UNITY_PBS_USE_BRDF1 UNITY_SPECCUBE_BOX_PROJECTION UNITY_SPECCUBE_BLENDING UNITY_ENABLE_DETAIL_NORMALMAP SHADER_API_DESKTOP UNITY_COLORSPACE_GAMMA UNITY_LIGHTMAP_RGBM_ENCODING ok=1
Cmd: compileSnippet
  api=9 type=1 insize=1594 outsize=0 kw= pd=UNITY_NO_DXT5nm UNITY_ENABLE_REFLECTION_BUFFERS UNITY_USE_DITHER_MASK_FOR_ALPHABLENDED_SHADOWS UNITY_PBS_USE_BRDF1 UNITY_SPECCUBE_BOX_PROJECTION UNITY_SPECCUBE_BLENDING UNITY_ENABLE_DETAIL_NORMALMAP SHADER_API_DESKTOP UNITY_COLORSPACE_GAMMA UNITY_LIGHTMAP_RGBM_ENCODING ok=1
Cmd: compileSnippet
  api=9 type=1 insize=1605 outsize=0 kw= pd=UNITY_NO_DXT5nm UNITY_ENABLE_REFLECTION_BUFFERS UNITY_USE_DITHER_MASK_FOR_ALPHABLENDED_SHADOWS UNITY_PBS_USE_BRDF1 UNITY_SPECCUBE_BOX_PROJECTION UNITY_SPECCUBE_BLENDING UNITY_ENABLE_DETAIL_NORMALMAP SHADER_API_DESKTOP UNITY_COLORSPACE_GAMMA UNITY_LIGHTMAP_RGBM_ENCODING ok=1
Cmd: compileSnippet
  api=9 type=1 insize=1605 outsize=0 kw= pd=UNITY_NO_DXT5nm UNITY_ENABLE_REFLECTION_BUFFERS UNITY_USE_DITHER_MASK_FOR_ALPHABLENDED_SHADOWS UNITY_PBS_USE_BRDF1 UNITY_SPECCUBE_BOX_PROJECTION UNITY_SPECCUBE_BLENDING UNITY_ENABLE_DETAIL_NORMALMAP SHADER_API_DESKTOP UNITY_COLORSPACE_GAMMA UNITY_LIGHTMAP_RGBM_ENCODING ok=1
Cmd: compileSnippet
  api=9 type=0 insize=1245 outsize=1471 kw= pd=UNITY_NO_DXT5nm UNITY_ENABLE_REFLECTION_BUFFERS UNITY_USE_DITHER_MASK_FOR_ALPHABLENDED_SHADOWS UNITY_PBS_USE_BRDF1 UNITY_SPECCUBE_BOX_PROJECTION UNITY_SPECCUBE_BLENDING UNITY_ENABLE_DETAIL_NORMALMAP SHADER_API_DESKTOP UNITY_COLORSPACE_GAMMA UNITY_LIGHTMAP_RGBM_ENCODING ok=1
Cmd: compileSnippet
  api=9 type=0 insize=1631 outsize=2317 kw= pd=UNITY_NO_DXT5nm UNITY_ENABLE_REFLECTION_BUFFERS UNITY_USE_DITHER_MASK_FOR_ALPHABLENDED_SHADOWS UNITY_PBS_USE_BRDF1 UNITY_SPECCUBE_BOX_PROJECTION UNITY_SPECCUBE_BLENDING UNITY_ENABLE_DETAIL_NORMALMAP SHADER_API_DESKTOP UNITY_COLORSPACE_GAMMA UNITY_LIGHTMAP_RGBM_ENCODING ok=1
Cmd: compileSnippet
  api=9 type=0 insize=1631 outsize=2317 kw= pd=UNITY_NO_DXT5nm UNITY_ENABLE_REFLECTION_BUFFERS UNITY_USE_DITHER_MASK_FOR_ALPHABLENDED_SHADOWS UNITY_PBS_USE_BRDF1 UNITY_SPECCUBE_BOX_PROJECTION UNITY_SPECCUBE_BLENDING UNITY_ENABLE_DETAIL_NORMALMAP SHADER_API_DESKTOP UNITY_COLORSPACE_GAMMA UNITY_LIGHTMAP_RGBM_ENCODING ok=1
Cmd: compileSnippet
  api=9 type=0 insize=4303 outsize=7286 kw= pd=UNITY_NO_DXT5nm UNITY_ENABLE_REFLECTION_BUFFERS UNITY_USE_DITHER_MASK_FOR_ALPHABLENDED_SHADOWS UNITY_PBS_USE_BRDF1 UNITY_SPECCUBE_BOX_PROJECTION UNITY_SPECCUBE_BLENDING UNITY_ENABLE_DETAIL_NORMALMAP SHADER_API_DESKTOP UNITY_COLORSPACE_GAMMA UNITY_LIGHTMAP_RGBM_ENCODING ok=1
Cmd: compileSnippet
  api=5 type=1 insize=4303 outsize=0 kw= pd=UNITY_NO_DXT5nm UNITY_ENABLE_REFLECTION_BUFFERS UNITY_USE_DITHER_MASK_FOR_ALPHABLENDED_SHADOWS UNITY_PBS_USE_BRDF1 UNITY_SPECCUBE_BOX_PROJECTION UNITY_SPECCUBE_BLENDING UNITY_ENABLE_DETAIL_NORMALMAP SHADER_API_DESKTOP UNITY_COLORSPACE_GAMMA UNITY_LIGHTMAP_RGBM_ENCODING ok=1
Cmd: compileSnippet
  api=5 type=0 insize=629 outsize=1256 kw=PIXELSNAP_ON pd=UNITY_NO_DXT5nm UNITY_ENABLE_REFLECTION_BUFFERS UNITY_USE_DITHER_MASK_FOR_ALPHABLENDED_SHADOWS UNITY_PBS_USE_BRDF1 UNITY_SPECCUBE_BOX_PROJECTION UNITY_SPECCUBE_BLENDING UNITY_ENABLE_DETAIL_NORMALMAP SHADER_API_DESKTOP UNITY_COLORSPACE_GAMMA UNITY_LIGHTMAP_RGBM_ENCODING ok=1
Cmd: compileSnippet
  api=9 type=1 insize=629 outsize=0 kw= pd=UNITY_NO_DXT5nm UNITY_ENABLE_REFLECTION_BUFFERS UNITY_USE_DITHER_MASK_FOR_ALPHABLENDED_SHADOWS UNITY_PBS_USE_BRDF1 UNITY_SPECCUBE_BOX_PROJECTION UNITY_SPECCUBE_BLENDING UNITY_ENABLE_DETAIL_NORMALMAP SHADER_API_DESKTOP UNITY_COLORSPACE_GAMMA UNITY_LIGHTMAP_RGBM_ENCODING ok=1
Cmd: compileSnippet
  api=9 type=0 insize=1745 outsize=1502 kw= pd=UNITY_NO_DXT5nm UNITY_ENABLE_REFLECTION_BUFFERS UNITY_USE_DITHER_MASK_FOR_ALPHABLENDED_SHADOWS UNITY_PBS_USE_BRDF1 UNITY_SPECCUBE_BOX_PROJECTION UNITY_SPECCUBE_BLENDING UNITY_ENABLE_DETAIL_NORMALMAP SHADER_API_DESKTOP UNITY_COLORSPACE_GAMMA UNITY_LIGHTMAP_RGBM_ENCODING ok=1
Cmd: compileSnippet
  api=5 type=1 insize=1745 outsize=0 kw=PIXELSNAP_ON pd=UNITY_NO_DXT5nm UNITY_ENABLE_REFLECTION_BUFFERS UNITY_USE_DITHER_MASK_FOR_ALPHABLENDED_SHADOWS UNITY_PBS_USE_BRDF1 UNITY_SPECCUBE_BOX_PROJECTION UNITY_SPECCUBE_BLENDING UNITY_ENABLE_DETAIL_NORMALMAP SHADER_API_DESKTOP UNITY_COLORSPACE_GAMMA UNITY_LIGHTMAP_RGBM_ENCODING ok=1
Cmd: compileSnippet
  api=5 type=0 insize=2133 outsize=1173 kw=UNITY_UI_ALPHACLIP pd=UNITY_NO_DXT5nm UNITY_ENABLE_REFLECTION_BUFFERS UNITY_USE_DITHER_MASK_FOR_ALPHABLENDED_SHADOWS UNITY_PBS_USE_BRDF1 UNITY_SPECCUBE_BOX_PROJECTION UNITY_SPECCUBE_BLENDING UNITY_ENABLE_DETAIL_NORMALMAP SHADER_API_DESKTOP UNITY_COLORSPACE_GAMMA UNITY_LIGHTMAP_RGBM_ENCODING ok=1
Cmd: compileSnippet
  api=9 type=0 insize=2133 outsize=2053 kw=UNITY_UI_CLIP_RECT pd=UNITY_NO_DXT5nm UNITY_ENABLE_REFLECTION_BUFFERS UNITY_USE_DITHER_MASK_FOR_ALPHABLENDED_SHADOWS UNITY_PBS_USE_BRDF1 UNITY_SPECCUBE_BOX_PROJECTION UNITY_SPECCUBE_BLENDING UNITY_ENABLE_DETAIL_NORMALMAP SHADER_API_DESKTOP UNITY_COLORSPACE_GAMMA UNITY_LIGHTMAP_RGBM_ENCODING ok=1
Cmd: compileSnippet
  api=9 type=1 insize=2133 outsize=0 kw= pd=UNITY_NO_DXT5nm UNITY_ENABLE_REFLECTION_BUFFERS UNITY_USE_DITHER_MASK_FOR_ALPHABLENDED_SHADOWS UNITY_PBS_USE_BRDF1 UNITY_SPECCUBE_BOX_PROJECTION UNITY_SPECCUBE_BLENDING UNITY_ENABLE_DETAIL_NORMALMAP SHADER_API_DESKTOP UNITY_COLORSPACE_GAMMA UNITY_LIGHTMAP_RGBM_ENCODING ok=1
Cmd: compileSnippet
  api=9 type=1 insize=2133 outsize=0 kw=UNITY_UI_CLIP_RECT pd=UNITY_NO_DXT5nm UNITY_ENABLE_REFLECTION_BUFFERS UNITY_USE_DITHER_MASK_FOR_ALPHABLENDED_SHADOWS UNITY_PBS_USE_BRDF1 UNITY_SPECCUBE_BOX_PROJECTION UNITY_SPECCUBE_BLENDING UNITY_ENABLE_DETAIL_NORMALMAP SHADER_API_DESKTOP UNITY_COLORSPACE_GAMMA UNITY_LIGHTMAP_RGBM_ENCODING ok=1
Cmd: compileSnippet
  api=9 type=0 insize=8332 outsize=23135 kw= pd=UNITY_NO_DXT5nm UNITY_ENABLE_REFLECTION_BUFFERS UNITY_USE_DITHER_MASK_FOR_ALPHABLENDED_SHADOWS UNITY_PBS_USE_BRDF1 UNITY_SPECCUBE_BOX_PROJECTION UNITY_SPECCUBE_BLENDING UNITY_ENABLE_DETAIL_NORMALMAP SHADER_API_DESKTOP UNITY_COLORSPACE_GAMMA UNITY_LIGHTMAP_RGBM_ENCODING ok=1
Cmd: compileSnippet
  api=9 type=1 insize=8332 outsize=0 kw= pd=UNITY_NO_DXT5nm UNITY_ENABLE_REFLECTION_BUFFERS UNITY_USE_DITHER_MASK_FOR_ALPHABLENDED_SHADOWS UNITY_PBS_USE_BRDF1 UNITY_SPECCUBE_BOX_PROJECTION UNITY_SPECCUBE_BLENDING UNITY_ENABLE_DETAIL_NORMALMAP SHADER_API_DESKTOP UNITY_COLORSPACE_GAMMA UNITY_LIGHTMAP_RGBM_ENCODING ok=1
Cmd: compileSnippet
  api=9 type=1 insize=874 outsize=0 kw= pd=UNITY_NO_DXT5nm UNITY_ENABLE_REFLECTION_BUFFERS UNITY_USE_DITHER_MASK_FOR_ALPHABLENDED_SHADOWS UNITY_PBS_USE_BRDF1 UNITY_SPECCUBE_BOX_PROJECTION UNITY_SPECCUBE_BLENDING UNITY_ENABLE_DETAIL_NORMALMAP SHADER_API_DESKTOP UNITY_COLORSPACE_GAMMA UNITY_LIGHTMAP_RGBM_ENCODING ok=1
Cmd: compileSnippet
  api=9 type=0 insize=7599 outsize=2145 kw= pd=UNITY_NO_DXT5nm UNITY_ENABLE_REFLECTION_BUFFERS UNITY_USE_DITHER_MASK_FOR_ALPHABLENDED_SHADOWS UNITY_PBS_USE_BRDF1 UNITY_SPECCUBE_BOX_PROJECTION UNITY_SPECCUBE_BLENDING UNITY_ENABLE_DETAIL_NORMALMAP SHADER_API_DESKTOP UNITY_COLORSPACE_GAMMA UNITY_LIGHTMAP_RGBM_ENCODING ok=1
Cmd: compileSnippet
  api=9 type=1 insize=7597 outsize=0 kw= pd=UNITY_NO_DXT5nm UNITY_ENABLE_REFLECTION_BUFFERS UNITY_USE_DITHER_MASK_FOR_ALPHABLENDED_SHADOWS UNITY_PBS_USE_BRDF1 UNITY_SPECCUBE_BOX_PROJECTION UNITY_SPECCUBE_BLENDING UNITY_ENABLE_DETAIL_NORMALMAP SHADER_API_DESKTOP UNITY_COLORSPACE_GAMMA UNITY_LIGHTMAP_RGBM_ENCODING ok=1
Cmd: compileSnippet
  api=9 type=1 insize=7601 outsize=0 kw= pd=UNITY_NO_DXT5nm UNITY_ENABLE_REFLECTION_BUFFERS UNITY_USE_DITHER_MASK_FOR_ALPHABLENDED_SHADOWS UNITY_PBS_USE_BRDF1 UNITY_SPECCUBE_BOX_PROJECTION UNITY_SPECCUBE_BLENDING UNITY_ENABLE_DETAIL_NORMALMAP SHADER_API_DESKTOP UNITY_COLORSPACE_GAMMA UNITY_LIGHTMAP_RGBM_ENCODING ok=1
Cmd: compileSnippet
  api=9 type=0 insize=7601 outsize=1780 kw= pd=UNITY_NO_DXT5nm UNITY_ENABLE_REFLECTION_BUFFERS UNITY_USE_DITHER_MASK_FOR_ALPHABLENDED_SHADOWS UNITY_PBS_USE_BRDF1 UNITY_SPECCUBE_BOX_PROJECTION UNITY_SPECCUBE_BLENDING UNITY_ENABLE_DETAIL_NORMALMAP SHADER_API_DESKTOP UNITY_COLORSPACE_GAMMA UNITY_LIGHTMAP_RGBM_ENCODING ok=1
Cmd: compileSnippet
  api=9 type=0 insize=1374 outsize=1690 kw= pd=UNITY_NO_DXT5nm UNITY_ENABLE_REFLECTION_BUFFERS UNITY_USE_DITHER_MASK_FOR_ALPHABLENDED_SHADOWS UNITY_PBS_USE_BRDF1 UNITY_SPECCUBE_BOX_PROJECTION UNITY_SPECCUBE_BLENDING UNITY_ENABLE_DETAIL_NORMALMAP SHADER_API_DESKTOP UNITY_COLORSPACE_GAMMA UNITY_LIGHTMAP_RGBM_ENCODING ok=1

Quitting shader compiler process
