Base path: /Applications/Unity/Unity.app/Contents
Cmd: initializeCompiler
Cmd: compileSnippet
  api=15 type=0 insize=1486 outsize=1420 kw= pd=UNITY_ENABLE_REFLECTION_BUFFERS UNITY_USE_DITHER_MASK_FOR_ALPHABLENDED_SHADOWS UNITY_PBS_USE_BRDF1 UNITY_SPECCUBE_BOX_PROJECTION UNITY_SPECCUBE_BLENDING UNITY_ENABLE_DETAIL_NORMALMAP SHADER_API_DESKTOP UNITY_COLORSPACE_GAMMA UNITY_LIGHT_PROBE_PROXY_VOLUME UNITY_LIGHTMAP_RGBM_ENCODING ok=1
Cmd: compileSnippet
  api=15 type=1 insize=1486 outsize=0 kw= pd=UNITY_ENABLE_REFLECTION_BUFFERS UNITY_USE_DITHER_MASK_FOR_ALPHABLENDED_SHADOWS UNITY_PBS_USE_BRDF1 UNITY_SPECCUBE_BOX_PROJECTION UNITY_SPECCUBE_BLENDING UNITY_ENABLE_DETAIL_NORMALMAP SHADER_API_DESKTOP UNITY_COLORSPACE_GAMMA UNITY_LIGHT_PROBE_PROXY_VOLUME UNITY_LIGHTMAP_RGBM_ENCODING ok=1
Cmd: compileSnippet
  api=15 type=0 insize=1245 outsize=1547 kw= pd=UNITY_ENABLE_REFLECTION_BUFFERS UNITY_USE_DITHER_MASK_FOR_ALPHABLENDED_SHADOWS UNITY_PBS_USE_BRDF1 UNITY_SPECCUBE_BOX_PROJECTION UNITY_SPECCUBE_BLENDING UNITY_ENABLE_DETAIL_NORMALMAP SHADER_API_DESKTOP UNITY_COLORSPACE_GAMMA UNITY_LIGHT_PROBE_PROXY_VOLUME UNITY_LIGHTMAP_RGBM_ENCODING ok=1
Cmd: compileSnippet
  api=15 type=1 insize=1245 outsize=0 kw= pd=UNITY_ENABLE_REFLECTION_BUFFERS UNITY_USE_DITHER_MASK_FOR_ALPHABLENDED_SHADOWS UNITY_PBS_USE_BRDF1 UNITY_SPECCUBE_BOX_PROJECTION UNITY_SPECCUBE_BLENDING UNITY_ENABLE_DETAIL_NORMALMAP SHADER_API_DESKTOP UNITY_COLORSPACE_GAMMA UNITY_LIGHT_PROBE_PROXY_VOLUME UNITY_LIGHTMAP_RGBM_ENCODING ok=1
Cmd: compileSnippet
  api=15 type=0 insize=1594 outsize=2398 kw= pd=UNITY_ENABLE_REFLECTION_BUFFERS UNITY_USE_DITHER_MASK_FOR_ALPHABLENDED_SHADOWS UNITY_PBS_USE_BRDF1 UNITY_SPECCUBE_BOX_PROJECTION UNITY_SPECCUBE_BLENDING UNITY_ENABLE_DETAIL_NORMALMAP SHADER_API_DESKTOP UNITY_COLORSPACE_GAMMA UNITY_LIGHT_PROBE_PROXY_VOLUME UNITY_LIGHTMAP_RGBM_ENCODING ok=1
Cmd: compileSnippet
  api=15 type=1 insize=1594 outsize=0 kw= pd=UNITY_ENABLE_REFLECTION_BUFFERS UNITY_USE_DITHER_MASK_FOR_ALPHABLENDED_SHADOWS UNITY_PBS_USE_BRDF1 UNITY_SPECCUBE_BOX_PROJECTION UNITY_SPECCUBE_BLENDING UNITY_ENABLE_DETAIL_NORMALMAP SHADER_API_DESKTOP UNITY_COLORSPACE_GAMMA UNITY_LIGHT_PROBE_PROXY_VOLUME UNITY_LIGHTMAP_RGBM_ENCODING ok=1
Cmd: compileSnippet
  api=15 type=0 insize=1605 outsize=2443 kw= pd=UNITY_ENABLE_REFLECTION_BUFFERS UNITY_USE_DITHER_MASK_FOR_ALPHABLENDED_SHADOWS UNITY_PBS_USE_BRDF1 UNITY_SPECCUBE_BOX_PROJECTION UNITY_SPECCUBE_BLENDING UNITY_ENABLE_DETAIL_NORMALMAP SHADER_API_DESKTOP UNITY_COLORSPACE_GAMMA UNITY_LIGHT_PROBE_PROXY_VOLUME UNITY_LIGHTMAP_RGBM_ENCODING ok=1
Cmd: compileSnippet
  api=15 type=1 insize=1605 outsize=0 kw= pd=UNITY_ENABLE_REFLECTION_BUFFERS UNITY_USE_DITHER_MASK_FOR_ALPHABLENDED_SHADOWS UNITY_PBS_USE_BRDF1 UNITY_SPECCUBE_BOX_PROJECTION UNITY_SPECCUBE_BLENDING UNITY_ENABLE_DETAIL_NORMALMAP SHADER_API_DESKTOP UNITY_COLORSPACE_GAMMA UNITY_LIGHT_PROBE_PROXY_VOLUME UNITY_LIGHTMAP_RGBM_ENCODING ok=1
Cmd: compileSnippet
  api=15 type=0 insize=2133 outsize=1604 kw= pd=UNITY_ENABLE_REFLECTION_BUFFERS UNITY_USE_DITHER_MASK_FOR_ALPHABLENDED_SHADOWS UNITY_PBS_USE_BRDF1 UNITY_SPECCUBE_BOX_PROJECTION UNITY_SPECCUBE_BLENDING UNITY_ENABLE_DETAIL_NORMALMAP SHADER_API_DESKTOP UNITY_COLORSPACE_GAMMA UNITY_LIGHT_PROBE_PROXY_VOLUME UNITY_LIGHTMAP_RGBM_ENCODING ok=1
Cmd: compileSnippet
  api=15 type=1 insize=2133 outsize=0 kw= pd=UNITY_ENABLE_REFLECTION_BUFFERS UNITY_USE_DITHER_MASK_FOR_ALPHABLENDED_SHADOWS UNITY_PBS_USE_BRDF1 UNITY_SPECCUBE_BOX_PROJECTION UNITY_SPECCUBE_BLENDING UNITY_ENABLE_DETAIL_NORMALMAP SHADER_API_DESKTOP UNITY_COLORSPACE_GAMMA UNITY_LIGHT_PROBE_PROXY_VOLUME UNITY_LIGHTMAP_RGBM_ENCODING ok=1
Cmd: compileSnippet
  api=15 type=0 insize=16806 outsize=10593 kw=_SUNDISK_SIMPLE pd=UNITY_ENABLE_REFLECTION_BUFFERS UNITY_USE_DITHER_MASK_FOR_ALPHABLENDED_SHADOWS UNITY_PBS_USE_BRDF1 UNITY_SPECCUBE_BOX_PROJECTION UNITY_SPECCUBE_BLENDING UNITY_ENABLE_DETAIL_NORMALMAP SHADER_API_DESKTOP UNITY_COLORSPACE_GAMMA UNITY_LIGHT_PROBE_PROXY_VOLUME UNITY_LIGHTMAP_RGBM_ENCODING ok=1
Cmd: compileSnippet
  api=15 type=1 insize=16806 outsize=0 kw=_SUNDISK_SIMPLE pd=UNITY_ENABLE_REFLECTION_BUFFERS UNITY_USE_DITHER_MASK_FOR_ALPHABLENDED_SHADOWS UNITY_PBS_USE_BRDF1 UNITY_SPECCUBE_BOX_PROJECTION UNITY_SPECCUBE_BLENDING UNITY_ENABLE_DETAIL_NORMALMAP SHADER_API_DESKTOP UNITY_COLORSPACE_GAMMA UNITY_LIGHT_PROBE_PROXY_VOLUME UNITY_LIGHTMAP_RGBM_ENCODING ok=1
Cmd: compileSnippet
  api=5 type=0 insize=1468 outsize=12450 kw=DIRECTIONAL pd=UNITY_ENABLE_REFLECTION_BUFFERS UNITY_USE_DITHER_MASK_FOR_ALPHABLENDED_SHADOWS UNITY_PBS_USE_BRDF1 UNITY_SPECCUBE_BOX_PROJECTION UNITY_SPECCUBE_BLENDING UNITY_ENABLE_DETAIL_NORMALMAP SHADER_API_DESKTOP UNITY_COLORSPACE_GAMMA UNITY_LIGHTMAP_RGBM_ENCODING ok=1
Cmd: compileSnippet
  api=5 type=0 insize=1468 outsize=13876 kw=DIRECTIONAL LIGHTPROBE_SH _ALPHABLEND_ON pd=UNITY_ENABLE_REFLECTION_BUFFERS UNITY_USE_DITHER_MASK_FOR_ALPHABLENDED_SHADOWS UNITY_PBS_USE_BRDF1 UNITY_SPECCUBE_BOX_PROJECTION UNITY_SPECCUBE_BLENDING UNITY_ENABLE_DETAIL_NORMALMAP SHADER_API_DESKTOP UNITY_COLORSPACE_GAMMA UNITY_LIGHTMAP_RGBM_ENCODING ok=1
Cmd: compileSnippet
  api=9 type=0 insize=1468 outsize=14390 kw=DIRECTIONAL LIGHTPROBE_SH _ALPHABLEND_ON pd=UNITY_ENABLE_REFLECTION_BUFFERS UNITY_USE_DITHER_MASK_FOR_ALPHABLENDED_SHADOWS UNITY_PBS_USE_BRDF1 UNITY_SPECCUBE_BOX_PROJECTION UNITY_SPECCUBE_BLENDING UNITY_ENABLE_DETAIL_NORMALMAP SHADER_API_DESKTOP UNITY_COLORSPACE_GAMMA UNITY_LIGHTMAP_RGBM_ENCODING ok=1
Cmd: compileSnippet
  api=5 type=0 insize=1468 outsize=14096 kw=DIRECTIONAL LIGHTPROBE_SH _EMISSION _METALLICGLOSSMAP pd=UNITY_ENABLE_REFLECTION_BUFFERS UNITY_USE_DITHER_MASK_FOR_ALPHABLENDED_SHADOWS UNITY_PBS_USE_BRDF1 UNITY_SPECCUBE_BOX_PROJECTION UNITY_SPECCUBE_BLENDING UNITY_ENABLE_DETAIL_NORMALMAP SHADER_API_DESKTOP UNITY_COLORSPACE_GAMMA UNITY_LIGHTMAP_RGBM_ENCODING ok=1
Cmd: compileSnippet
  api=5 type=0 insize=1468 outsize=17727 kw=DIRECTIONAL LIGHTPROBE_SH _EMISSION _METALLICGLOSSMAP _PARALLAXMAP pd=UNITY_ENABLE_REFLECTION_BUFFERS UNITY_USE_DITHER_MASK_FOR_ALPHABLENDED_SHADOWS UNITY_PBS_USE_BRDF1 UNITY_SPECCUBE_BOX_PROJECTION UNITY_SPECCUBE_BLENDING UNITY_ENABLE_DETAIL_NORMALMAP SHADER_API_DESKTOP UNITY_COLORSPACE_GAMMA UNITY_LIGHTMAP_RGBM_ENCODING ok=1
Cmd: compileSnippet
  api=9 type=0 insize=1468 outsize=14447 kw=DIRECTIONAL LIGHTPROBE_SH _SMOOTHNESS_TEXTURE_ALBEDO_CHANNEL_A pd=UNITY_ENABLE_REFLECTION_BUFFERS UNITY_USE_DITHER_MASK_FOR_ALPHABLENDED_SHADOWS UNITY_PBS_USE_BRDF1 UNITY_SPECCUBE_BOX_PROJECTION UNITY_SPECCUBE_BLENDING UNITY_ENABLE_DETAIL_NORMALMAP SHADER_API_DESKTOP UNITY_COLORSPACE_GAMMA UNITY_LIGHTMAP_RGBM_ENCODING ok=1
Cmd: compileSnippet
  api=5 type=0 insize=1468 outsize=13800 kw=DIRECTIONAL LIGHTPROBE_SH pd=UNITY_ENABLE_REFLECTION_BUFFERS UNITY_USE_DITHER_MASK_FOR_ALPHABLENDED_SHADOWS UNITY_PBS_USE_BRDF1 UNITY_SPECCUBE_BOX_PROJECTION UNITY_SPECCUBE_BLENDING UNITY_ENABLE_DETAIL_NORMALMAP SHADER_API_DESKTOP UNITY_COLORSPACE_GAMMA UNITY_LIGHTMAP_RGBM_ENCODING ok=1
Cmd: compileSnippet
  api=9 type=0 insize=1468 outsize=13561 kw=DIRECTIONAL DYNAMICLIGHTMAP_ON _ALPHABLEND_ON pd=UNITY_ENABLE_REFLECTION_BUFFERS UNITY_USE_DITHER_MASK_FOR_ALPHABLENDED_SHADOWS UNITY_PBS_USE_BRDF1 UNITY_SPECCUBE_BOX_PROJECTION UNITY_SPECCUBE_BLENDING UNITY_ENABLE_DETAIL_NORMALMAP SHADER_API_DESKTOP UNITY_COLORSPACE_GAMMA UNITY_LIGHTMAP_RGBM_ENCODING ok=1
Cmd: compileSnippet
  api=9 type=0 insize=1468 outsize=13758 kw=DIRECTIONAL DYNAMICLIGHTMAP_ON _METALLICGLOSSMAP pd=UNITY_ENABLE_REFLECTION_BUFFERS UNITY_USE_DITHER_MASK_FOR_ALPHABLENDED_SHADOWS UNITY_PBS_USE_BRDF1 UNITY_SPECCUBE_BOX_PROJECTION UNITY_SPECCUBE_BLENDING UNITY_ENABLE_DETAIL_NORMALMAP SHADER_API_DESKTOP UNITY_COLORSPACE_GAMMA UNITY_LIGHTMAP_RGBM_ENCODING ok=1
Cmd: compileSnippet
  api=5 type=0 insize=1468 outsize=17169 kw=DIRECTIONAL DYNAMICLIGHTMAP_ON _EMISSION _METALLICGLOSSMAP _PARALLAXMAP pd=UNITY_ENABLE_REFLECTION_BUFFERS UNITY_USE_DITHER_MASK_FOR_ALPHABLENDED_SHADOWS UNITY_PBS_USE_BRDF1 UNITY_SPECCUBE_BOX_PROJECTION UNITY_SPECCUBE_BLENDING UNITY_ENABLE_DETAIL_NORMALMAP SHADER_API_DESKTOP UNITY_COLORSPACE_GAMMA UNITY_LIGHTMAP_RGBM_ENCODING ok=1
Cmd: compileSnippet
  api=9 type=0 insize=1468 outsize=13678 kw=DIRECTIONAL DYNAMICLIGHTMAP_ON _SMOOTHNESS_TEXTURE_ALBEDO_CHANNEL_A pd=UNITY_ENABLE_REFLECTION_BUFFERS UNITY_USE_DITHER_MASK_FOR_ALPHABLENDED_SHADOWS UNITY_PBS_USE_BRDF1 UNITY_SPECCUBE_BOX_PROJECTION UNITY_SPECCUBE_BLENDING UNITY_ENABLE_DETAIL_NORMALMAP SHADER_API_DESKTOP UNITY_COLORSPACE_GAMMA UNITY_LIGHTMAP_RGBM_ENCODING ok=1
Cmd: compileSnippet
  api=5 type=0 insize=1468 outsize=15578 kw=DIRECTIONAL DIRLIGHTMAP_COMBINED DYNAMICLIGHTMAP_ON _EMISSION pd=UNITY_ENABLE_REFLECTION_BUFFERS UNITY_USE_DITHER_MASK_FOR_ALPHABLENDED_SHADOWS UNITY_PBS_USE_BRDF1 UNITY_SPECCUBE_BOX_PROJECTION UNITY_SPECCUBE_BLENDING UNITY_ENABLE_DETAIL_NORMALMAP SHADER_API_DESKTOP UNITY_COLORSPACE_GAMMA UNITY_LIGHTMAP_RGBM_ENCODING ok=1
Cmd: compileSnippet
  api=9 type=0 insize=1468 outsize=14913 kw=DIRECTIONAL DIRLIGHTMAP_COMBINED DYNAMICLIGHTMAP_ON _ALPHABLEND_ON pd=UNITY_ENABLE_REFLECTION_BUFFERS UNITY_USE_DITHER_MASK_FOR_ALPHABLENDED_SHADOWS UNITY_PBS_USE_BRDF1 UNITY_SPECCUBE_BOX_PROJECTION UNITY_SPECCUBE_BLENDING UNITY_ENABLE_DETAIL_NORMALMAP SHADER_API_DESKTOP UNITY_COLORSPACE_GAMMA UNITY_LIGHTMAP_RGBM_ENCODING ok=1
Cmd: compileSnippet
  api=5 type=0 insize=1468 outsize=15681 kw=DIRECTIONAL DIRLIGHTMAP_COMBINED DYNAMICLIGHTMAP_ON _EMISSION _METALLICGLOSSMAP pd=UNITY_ENABLE_REFLECTION_BUFFERS UNITY_USE_DITHER_MASK_FOR_ALPHABLENDED_SHADOWS UNITY_PBS_USE_BRDF1 UNITY_SPECCUBE_BOX_PROJECTION UNITY_SPECCUBE_BLENDING UNITY_ENABLE_DETAIL_NORMALMAP SHADER_API_DESKTOP UNITY_COLORSPACE_GAMMA UNITY_LIGHTMAP_RGBM_ENCODING ok=1
Cmd: compileSnippet
  api=9 type=0 insize=1468 outsize=16959 kw=DIRECTIONAL DIRLIGHTMAP_COMBINED DYNAMICLIGHTMAP_ON _METALLICGLOSSMAP _PARALLAXMAP pd=UNITY_ENABLE_REFLECTION_BUFFERS UNITY_USE_DITHER_MASK_FOR_ALPHABLENDED_SHADOWS UNITY_PBS_USE_BRDF1 UNITY_SPECCUBE_BOX_PROJECTION UNITY_SPECCUBE_BLENDING UNITY_ENABLE_DETAIL_NORMALMAP SHADER_API_DESKTOP UNITY_COLORSPACE_GAMMA UNITY_LIGHTMAP_RGBM_ENCODING ok=1
Cmd: compileSnippet
  api=5 type=0 insize=1468 outsize=15599 kw=DIRECTIONAL DIRLIGHTMAP_COMBINED DYNAMICLIGHTMAP_ON _EMISSION _SMOOTHNESS_TEXTURE_ALBEDO_CHANNEL_A pd=UNITY_ENABLE_REFLECTION_BUFFERS UNITY_USE_DITHER_MASK_FOR_ALPHABLENDED_SHADOWS UNITY_PBS_USE_BRDF1 UNITY_SPECCUBE_BOX_PROJECTION UNITY_SPECCUBE_BLENDING UNITY_ENABLE_DETAIL_NORMALMAP SHADER_API_DESKTOP UNITY_COLORSPACE_GAMMA UNITY_LIGHTMAP_RGBM_ENCODING ok=1
Cmd: compileSnippet
  api=5 type=0 insize=1468 outsize=14215 kw=DIRECTIONAL SHADOWS_SCREEN _EMISSION pd=UNITY_ENABLE_REFLECTION_BUFFERS UNITY_USE_DITHER_MASK_FOR_ALPHABLENDED_SHADOWS UNITY_PBS_USE_BRDF1 UNITY_SPECCUBE_BOX_PROJECTION UNITY_SPECCUBE_BLENDING UNITY_ENABLE_DETAIL_NORMALMAP SHADER_API_DESKTOP UNITY_COLORSPACE_GAMMA UNITY_LIGHTMAP_RGBM_ENCODING ok=1
Cmd: compileSnippet
  api=5 type=0 insize=1468 outsize=14099 kw=DIRECTIONAL SHADOWS_SCREEN _ALPHABLEND_ON pd=UNITY_ENABLE_REFLECTION_BUFFERS UNITY_USE_DITHER_MASK_FOR_ALPHABLENDED_SHADOWS UNITY_PBS_USE_BRDF1 UNITY_SPECCUBE_BOX_PROJECTION UNITY_SPECCUBE_BLENDING UNITY_ENABLE_DETAIL_NORMALMAP SHADER_API_DESKTOP UNITY_COLORSPACE_GAMMA UNITY_LIGHTMAP_RGBM_ENCODING ok=1
Cmd: compileSnippet
  api=9 type=0 insize=1468 outsize=14841 kw=DIRECTIONAL SHADOWS_SCREEN _EMISSION _ALPHABLEND_ON pd=UNITY_ENABLE_REFLECTION_BUFFERS UNITY_USE_DITHER_MASK_FOR_ALPHABLENDED_SHADOWS UNITY_PBS_USE_BRDF1 UNITY_SPECCUBE_BOX_PROJECTION UNITY_SPECCUBE_BLENDING UNITY_ENABLE_DETAIL_NORMALMAP SHADER_API_DESKTOP UNITY_COLORSPACE_GAMMA UNITY_LIGHTMAP_RGBM_ENCODING ok=1
Cmd: compileSnippet
  api=5 type=0 insize=1468 outsize=17826 kw=DIRECTIONAL SHADOWS_SCREEN _METALLICGLOSSMAP _PARALLAXMAP pd=UNITY_ENABLE_REFLECTION_BUFFERS UNITY_USE_DITHER_MASK_FOR_ALPHABLENDED_SHADOWS UNITY_PBS_USE_BRDF1 UNITY_SPECCUBE_BOX_PROJECTION UNITY_SPECCUBE_BLENDING UNITY_ENABLE_DETAIL_NORMALMAP SHADER_API_DESKTOP UNITY_COLORSPACE_GAMMA UNITY_LIGHTMAP_RGBM_ENCODING ok=1
Cmd: compileSnippet
  api=9 type=0 insize=1468 outsize=17429 kw=DIRECTIONAL SHADOWS_SCREEN _EMISSION _METALLICGLOSSMAP _PARALLAXMAP pd=UNITY_ENABLE_REFLECTION_BUFFERS UNITY_USE_DITHER_MASK_FOR_ALPHABLENDED_SHADOWS UNITY_PBS_USE_BRDF1 UNITY_SPECCUBE_BOX_PROJECTION UNITY_SPECCUBE_BLENDING UNITY_ENABLE_DETAIL_NORMALMAP SHADER_API_DESKTOP UNITY_COLORSPACE_GAMMA UNITY_LIGHTMAP_RGBM_ENCODING ok=1
Cmd: compileSnippet
  api=9 type=0 insize=1468 outsize=14448 kw=DIRECTIONAL SHADOWS_SCREEN pd=UNITY_ENABLE_REFLECTION_BUFFERS UNITY_USE_DITHER_MASK_FOR_ALPHABLENDED_SHADOWS UNITY_PBS_USE_BRDF1 UNITY_SPECCUBE_BOX_PROJECTION UNITY_SPECCUBE_BLENDING UNITY_ENABLE_DETAIL_NORMALMAP SHADER_API_DESKTOP UNITY_COLORSPACE_GAMMA UNITY_LIGHTMAP_RGBM_ENCODING ok=1
Cmd: compileSnippet
  api=5 type=0 insize=1468 outsize=15650 kw=DIRECTIONAL SHADOWS_SCREEN LIGHTPROBE_SH _EMISSION _ALPHABLEND_ON pd=UNITY_ENABLE_REFLECTION_BUFFERS UNITY_USE_DITHER_MASK_FOR_ALPHABLENDED_SHADOWS UNITY_PBS_USE_BRDF1 UNITY_SPECCUBE_BOX_PROJECTION UNITY_SPECCUBE_BLENDING UNITY_ENABLE_DETAIL_NORMALMAP SHADER_API_DESKTOP UNITY_COLORSPACE_GAMMA UNITY_LIGHTMAP_RGBM_ENCODING ok=1
Cmd: compileSnippet
  api=5 type=0 insize=1468 outsize=15482 kw=DIRECTIONAL SHADOWS_SCREEN LIGHTPROBE_SH _METALLICGLOSSMAP pd=UNITY_ENABLE_REFLECTION_BUFFERS UNITY_USE_DITHER_MASK_FOR_ALPHABLENDED_SHADOWS UNITY_PBS_USE_BRDF1 UNITY_SPECCUBE_BOX_PROJECTION UNITY_SPECCUBE_BLENDING UNITY_ENABLE_DETAIL_NORMALMAP SHADER_API_DESKTOP UNITY_COLORSPACE_GAMMA UNITY_LIGHTMAP_RGBM_ENCODING ok=1
Cmd: compileSnippet
  api=9 type=0 insize=1468 outsize=16282 kw=DIRECTIONAL SHADOWS_SCREEN LIGHTPROBE_SH _EMISSION _METALLICGLOSSMAP pd=UNITY_ENABLE_REFLECTION_BUFFERS UNITY_USE_DITHER_MASK_FOR_ALPHABLENDED_SHADOWS UNITY_PBS_USE_BRDF1 UNITY_SPECCUBE_BOX_PROJECTION UNITY_SPECCUBE_BLENDING UNITY_ENABLE_DETAIL_NORMALMAP SHADER_API_DESKTOP UNITY_COLORSPACE_GAMMA UNITY_LIGHTMAP_RGBM_ENCODING ok=1
Cmd: compileSnippet
  api=5 type=0 insize=1468 outsize=15398 kw=DIRECTIONAL SHADOWS_SCREEN LIGHTPROBE_SH _SMOOTHNESS_TEXTURE_ALBEDO_CHANNEL_A pd=UNITY_ENABLE_REFLECTION_BUFFERS UNITY_USE_DITHER_MASK_FOR_ALPHABLENDED_SHADOWS UNITY_PBS_USE_BRDF1 UNITY_SPECCUBE_BOX_PROJECTION UNITY_SPECCUBE_BLENDING UNITY_ENABLE_DETAIL_NORMALMAP SHADER_API_DESKTOP UNITY_COLORSPACE_GAMMA UNITY_LIGHTMAP_RGBM_ENCODING ok=1
Cmd: compileSnippet
  api=9 type=0 insize=1468 outsize=16224 kw=DIRECTIONAL SHADOWS_SCREEN LIGHTPROBE_SH _EMISSION _SMOOTHNESS_TEXTURE_ALBEDO_CHANNEL_A pd=UNITY_ENABLE_REFLECTION_BUFFERS UNITY_USE_DITHER_MASK_FOR_ALPHABLENDED_SHADOWS UNITY_PBS_USE_BRDF1 UNITY_SPECCUBE_BOX_PROJECTION UNITY_SPECCUBE_BLENDING UNITY_ENABLE_DETAIL_NORMALMAP SHADER_API_DESKTOP UNITY_COLORSPACE_GAMMA UNITY_LIGHTMAP_RGBM_ENCODING ok=1
Cmd: compileSnippet
  api=5 type=0 insize=1468 outsize=14849 kw=DIRECTIONAL SHADOWS_SCREEN DYNAMICLIGHTMAP_ON _ALPHABLEND_ON pd=UNITY_ENABLE_REFLECTION_BUFFERS UNITY_USE_DITHER_MASK_FOR_ALPHABLENDED_SHADOWS UNITY_PBS_USE_BRDF1 UNITY_SPECCUBE_BOX_PROJECTION UNITY_SPECCUBE_BLENDING UNITY_ENABLE_DETAIL_NORMALMAP SHADER_API_DESKTOP UNITY_COLORSPACE_GAMMA UNITY_LIGHTMAP_RGBM_ENCODING ok=1
Cmd: compileSnippet
  api=9 type=0 insize=1468 outsize=15586 kw=DIRECTIONAL SHADOWS_SCREEN DYNAMICLIGHTMAP_ON _EMISSION _ALPHABLEND_ON pd=UNITY_ENABLE_REFLECTION_BUFFERS UNITY_USE_DITHER_MASK_FOR_ALPHABLENDED_SHADOWS UNITY_PBS_USE_BRDF1 UNITY_SPECCUBE_BOX_PROJECTION UNITY_SPECCUBE_BLENDING UNITY_ENABLE_DETAIL_NORMALMAP SHADER_API_DESKTOP UNITY_COLORSPACE_GAMMA UNITY_LIGHTMAP_RGBM_ENCODING ok=1
Cmd: compileSnippet
  api=5 type=0 insize=1468 outsize=18575 kw=DIRECTIONAL SHADOWS_SCREEN DYNAMICLIGHTMAP_ON _METALLICGLOSSMAP _PARALLAXMAP pd=UNITY_ENABLE_REFLECTION_BUFFERS UNITY_USE_DITHER_MASK_FOR_ALPHABLENDED_SHADOWS UNITY_PBS_USE_BRDF1 UNITY_SPECCUBE_BOX_PROJECTION UNITY_SPECCUBE_BLENDING UNITY_ENABLE_DETAIL_NORMALMAP SHADER_API_DESKTOP UNITY_COLORSPACE_GAMMA UNITY_LIGHTMAP_RGBM_ENCODING ok=1
Cmd: compileSnippet
  api=9 type=0 insize=1468 outsize=18175 kw=DIRECTIONAL SHADOWS_SCREEN DYNAMICLIGHTMAP_ON _EMISSION _METALLICGLOSSMAP _PARALLAXMAP pd=UNITY_ENABLE_REFLECTION_BUFFERS UNITY_USE_DITHER_MASK_FOR_ALPHABLENDED_SHADOWS UNITY_PBS_USE_BRDF1 UNITY_SPECCUBE_BOX_PROJECTION UNITY_SPECCUBE_BLENDING UNITY_ENABLE_DETAIL_NORMALMAP SHADER_API_DESKTOP UNITY_COLORSPACE_GAMMA UNITY_LIGHTMAP_RGBM_ENCODING ok=1
Cmd: compileSnippet
  api=5 type=0 insize=1468 outsize=14770 kw=DIRECTIONAL SHADOWS_SCREEN DYNAMICLIGHTMAP_ON pd=UNITY_ENABLE_REFLECTION_BUFFERS UNITY_USE_DITHER_MASK_FOR_ALPHABLENDED_SHADOWS UNITY_PBS_USE_BRDF1 UNITY_SPECCUBE_BOX_PROJECTION UNITY_SPECCUBE_BLENDING UNITY_ENABLE_DETAIL_NORMALMAP SHADER_API_DESKTOP UNITY_COLORSPACE_GAMMA UNITY_LIGHTMAP_RGBM_ENCODING ok=1
Cmd: compileSnippet
  api=9 type=0 insize=1468 outsize=16729 kw=DIRECTIONAL SHADOWS_SCREEN DIRLIGHTMAP_COMBINED DYNAMICLIGHTMAP_ON _EMISSION pd=UNITY_ENABLE_REFLECTION_BUFFERS UNITY_USE_DITHER_MASK_FOR_ALPHABLENDED_SHADOWS UNITY_PBS_USE_BRDF1 UNITY_SPECCUBE_BOX_PROJECTION UNITY_SPECCUBE_BLENDING UNITY_ENABLE_DETAIL_NORMALMAP SHADER_API_DESKTOP UNITY_COLORSPACE_GAMMA UNITY_LIGHTMAP_RGBM_ENCODING ok=1
Cmd: compileSnippet
  api=5 type=0 insize=1468 outsize=17075 kw=DIRECTIONAL SHADOWS_SCREEN DIRLIGHTMAP_COMBINED DYNAMICLIGHTMAP_ON _METALLICGLOSSMAP pd=UNITY_ENABLE_REFLECTION_BUFFERS UNITY_USE_DITHER_MASK_FOR_ALPHABLENDED_SHADOWS UNITY_PBS_USE_BRDF1 UNITY_SPECCUBE_BOX_PROJECTION UNITY_SPECCUBE_BLENDING UNITY_ENABLE_DETAIL_NORMALMAP SHADER_API_DESKTOP UNITY_COLORSPACE_GAMMA UNITY_LIGHTMAP_RGBM_ENCODING ok=1
Cmd: compileSnippet
  api=9 type=0 insize=1468 outsize=16845 kw=DIRECTIONAL SHADOWS_SCREEN DIRLIGHTMAP_COMBINED DYNAMICLIGHTMAP_ON _EMISSION _METALLICGLOSSMAP pd=UNITY_ENABLE_REFLECTION_BUFFERS UNITY_USE_DITHER_MASK_FOR_ALPHABLENDED_SHADOWS UNITY_PBS_USE_BRDF1 UNITY_SPECCUBE_BOX_PROJECTION UNITY_SPECCUBE_BLENDING UNITY_ENABLE_DETAIL_NORMALMAP SHADER_API_DESKTOP UNITY_COLORSPACE_GAMMA UNITY_LIGHTMAP_RGBM_ENCODING ok=1
Cmd: compileSnippet
  api=5 type=0 insize=1468 outsize=16988 kw=DIRECTIONAL SHADOWS_SCREEN DIRLIGHTMAP_COMBINED DYNAMICLIGHTMAP_ON _SMOOTHNESS_TEXTURE_ALBEDO_CHANNEL_A pd=UNITY_ENABLE_REFLECTION_BUFFERS UNITY_USE_DITHER_MASK_FOR_ALPHABLENDED_SHADOWS UNITY_PBS_USE_BRDF1 UNITY_SPECCUBE_BOX_PROJECTION UNITY_SPECCUBE_BLENDING UNITY_ENABLE_DETAIL_NORMALMAP SHADER_API_DESKTOP UNITY_COLORSPACE_GAMMA UNITY_LIGHTMAP_RGBM_ENCODING ok=1
Cmd: compileSnippet
  api=9 type=0 insize=1468 outsize=16787 kw=DIRECTIONAL SHADOWS_SCREEN DIRLIGHTMAP_COMBINED DYNAMICLIGHTMAP_ON _EMISSION _SMOOTHNESS_TEXTURE_ALBEDO_CHANNEL_A pd=UNITY_ENABLE_REFLECTION_BUFFERS UNITY_USE_DITHER_MASK_FOR_ALPHABLENDED_SHADOWS UNITY_PBS_USE_BRDF1 UNITY_SPECCUBE_BOX_PROJECTION UNITY_SPECCUBE_BLENDING UNITY_ENABLE_DETAIL_NORMALMAP SHADER_API_DESKTOP UNITY_COLORSPACE_GAMMA UNITY_LIGHTMAP_RGBM_ENCODING ok=1
Cmd: compileSnippet
  api=5 type=0 insize=1468 outsize=12523 kw=DIRECTIONAL VERTEXLIGHT_ON _ALPHABLEND_ON pd=UNITY_ENABLE_REFLECTION_BUFFERS UNITY_USE_DITHER_MASK_FOR_ALPHABLENDED_SHADOWS UNITY_PBS_USE_BRDF1 UNITY_SPECCUBE_BOX_PROJECTION UNITY_SPECCUBE_BLENDING UNITY_ENABLE_DETAIL_NORMALMAP SHADER_API_DESKTOP UNITY_COLORSPACE_GAMMA UNITY_LIGHTMAP_RGBM_ENCODING ok=1
Cmd: compileSnippet
  api=9 type=0 insize=1468 outsize=13238 kw=DIRECTIONAL _EMISSION VERTEXLIGHT_ON _ALPHABLEND_ON pd=UNITY_ENABLE_REFLECTION_BUFFERS UNITY_USE_DITHER_MASK_FOR_ALPHABLENDED_SHADOWS UNITY_PBS_USE_BRDF1 UNITY_SPECCUBE_BOX_PROJECTION UNITY_SPECCUBE_BLENDING UNITY_ENABLE_DETAIL_NORMALMAP SHADER_API_DESKTOP UNITY_COLORSPACE_GAMMA UNITY_LIGHTMAP_RGBM_ENCODING ok=1
Cmd: compileSnippet
  api=5 type=0 insize=1468 outsize=16230 kw=DIRECTIONAL VERTEXLIGHT_ON _METALLICGLOSSMAP _PARALLAXMAP pd=UNITY_ENABLE_REFLECTION_BUFFERS UNITY_USE_DITHER_MASK_FOR_ALPHABLENDED_SHADOWS UNITY_PBS_USE_BRDF1 UNITY_SPECCUBE_BOX_PROJECTION UNITY_SPECCUBE_BLENDING UNITY_ENABLE_DETAIL_NORMALMAP SHADER_API_DESKTOP UNITY_COLORSPACE_GAMMA UNITY_LIGHTMAP_RGBM_ENCODING ok=1
Cmd: compileSnippet
  api=9 type=0 insize=1468 outsize=15887 kw=DIRECTIONAL _EMISSION VERTEXLIGHT_ON _METALLICGLOSSMAP _PARALLAXMAP pd=UNITY_ENABLE_REFLECTION_BUFFERS UNITY_USE_DITHER_MASK_FOR_ALPHABLENDED_SHADOWS UNITY_PBS_USE_BRDF1 UNITY_SPECCUBE_BOX_PROJECTION UNITY_SPECCUBE_BLENDING UNITY_ENABLE_DETAIL_NORMALMAP SHADER_API_DESKTOP UNITY_COLORSPACE_GAMMA UNITY_LIGHTMAP_RGBM_ENCODING ok=1
Cmd: compileSnippet
  api=5 type=0 insize=1468 outsize=12450 kw=DIRECTIONAL VERTEXLIGHT_ON pd=UNITY_ENABLE_REFLECTION_BUFFERS UNITY_USE_DITHER_MASK_FOR_ALPHABLENDED_SHADOWS UNITY_PBS_USE_BRDF1 UNITY_SPECCUBE_BOX_PROJECTION UNITY_SPECCUBE_BLENDING UNITY_ENABLE_DETAIL_NORMALMAP SHADER_API_DESKTOP UNITY_COLORSPACE_GAMMA UNITY_LIGHTMAP_RGBM_ENCODING ok=1
Cmd: compileSnippet
  api=9 type=0 insize=1468 outsize=16209 kw=DIRECTIONAL LIGHTPROBE_SH _EMISSION VERTEXLIGHT_ON pd=UNITY_ENABLE_REFLECTION_BUFFERS UNITY_USE_DITHER_MASK_FOR_ALPHABLENDED_SHADOWS UNITY_PBS_USE_BRDF1 UNITY_SPECCUBE_BOX_PROJECTION UNITY_SPECCUBE_BLENDING UNITY_ENABLE_DETAIL_NORMALMAP SHADER_API_DESKTOP UNITY_COLORSPACE_GAMMA UNITY_LIGHTMAP_RGBM_ENCODING ok=1
Cmd: compileSnippet
  api=9 type=0 insize=1468 outsize=16089 kw=DIRECTIONAL LIGHTPROBE_SH VERTEXLIGHT_ON _METALLICGLOSSMAP pd=UNITY_ENABLE_REFLECTION_BUFFERS UNITY_USE_DITHER_MASK_FOR_ALPHABLENDED_SHADOWS UNITY_PBS_USE_BRDF1 UNITY_SPECCUBE_BOX_PROJECTION UNITY_SPECCUBE_BLENDING UNITY_ENABLE_DETAIL_NORMALMAP SHADER_API_DESKTOP UNITY_COLORSPACE_GAMMA UNITY_LIGHTMAP_RGBM_ENCODING ok=1
Cmd: compileSnippet
  api=5 type=0 insize=1468 outsize=19665 kw=DIRECTIONAL LIGHTPROBE_SH _EMISSION VERTEXLIGHT_ON _METALLICGLOSSMAP _PARALLAXMAP pd=UNITY_ENABLE_REFLECTION_BUFFERS UNITY_USE_DITHER_MASK_FOR_ALPHABLENDED_SHADOWS UNITY_PBS_USE_BRDF1 UNITY_SPECCUBE_BOX_PROJECTION UNITY_SPECCUBE_BLENDING UNITY_ENABLE_DETAIL_NORMALMAP SHADER_API_DESKTOP UNITY_COLORSPACE_GAMMA UNITY_LIGHTMAP_RGBM_ENCODING ok=1
Cmd: compileSnippet
  api=9 type=0 insize=1468 outsize=16009 kw=DIRECTIONAL LIGHTPROBE_SH VERTEXLIGHT_ON _SMOOTHNESS_TEXTURE_ALBEDO_CHANNEL_A pd=UNITY_ENABLE_REFLECTION_BUFFERS UNITY_USE_DITHER_MASK_FOR_ALPHABLENDED_SHADOWS UNITY_PBS_USE_BRDF1 UNITY_SPECCUBE_BOX_PROJECTION UNITY_SPECCUBE_BLENDING UNITY_ENABLE_DETAIL_NORMALMAP SHADER_API_DESKTOP UNITY_COLORSPACE_GAMMA UNITY_LIGHTMAP_RGBM_ENCODING ok=1
Cmd: compileSnippet
  api=5 type=0 insize=1468 outsize=13387 kw=DIRECTIONAL DYNAMICLIGHTMAP_ON _EMISSION VERTEXLIGHT_ON pd=UNITY_ENABLE_REFLECTION_BUFFERS UNITY_USE_DITHER_MASK_FOR_ALPHABLENDED_SHADOWS UNITY_PBS_USE_BRDF1 UNITY_SPECCUBE_BOX_PROJECTION UNITY_SPECCUBE_BLENDING UNITY_ENABLE_DETAIL_NORMALMAP SHADER_API_DESKTOP UNITY_COLORSPACE_GAMMA UNITY_LIGHTMAP_RGBM_ENCODING ok=1
Cmd: compileSnippet
  api=5 type=0 insize=1468 outsize=13270 kw=DIRECTIONAL DYNAMICLIGHTMAP_ON VERTEXLIGHT_ON _ALPHABLEND_ON pd=UNITY_ENABLE_REFLECTION_BUFFERS UNITY_USE_DITHER_MASK_FOR_ALPHABLENDED_SHADOWS UNITY_PBS_USE_BRDF1 UNITY_SPECCUBE_BOX_PROJECTION UNITY_SPECCUBE_BLENDING UNITY_ENABLE_DETAIL_NORMALMAP SHADER_API_DESKTOP UNITY_COLORSPACE_GAMMA UNITY_LIGHTMAP_RGBM_ENCODING ok=1
Cmd: compileSnippet
  api=9 type=0 insize=1468 outsize=13954 kw=DIRECTIONAL DYNAMICLIGHTMAP_ON _EMISSION VERTEXLIGHT_ON _ALPHABLEND_ON pd=UNITY_ENABLE_REFLECTION_BUFFERS UNITY_USE_DITHER_MASK_FOR_ALPHABLENDED_SHADOWS UNITY_PBS_USE_BRDF1 UNITY_SPECCUBE_BOX_PROJECTION UNITY_SPECCUBE_BLENDING UNITY_ENABLE_DETAIL_NORMALMAP SHADER_API_DESKTOP UNITY_COLORSPACE_GAMMA UNITY_LIGHTMAP_RGBM_ENCODING ok=1
Cmd: compileSnippet
  api=5 type=0 insize=1468 outsize=16979 kw=DIRECTIONAL DYNAMICLIGHTMAP_ON VERTEXLIGHT_ON _METALLICGLOSSMAP _PARALLAXMAP pd=UNITY_ENABLE_REFLECTION_BUFFERS UNITY_USE_DITHER_MASK_FOR_ALPHABLENDED_SHADOWS UNITY_PBS_USE_BRDF1 UNITY_SPECCUBE_BOX_PROJECTION UNITY_SPECCUBE_BLENDING UNITY_ENABLE_DETAIL_NORMALMAP SHADER_API_DESKTOP UNITY_COLORSPACE_GAMMA UNITY_LIGHTMAP_RGBM_ENCODING ok=1
Cmd: compileSnippet
  api=9 type=0 insize=1468 outsize=16569 kw=DIRECTIONAL DYNAMICLIGHTMAP_ON _EMISSION VERTEXLIGHT_ON _METALLICGLOSSMAP _PARALLAXMAP pd=UNITY_ENABLE_REFLECTION_BUFFERS UNITY_USE_DITHER_MASK_FOR_ALPHABLENDED_SHADOWS UNITY_PBS_USE_BRDF1 UNITY_SPECCUBE_BOX_PROJECTION UNITY_SPECCUBE_BLENDING UNITY_ENABLE_DETAIL_NORMALMAP SHADER_API_DESKTOP UNITY_COLORSPACE_GAMMA UNITY_LIGHTMAP_RGBM_ENCODING ok=1
Cmd: compileSnippet
  api=5 type=0 insize=1468 outsize=13193 kw=DIRECTIONAL DYNAMICLIGHTMAP_ON VERTEXLIGHT_ON pd=UNITY_ENABLE_REFLECTION_BUFFERS UNITY_USE_DITHER_MASK_FOR_ALPHABLENDED_SHADOWS UNITY_PBS_USE_BRDF1 UNITY_SPECCUBE_BOX_PROJECTION UNITY_SPECCUBE_BLENDING UNITY_ENABLE_DETAIL_NORMALMAP SHADER_API_DESKTOP UNITY_COLORSPACE_GAMMA UNITY_LIGHTMAP_RGBM_ENCODING ok=1
Cmd: compileSnippet
  api=9 type=0 insize=1468 outsize=15132 kw=DIRECTIONAL DIRLIGHTMAP_COMBINED DYNAMICLIGHTMAP_ON _EMISSION VERTEXLIGHT_ON pd=UNITY_ENABLE_REFLECTION_BUFFERS UNITY_USE_DITHER_MASK_FOR_ALPHABLENDED_SHADOWS UNITY_PBS_USE_BRDF1 UNITY_SPECCUBE_BOX_PROJECTION UNITY_SPECCUBE_BLENDING UNITY_ENABLE_DETAIL_NORMALMAP SHADER_API_DESKTOP UNITY_COLORSPACE_GAMMA UNITY_LIGHTMAP_RGBM_ENCODING ok=1
Cmd: compileSnippet
  api=5 type=0 insize=1468 outsize=15487 kw=DIRECTIONAL DIRLIGHTMAP_COMBINED DYNAMICLIGHTMAP_ON VERTEXLIGHT_ON _METALLICGLOSSMAP pd=UNITY_ENABLE_REFLECTION_BUFFERS UNITY_USE_DITHER_MASK_FOR_ALPHABLENDED_SHADOWS UNITY_PBS_USE_BRDF1 UNITY_SPECCUBE_BOX_PROJECTION UNITY_SPECCUBE_BLENDING UNITY_ENABLE_DETAIL_NORMALMAP SHADER_API_DESKTOP UNITY_COLORSPACE_GAMMA UNITY_LIGHTMAP_RGBM_ENCODING ok=1
Cmd: compileSnippet
  api=9 type=0 insize=1468 outsize=15148 kw=DIRECTIONAL DIRLIGHTMAP_COMBINED DYNAMICLIGHTMAP_ON _EMISSION VERTEXLIGHT_ON _METALLICGLOSSMAP pd=UNITY_ENABLE_REFLECTION_BUFFERS UNITY_USE_DITHER_MASK_FOR_ALPHABLENDED_SHADOWS UNITY_PBS_USE_BRDF1 UNITY_SPECCUBE_BOX_PROJECTION UNITY_SPECCUBE_BLENDING UNITY_ENABLE_DETAIL_NORMALMAP SHADER_API_DESKTOP UNITY_COLORSPACE_GAMMA UNITY_LIGHTMAP_RGBM_ENCODING ok=1
Cmd: compileSnippet
  api=5 type=0 insize=1468 outsize=15405 kw=DIRECTIONAL DIRLIGHTMAP_COMBINED DYNAMICLIGHTMAP_ON VERTEXLIGHT_ON _SMOOTHNESS_TEXTURE_ALBEDO_CHANNEL_A pd=UNITY_ENABLE_REFLECTION_BUFFERS UNITY_USE_DITHER_MASK_FOR_ALPHABLENDED_SHADOWS UNITY_PBS_USE_BRDF1 UNITY_SPECCUBE_BOX_PROJECTION UNITY_SPECCUBE_BLENDING UNITY_ENABLE_DETAIL_NORMALMAP SHADER_API_DESKTOP UNITY_COLORSPACE_GAMMA UNITY_LIGHTMAP_RGBM_ENCODING ok=1
Cmd: compileSnippet
  api=9 type=0 insize=1468 outsize=15090 kw=DIRECTIONAL DIRLIGHTMAP_COMBINED DYNAMICLIGHTMAP_ON _EMISSION VERTEXLIGHT_ON _SMOOTHNESS_TEXTURE_ALBEDO_CHANNEL_A pd=UNITY_ENABLE_REFLECTION_BUFFERS UNITY_USE_DITHER_MASK_FOR_ALPHABLENDED_SHADOWS UNITY_PBS_USE_BRDF1 UNITY_SPECCUBE_BOX_PROJECTION UNITY_SPECCUBE_BLENDING UNITY_ENABLE_DETAIL_NORMALMAP SHADER_API_DESKTOP UNITY_COLORSPACE_GAMMA UNITY_LIGHTMAP_RGBM_ENCODING ok=1
Cmd: compileSnippet
  api=5 type=0 insize=1468 outsize=14099 kw=DIRECTIONAL SHADOWS_SCREEN VERTEXLIGHT_ON _ALPHABLEND_ON pd=UNITY_ENABLE_REFLECTION_BUFFERS UNITY_USE_DITHER_MASK_FOR_ALPHABLENDED_SHADOWS UNITY_PBS_USE_BRDF1 UNITY_SPECCUBE_BOX_PROJECTION UNITY_SPECCUBE_BLENDING UNITY_ENABLE_DETAIL_NORMALMAP SHADER_API_DESKTOP UNITY_COLORSPACE_GAMMA UNITY_LIGHTMAP_RGBM_ENCODING ok=1
Cmd: compileSnippet
  api=9 type=0 insize=1468 outsize=14841 kw=DIRECTIONAL SHADOWS_SCREEN _EMISSION VERTEXLIGHT_ON _ALPHABLEND_ON pd=UNITY_ENABLE_REFLECTION_BUFFERS UNITY_USE_DITHER_MASK_FOR_ALPHABLENDED_SHADOWS UNITY_PBS_USE_BRDF1 UNITY_SPECCUBE_BOX_PROJECTION UNITY_SPECCUBE_BLENDING UNITY_ENABLE_DETAIL_NORMALMAP SHADER_API_DESKTOP UNITY_COLORSPACE_GAMMA UNITY_LIGHTMAP_RGBM_ENCODING ok=1
Cmd: compileSnippet
  api=5 type=0 insize=1468 outsize=17826 kw=DIRECTIONAL SHADOWS_SCREEN VERTEXLIGHT_ON _METALLICGLOSSMAP _PARALLAXMAP pd=UNITY_ENABLE_REFLECTION_BUFFERS UNITY_USE_DITHER_MASK_FOR_ALPHABLENDED_SHADOWS UNITY_PBS_USE_BRDF1 UNITY_SPECCUBE_BOX_PROJECTION UNITY_SPECCUBE_BLENDING UNITY_ENABLE_DETAIL_NORMALMAP SHADER_API_DESKTOP UNITY_COLORSPACE_GAMMA UNITY_LIGHTMAP_RGBM_ENCODING ok=1
Cmd: compileSnippet
  api=9 type=0 insize=1468 outsize=17429 kw=DIRECTIONAL SHADOWS_SCREEN _EMISSION VERTEXLIGHT_ON _METALLICGLOSSMAP _PARALLAXMAP pd=UNITY_ENABLE_REFLECTION_BUFFERS UNITY_USE_DITHER_MASK_FOR_ALPHABLENDED_SHADOWS UNITY_PBS_USE_BRDF1 UNITY_SPECCUBE_BOX_PROJECTION UNITY_SPECCUBE_BLENDING UNITY_ENABLE_DETAIL_NORMALMAP SHADER_API_DESKTOP UNITY_COLORSPACE_GAMMA UNITY_LIGHTMAP_RGBM_ENCODING ok=1
Cmd: compileSnippet
  api=5 type=0 insize=1468 outsize=14021 kw=DIRECTIONAL SHADOWS_SCREEN VERTEXLIGHT_ON pd=UNITY_ENABLE_REFLECTION_BUFFERS UNITY_USE_DITHER_MASK_FOR_ALPHABLENDED_SHADOWS UNITY_PBS_USE_BRDF1 UNITY_SPECCUBE_BOX_PROJECTION UNITY_SPECCUBE_BLENDING UNITY_ENABLE_DETAIL_NORMALMAP SHADER_API_DESKTOP UNITY_COLORSPACE_GAMMA UNITY_LIGHTMAP_RGBM_ENCODING ok=1
Cmd: compileSnippet
  api=9 type=0 insize=1468 outsize=17811 kw=DIRECTIONAL SHADOWS_SCREEN LIGHTPROBE_SH _EMISSION VERTEXLIGHT_ON pd=UNITY_ENABLE_REFLECTION_BUFFERS UNITY_USE_DITHER_MASK_FOR_ALPHABLENDED_SHADOWS UNITY_PBS_USE_BRDF1 UNITY_SPECCUBE_BOX_PROJECTION UNITY_SPECCUBE_BLENDING UNITY_ENABLE_DETAIL_NORMALMAP SHADER_API_DESKTOP UNITY_COLORSPACE_GAMMA UNITY_LIGHTMAP_RGBM_ENCODING ok=1
Cmd: compileSnippet
  api=9 type=0 insize=1468 outsize=17666 kw=DIRECTIONAL SHADOWS_SCREEN LIGHTPROBE_SH VERTEXLIGHT_ON _METALLICGLOSSMAP pd=UNITY_ENABLE_REFLECTION_BUFFERS UNITY_USE_DITHER_MASK_FOR_ALPHABLENDED_SHADOWS UNITY_PBS_USE_BRDF1 UNITY_SPECCUBE_BOX_PROJECTION UNITY_SPECCUBE_BLENDING UNITY_ENABLE_DETAIL_NORMALMAP SHADER_API_DESKTOP UNITY_COLORSPACE_GAMMA UNITY_LIGHTMAP_RGBM_ENCODING ok=1
Cmd: compileSnippet
  api=5 type=0 insize=1468 outsize=21260 kw=DIRECTIONAL SHADOWS_SCREEN LIGHTPROBE_SH _EMISSION VERTEXLIGHT_ON _METALLICGLOSSMAP _PARALLAXMAP pd=UNITY_ENABLE_REFLECTION_BUFFERS UNITY_USE_DITHER_MASK_FOR_ALPHABLENDED_SHADOWS UNITY_PBS_USE_BRDF1 UNITY_SPECCUBE_BOX_PROJECTION UNITY_SPECCUBE_BLENDING UNITY_ENABLE_DETAIL_NORMALMAP SHADER_API_DESKTOP UNITY_COLORSPACE_GAMMA UNITY_LIGHTMAP_RGBM_ENCODING ok=1
Cmd: compileSnippet
  api=9 type=0 insize=1468 outsize=17586 kw=DIRECTIONAL SHADOWS_SCREEN LIGHTPROBE_SH VERTEXLIGHT_ON _SMOOTHNESS_TEXTURE_ALBEDO_CHANNEL_A pd=UNITY_ENABLE_REFLECTION_BUFFERS UNITY_USE_DITHER_MASK_FOR_ALPHABLENDED_SHADOWS UNITY_PBS_USE_BRDF1 UNITY_SPECCUBE_BOX_PROJECTION UNITY_SPECCUBE_BLENDING UNITY_ENABLE_DETAIL_NORMALMAP SHADER_API_DESKTOP UNITY_COLORSPACE_GAMMA UNITY_LIGHTMAP_RGBM_ENCODING ok=1
Cmd: compileSnippet
  api=5 type=0 insize=1468 outsize=14964 kw=DIRECTIONAL SHADOWS_SCREEN DYNAMICLIGHTMAP_ON _EMISSION VERTEXLIGHT_ON pd=UNITY_ENABLE_REFLECTION_BUFFERS UNITY_USE_DITHER_MASK_FOR_ALPHABLENDED_SHADOWS UNITY_PBS_USE_BRDF1 UNITY_SPECCUBE_BOX_PROJECTION UNITY_SPECCUBE_BLENDING UNITY_ENABLE_DETAIL_NORMALMAP SHADER_API_DESKTOP UNITY_COLORSPACE_GAMMA UNITY_LIGHTMAP_RGBM_ENCODING ok=1
Cmd: compileSnippet
  api=9 type=0 insize=1468 outsize=15137 kw=DIRECTIONAL SHADOWS_SCREEN DYNAMICLIGHTMAP_ON VERTEXLIGHT_ON _ALPHABLEND_ON pd=UNITY_ENABLE_REFLECTION_BUFFERS UNITY_USE_DITHER_MASK_FOR_ALPHABLENDED_SHADOWS UNITY_PBS_USE_BRDF1 UNITY_SPECCUBE_BOX_PROJECTION UNITY_SPECCUBE_BLENDING UNITY_ENABLE_DETAIL_NORMALMAP SHADER_API_DESKTOP UNITY_COLORSPACE_GAMMA UNITY_LIGHTMAP_RGBM_ENCODING ok=1
Cmd: compileSnippet
  api=9 type=0 insize=1468 outsize=15390 kw=DIRECTIONAL SHADOWS_SCREEN DYNAMICLIGHTMAP_ON VERTEXLIGHT_ON _METALLICGLOSSMAP pd=UNITY_ENABLE_REFLECTION_BUFFERS UNITY_USE_DITHER_MASK_FOR_ALPHABLENDED_SHADOWS UNITY_PBS_USE_BRDF1 UNITY_SPECCUBE_BOX_PROJECTION UNITY_SPECCUBE_BLENDING UNITY_ENABLE_DETAIL_NORMALMAP SHADER_API_DESKTOP UNITY_COLORSPACE_GAMMA UNITY_LIGHTMAP_RGBM_ENCODING ok=1
Cmd: compileSnippet
  api=5 type=0 insize=1468 outsize=18765 kw=DIRECTIONAL SHADOWS_SCREEN DYNAMICLIGHTMAP_ON _EMISSION VERTEXLIGHT_ON _METALLICGLOSSMAP _PARALLAXMAP pd=UNITY_ENABLE_REFLECTION_BUFFERS UNITY_USE_DITHER_MASK_FOR_ALPHABLENDED_SHADOWS UNITY_PBS_USE_BRDF1 UNITY_SPECCUBE_BOX_PROJECTION UNITY_SPECCUBE_BLENDING UNITY_ENABLE_DETAIL_NORMALMAP SHADER_API_DESKTOP UNITY_COLORSPACE_GAMMA UNITY_LIGHTMAP_RGBM_ENCODING ok=1
Cmd: compileSnippet
  api=9 type=0 insize=1468 outsize=15310 kw=DIRECTIONAL SHADOWS_SCREEN DYNAMICLIGHTMAP_ON VERTEXLIGHT_ON _SMOOTHNESS_TEXTURE_ALBEDO_CHANNEL_A pd=UNITY_ENABLE_REFLECTION_BUFFERS UNITY_USE_DITHER_MASK_FOR_ALPHABLENDED_SHADOWS UNITY_PBS_USE_BRDF1 UNITY_SPECCUBE_BOX_PROJECTION UNITY_SPECCUBE_BLENDING UNITY_ENABLE_DETAIL_NORMALMAP SHADER_API_DESKTOP UNITY_COLORSPACE_GAMMA UNITY_LIGHTMAP_RGBM_ENCODING ok=1
Cmd: compileSnippet
  api=5 type=0 insize=1468 outsize=17161 kw=DIRECTIONAL SHADOWS_SCREEN DIRLIGHTMAP_COMBINED DYNAMICLIGHTMAP_ON _EMISSION VERTEXLIGHT_ON pd=UNITY_ENABLE_REFLECTION_BUFFERS UNITY_USE_DITHER_MASK_FOR_ALPHABLENDED_SHADOWS UNITY_PBS_USE_BRDF1 UNITY_SPECCUBE_BOX_PROJECTION UNITY_SPECCUBE_BLENDING UNITY_ENABLE_DETAIL_NORMALMAP SHADER_API_DESKTOP UNITY_COLORSPACE_GAMMA UNITY_LIGHTMAP_RGBM_ENCODING ok=1
Cmd: compileSnippet
  api=9 type=0 insize=1468 outsize=16478 kw=DIRECTIONAL SHADOWS_SCREEN DIRLIGHTMAP_COMBINED DYNAMICLIGHTMAP_ON VERTEXLIGHT_ON _ALPHABLEND_ON pd=UNITY_ENABLE_REFLECTION_BUFFERS UNITY_USE_DITHER_MASK_FOR_ALPHABLENDED_SHADOWS UNITY_PBS_USE_BRDF1 UNITY_SPECCUBE_BOX_PROJECTION UNITY_SPECCUBE_BLENDING UNITY_ENABLE_DETAIL_NORMALMAP SHADER_API_DESKTOP UNITY_COLORSPACE_GAMMA UNITY_LIGHTMAP_RGBM_ENCODING ok=1
Cmd: compileSnippet
  api=5 type=0 insize=1468 outsize=17269 kw=DIRECTIONAL SHADOWS_SCREEN DIRLIGHTMAP_COMBINED DYNAMICLIGHTMAP_ON _EMISSION VERTEXLIGHT_ON _METALLICGLOSSMAP pd=UNITY_ENABLE_REFLECTION_BUFFERS UNITY_USE_DITHER_MASK_FOR_ALPHABLENDED_SHADOWS UNITY_PBS_USE_BRDF1 UNITY_SPECCUBE_BOX_PROJECTION UNITY_SPECCUBE_BLENDING UNITY_ENABLE_DETAIL_NORMALMAP SHADER_API_DESKTOP UNITY_COLORSPACE_GAMMA UNITY_LIGHTMAP_RGBM_ENCODING ok=1
Cmd: compileSnippet
  api=9 type=0 insize=1468 outsize=18547 kw=DIRECTIONAL SHADOWS_SCREEN DIRLIGHTMAP_COMBINED DYNAMICLIGHTMAP_ON VERTEXLIGHT_ON _METALLICGLOSSMAP _PARALLAXMAP pd=UNITY_ENABLE_REFLECTION_BUFFERS UNITY_USE_DITHER_MASK_FOR_ALPHABLENDED_SHADOWS UNITY_PBS_USE_BRDF1 UNITY_SPECCUBE_BOX_PROJECTION UNITY_SPECCUBE_BLENDING UNITY_ENABLE_DETAIL_NORMALMAP SHADER_API_DESKTOP UNITY_COLORSPACE_GAMMA UNITY_LIGHTMAP_RGBM_ENCODING ok=1
Cmd: compileSnippet
  api=5 type=0 insize=1468 outsize=17182 kw=DIRECTIONAL SHADOWS_SCREEN DIRLIGHTMAP_COMBINED DYNAMICLIGHTMAP_ON _EMISSION VERTEXLIGHT_ON _SMOOTHNESS_TEXTURE_ALBEDO_CHANNEL_A pd=UNITY_ENABLE_REFLECTION_BUFFERS UNITY_USE_DITHER_MASK_FOR_ALPHABLENDED_SHADOWS UNITY_PBS_USE_BRDF1 UNITY_SPECCUBE_BOX_PROJECTION UNITY_SPECCUBE_BLENDING UNITY_ENABLE_DETAIL_NORMALMAP SHADER_API_DESKTOP UNITY_COLORSPACE_GAMMA UNITY_LIGHTMAP_RGBM_ENCODING ok=1
Cmd: compileSnippet
  api=5 type=0 insize=1468 outsize=12641 kw=DIRECTIONAL _EMISSION pd=UNITY_ENABLE_REFLECTION_BUFFERS UNITY_USE_DITHER_MASK_FOR_ALPHABLENDED_SHADOWS UNITY_PBS_USE_BRDF1 UNITY_SPECCUBE_BOX_PROJECTION UNITY_SPECCUBE_BLENDING UNITY_ENABLE_DETAIL_NORMALMAP SHADER_API_DESKTOP UNITY_COLORSPACE_GAMMA UNITY_LIGHTMAP_RGBM_ENCODING ok=1
Cmd: compileSnippet
  api=9 type=0 insize=1468 outsize=12842 kw=DIRECTIONAL _ALPHABLEND_ON pd=UNITY_ENABLE_REFLECTION_BUFFERS UNITY_USE_DITHER_MASK_FOR_ALPHABLENDED_SHADOWS UNITY_PBS_USE_BRDF1 UNITY_SPECCUBE_BOX_PROJECTION UNITY_SPECCUBE_BLENDING UNITY_ENABLE_DETAIL_NORMALMAP SHADER_API_DESKTOP UNITY_COLORSPACE_GAMMA UNITY_LIGHTMAP_RGBM_ENCODING ok=1
Cmd: compileSnippet
  api=9 type=0 insize=1468 outsize=13042 kw=DIRECTIONAL _METALLICGLOSSMAP pd=UNITY_ENABLE_REFLECTION_BUFFERS UNITY_USE_DITHER_MASK_FOR_ALPHABLENDED_SHADOWS UNITY_PBS_USE_BRDF1 UNITY_SPECCUBE_BOX_PROJECTION UNITY_SPECCUBE_BLENDING UNITY_ENABLE_DETAIL_NORMALMAP SHADER_API_DESKTOP UNITY_COLORSPACE_GAMMA UNITY_LIGHTMAP_RGBM_ENCODING ok=1
Cmd: compileSnippet
  api=5 type=0 insize=1468 outsize=16420 kw=DIRECTIONAL _EMISSION _METALLICGLOSSMAP _PARALLAXMAP pd=UNITY_ENABLE_REFLECTION_BUFFERS UNITY_USE_DITHER_MASK_FOR_ALPHABLENDED_SHADOWS UNITY_PBS_USE_BRDF1 UNITY_SPECCUBE_BOX_PROJECTION UNITY_SPECCUBE_BLENDING UNITY_ENABLE_DETAIL_NORMALMAP SHADER_API_DESKTOP UNITY_COLORSPACE_GAMMA UNITY_LIGHTMAP_RGBM_ENCODING ok=1
Cmd: compileSnippet
  api=9 type=0 insize=1468 outsize=12962 kw=DIRECTIONAL _SMOOTHNESS_TEXTURE_ALBEDO_CHANNEL_A pd=UNITY_ENABLE_REFLECTION_BUFFERS UNITY_USE_DITHER_MASK_FOR_ALPHABLENDED_SHADOWS UNITY_PBS_USE_BRDF1 UNITY_SPECCUBE_BOX_PROJECTION UNITY_SPECCUBE_BLENDING UNITY_ENABLE_DETAIL_NORMALMAP SHADER_API_DESKTOP UNITY_COLORSPACE_GAMMA UNITY_LIGHTMAP_RGBM_ENCODING ok=1
Cmd: compileSnippet
  api=5 type=1 insize=1468 outsize=0 kw=DIRECTIONAL pd=UNITY_ENABLE_REFLECTION_BUFFERS UNITY_USE_DITHER_MASK_FOR_ALPHABLENDED_SHADOWS UNITY_PBS_USE_BRDF1 UNITY_SPECCUBE_BOX_PROJECTION UNITY_SPECCUBE_BLENDING UNITY_ENABLE_DETAIL_NORMALMAP SHADER_API_DESKTOP UNITY_COLORSPACE_GAMMA UNITY_LIGHTMAP_RGBM_ENCODING ok=1
Cmd: compileSnippet
  api=5 type=1 insize=1468 outsize=0 kw=DIRECTIONAL LIGHTPROBE_SH _ALPHABLEND_ON pd=UNITY_ENABLE_REFLECTION_BUFFERS UNITY_USE_DITHER_MASK_FOR_ALPHABLENDED_SHADOWS UNITY_PBS_USE_BRDF1 UNITY_SPECCUBE_BOX_PROJECTION UNITY_SPECCUBE_BLENDING UNITY_ENABLE_DETAIL_NORMALMAP SHADER_API_DESKTOP UNITY_COLORSPACE_GAMMA UNITY_LIGHTMAP_RGBM_ENCODING ok=1
Cmd: compileSnippet
  api=5 type=1 insize=1468 outsize=0 kw=DIRECTIONAL LIGHTPROBE_SH _METALLICGLOSSMAP pd=UNITY_ENABLE_REFLECTION_BUFFERS UNITY_USE_DITHER_MASK_FOR_ALPHABLENDED_SHADOWS UNITY_PBS_USE_BRDF1 UNITY_SPECCUBE_BOX_PROJECTION UNITY_SPECCUBE_BLENDING UNITY_ENABLE_DETAIL_NORMALMAP SHADER_API_DESKTOP UNITY_COLORSPACE_GAMMA UNITY_LIGHTMAP_RGBM_ENCODING ok=1
Cmd: compileSnippet
  api=9 type=1 insize=1468 outsize=0 kw=DIRECTIONAL LIGHTPROBE_SH _METALLICGLOSSMAP _PARALLAXMAP pd=UNITY_ENABLE_REFLECTION_BUFFERS UNITY_USE_DITHER_MASK_FOR_ALPHABLENDED_SHADOWS UNITY_PBS_USE_BRDF1 UNITY_SPECCUBE_BOX_PROJECTION UNITY_SPECCUBE_BLENDING UNITY_ENABLE_DETAIL_NORMALMAP SHADER_API_DESKTOP UNITY_COLORSPACE_GAMMA UNITY_LIGHTMAP_RGBM_ENCODING ok=1
Cmd: compileSnippet
  api=5 type=1 insize=1468 outsize=0 kw=DIRECTIONAL LIGHTPROBE_SH _SMOOTHNESS_TEXTURE_ALBEDO_CHANNEL_A pd=UNITY_ENABLE_REFLECTION_BUFFERS UNITY_USE_DITHER_MASK_FOR_ALPHABLENDED_SHADOWS UNITY_PBS_USE_BRDF1 UNITY_SPECCUBE_BOX_PROJECTION UNITY_SPECCUBE_BLENDING UNITY_ENABLE_DETAIL_NORMALMAP SHADER_API_DESKTOP UNITY_COLORSPACE_GAMMA UNITY_LIGHTMAP_RGBM_ENCODING ok=1
Cmd: compileSnippet
  api=9 type=1 insize=1468 outsize=0 kw=DIRECTIONAL DYNAMICLIGHTMAP_ON _EMISSION pd=UNITY_ENABLE_REFLECTION_BUFFERS UNITY_USE_DITHER_MASK_FOR_ALPHABLENDED_SHADOWS UNITY_PBS_USE_BRDF1 UNITY_SPECCUBE_BOX_PROJECTION UNITY_SPECCUBE_BLENDING UNITY_ENABLE_DETAIL_NORMALMAP SHADER_API_DESKTOP UNITY_COLORSPACE_GAMMA UNITY_LIGHTMAP_RGBM_ENCODING ok=1
Cmd: compileSnippet
  api=5 type=1 insize=1468 outsize=0 kw=DIRECTIONAL DYNAMICLIGHTMAP_ON _EMISSION _ALPHABLEND_ON pd=UNITY_ENABLE_REFLECTION_BUFFERS UNITY_USE_DITHER_MASK_FOR_ALPHABLENDED_SHADOWS UNITY_PBS_USE_BRDF1 UNITY_SPECCUBE_BOX_PROJECTION UNITY_SPECCUBE_BLENDING UNITY_ENABLE_DETAIL_NORMALMAP SHADER_API_DESKTOP UNITY_COLORSPACE_GAMMA UNITY_LIGHTMAP_RGBM_ENCODING ok=1
Cmd: compileSnippet
  api=5 type=1 insize=1468 outsize=0 kw=DIRECTIONAL DYNAMICLIGHTMAP_ON _EMISSION _METALLICGLOSSMAP pd=UNITY_ENABLE_REFLECTION_BUFFERS UNITY_USE_DITHER_MASK_FOR_ALPHABLENDED_SHADOWS UNITY_PBS_USE_BRDF1 UNITY_SPECCUBE_BOX_PROJECTION UNITY_SPECCUBE_BLENDING UNITY_ENABLE_DETAIL_NORMALMAP SHADER_API_DESKTOP UNITY_COLORSPACE_GAMMA UNITY_LIGHTMAP_RGBM_ENCODING ok=1
Cmd: compileSnippet
  api=5 type=1 insize=1468 outsize=0 kw=DIRECTIONAL DYNAMICLIGHTMAP_ON _EMISSION _METALLICGLOSSMAP _PARALLAXMAP pd=UNITY_ENABLE_REFLECTION_BUFFERS UNITY_USE_DITHER_MASK_FOR_ALPHABLENDED_SHADOWS UNITY_PBS_USE_BRDF1 UNITY_SPECCUBE_BOX_PROJECTION UNITY_SPECCUBE_BLENDING UNITY_ENABLE_DETAIL_NORMALMAP SHADER_API_DESKTOP UNITY_COLORSPACE_GAMMA UNITY_LIGHTMAP_RGBM_ENCODING ok=1
Cmd: compileSnippet
  api=9 type=1 insize=1468 outsize=0 kw=DIRECTIONAL DYNAMICLIGHTMAP_ON _SMOOTHNESS_TEXTURE_ALBEDO_CHANNEL_A pd=UNITY_ENABLE_REFLECTION_BUFFERS UNITY_USE_DITHER_MASK_FOR_ALPHABLENDED_SHADOWS UNITY_PBS_USE_BRDF1 UNITY_SPECCUBE_BOX_PROJECTION UNITY_SPECCUBE_BLENDING UNITY_ENABLE_DETAIL_NORMALMAP SHADER_API_DESKTOP UNITY_COLORSPACE_GAMMA UNITY_LIGHTMAP_RGBM_ENCODING ok=1
Cmd: compileSnippet
  api=5 type=1 insize=1468 outsize=0 kw=DIRECTIONAL DYNAMICLIGHTMAP_ON pd=UNITY_ENABLE_REFLECTION_BUFFERS UNITY_USE_DITHER_MASK_FOR_ALPHABLENDED_SHADOWS UNITY_PBS_USE_BRDF1 UNITY_SPECCUBE_BOX_PROJECTION UNITY_SPECCUBE_BLENDING UNITY_ENABLE_DETAIL_NORMALMAP SHADER_API_DESKTOP UNITY_COLORSPACE_GAMMA UNITY_LIGHTMAP_RGBM_ENCODING ok=1
Cmd: compileSnippet
  api=5 type=1 insize=1468 outsize=0 kw=DIRECTIONAL DIRLIGHTMAP_COMBINED DYNAMICLIGHTMAP_ON _EMISSION _ALPHABLEND_ON pd=UNITY_ENABLE_REFLECTION_BUFFERS UNITY_USE_DITHER_MASK_FOR_ALPHABLENDED_SHADOWS UNITY_PBS_USE_BRDF1 UNITY_SPECCUBE_BOX_PROJECTION UNITY_SPECCUBE_BLENDING UNITY_ENABLE_DETAIL_NORMALMAP SHADER_API_DESKTOP UNITY_COLORSPACE_GAMMA UNITY_LIGHTMAP_RGBM_ENCODING ok=1
Cmd: compileSnippet
  api=5 type=1 insize=1468 outsize=0 kw=DIRECTIONAL DIRLIGHTMAP_COMBINED DYNAMICLIGHTMAP_ON _EMISSION _METALLICGLOSSMAP pd=UNITY_ENABLE_REFLECTION_BUFFERS UNITY_USE_DITHER_MASK_FOR_ALPHABLENDED_SHADOWS UNITY_PBS_USE_BRDF1 UNITY_SPECCUBE_BOX_PROJECTION UNITY_SPECCUBE_BLENDING UNITY_ENABLE_DETAIL_NORMALMAP SHADER_API_DESKTOP UNITY_COLORSPACE_GAMMA UNITY_LIGHTMAP_RGBM_ENCODING ok=1
Cmd: compileSnippet
  api=9 type=1 insize=1468 outsize=0 kw=DIRECTIONAL DIRLIGHTMAP_COMBINED DYNAMICLIGHTMAP_ON _METALLICGLOSSMAP _PARALLAXMAP pd=UNITY_ENABLE_REFLECTION_BUFFERS UNITY_USE_DITHER_MASK_FOR_ALPHABLENDED_SHADOWS UNITY_PBS_USE_BRDF1 UNITY_SPECCUBE_BOX_PROJECTION UNITY_SPECCUBE_BLENDING UNITY_ENABLE_DETAIL_NORMALMAP SHADER_API_DESKTOP UNITY_COLORSPACE_GAMMA UNITY_LIGHTMAP_RGBM_ENCODING ok=1
Cmd: compileSnippet
  api=9 type=1 insize=1468 outsize=0 kw=DIRECTIONAL DIRLIGHTMAP_COMBINED DYNAMICLIGHTMAP_ON _SMOOTHNESS_TEXTURE_ALBEDO_CHANNEL_A pd=UNITY_ENABLE_REFLECTION_BUFFERS UNITY_USE_DITHER_MASK_FOR_ALPHABLENDED_SHADOWS UNITY_PBS_USE_BRDF1 UNITY_SPECCUBE_BOX_PROJECTION UNITY_SPECCUBE_BLENDING UNITY_ENABLE_DETAIL_NORMALMAP SHADER_API_DESKTOP UNITY_COLORSPACE_GAMMA UNITY_LIGHTMAP_RGBM_ENCODING ok=1
Cmd: compileSnippet
  api=5 type=1 insize=1468 outsize=0 kw=DIRECTIONAL DIRLIGHTMAP_COMBINED DYNAMICLIGHTMAP_ON pd=UNITY_ENABLE_REFLECTION_BUFFERS UNITY_USE_DITHER_MASK_FOR_ALPHABLENDED_SHADOWS UNITY_PBS_USE_BRDF1 UNITY_SPECCUBE_BOX_PROJECTION UNITY_SPECCUBE_BLENDING UNITY_ENABLE_DETAIL_NORMALMAP SHADER_API_DESKTOP UNITY_COLORSPACE_GAMMA UNITY_LIGHTMAP_RGBM_ENCODING ok=1
Cmd: compileSnippet
  api=5 type=1 insize=1468 outsize=0 kw=DIRECTIONAL SHADOWS_SCREEN _ALPHABLEND_ON pd=UNITY_ENABLE_REFLECTION_BUFFERS UNITY_USE_DITHER_MASK_FOR_ALPHABLENDED_SHADOWS UNITY_PBS_USE_BRDF1 UNITY_SPECCUBE_BOX_PROJECTION UNITY_SPECCUBE_BLENDING UNITY_ENABLE_DETAIL_NORMALMAP SHADER_API_DESKTOP UNITY_COLORSPACE_GAMMA UNITY_LIGHTMAP_RGBM_ENCODING ok=1
Cmd: compileSnippet
  api=9 type=1 insize=1468 outsize=0 kw=DIRECTIONAL SHADOWS_SCREEN _METALLICGLOSSMAP pd=UNITY_ENABLE_REFLECTION_BUFFERS UNITY_USE_DITHER_MASK_FOR_ALPHABLENDED_SHADOWS UNITY_PBS_USE_BRDF1 UNITY_SPECCUBE_BOX_PROJECTION UNITY_SPECCUBE_BLENDING UNITY_ENABLE_DETAIL_NORMALMAP SHADER_API_DESKTOP UNITY_COLORSPACE_GAMMA UNITY_LIGHTMAP_RGBM_ENCODING ok=1
Cmd: compileSnippet
  api=9 type=1 insize=1468 outsize=0 kw=DIRECTIONAL SHADOWS_SCREEN _METALLICGLOSSMAP _PARALLAXMAP pd=UNITY_ENABLE_REFLECTION_BUFFERS UNITY_USE_DITHER_MASK_FOR_ALPHABLENDED_SHADOWS UNITY_PBS_USE_BRDF1 UNITY_SPECCUBE_BOX_PROJECTION UNITY_SPECCUBE_BLENDING UNITY_ENABLE_DETAIL_NORMALMAP SHADER_API_DESKTOP UNITY_COLORSPACE_GAMMA UNITY_LIGHTMAP_RGBM_ENCODING ok=1
Cmd: compileSnippet
  api=5 type=1 insize=1468 outsize=0 kw=DIRECTIONAL SHADOWS_SCREEN _SMOOTHNESS_TEXTURE_ALBEDO_CHANNEL_A pd=UNITY_ENABLE_REFLECTION_BUFFERS UNITY_USE_DITHER_MASK_FOR_ALPHABLENDED_SHADOWS UNITY_PBS_USE_BRDF1 UNITY_SPECCUBE_BOX_PROJECTION UNITY_SPECCUBE_BLENDING UNITY_ENABLE_DETAIL_NORMALMAP SHADER_API_DESKTOP UNITY_COLORSPACE_GAMMA UNITY_LIGHTMAP_RGBM_ENCODING ok=1
Cmd: compileSnippet
  api=5 type=1 insize=1468 outsize=0 kw=DIRECTIONAL SHADOWS_SCREEN pd=UNITY_ENABLE_REFLECTION_BUFFERS UNITY_USE_DITHER_MASK_FOR_ALPHABLENDED_SHADOWS UNITY_PBS_USE_BRDF1 UNITY_SPECCUBE_BOX_PROJECTION UNITY_SPECCUBE_BLENDING UNITY_ENABLE_DETAIL_NORMALMAP SHADER_API_DESKTOP UNITY_COLORSPACE_GAMMA UNITY_LIGHTMAP_RGBM_ENCODING ok=1
Cmd: compileSnippet
  api=5 type=1 insize=1468 outsize=0 kw=DIRECTIONAL SHADOWS_SCREEN LIGHTPROBE_SH _ALPHABLEND_ON pd=UNITY_ENABLE_REFLECTION_BUFFERS UNITY_USE_DITHER_MASK_FOR_ALPHABLENDED_SHADOWS UNITY_PBS_USE_BRDF1 UNITY_SPECCUBE_BOX_PROJECTION UNITY_SPECCUBE_BLENDING UNITY_ENABLE_DETAIL_NORMALMAP SHADER_API_DESKTOP UNITY_COLORSPACE_GAMMA UNITY_LIGHTMAP_RGBM_ENCODING ok=1
Cmd: compileSnippet
  api=9 type=1 insize=1468 outsize=0 kw=DIRECTIONAL SHADOWS_SCREEN LIGHTPROBE_SH _EMISSION _METALLICGLOSSMAP pd=UNITY_ENABLE_REFLECTION_BUFFERS UNITY_USE_DITHER_MASK_FOR_ALPHABLENDED_SHADOWS UNITY_PBS_USE_BRDF1 UNITY_SPECCUBE_BOX_PROJECTION UNITY_SPECCUBE_BLENDING UNITY_ENABLE_DETAIL_NORMALMAP SHADER_API_DESKTOP UNITY_COLORSPACE_GAMMA UNITY_LIGHTMAP_RGBM_ENCODING ok=1
Cmd: compileSnippet
  api=9 type=1 insize=1468 outsize=0 kw=DIRECTIONAL SHADOWS_SCREEN LIGHTPROBE_SH _EMISSION _METALLICGLOSSMAP _PARALLAXMAP pd=UNITY_ENABLE_REFLECTION_BUFFERS UNITY_USE_DITHER_MASK_FOR_ALPHABLENDED_SHADOWS UNITY_PBS_USE_BRDF1 UNITY_SPECCUBE_BOX_PROJECTION UNITY_SPECCUBE_BLENDING UNITY_ENABLE_DETAIL_NORMALMAP SHADER_API_DESKTOP UNITY_COLORSPACE_GAMMA UNITY_LIGHTMAP_RGBM_ENCODING ok=1
Cmd: compileSnippet
  api=9 type=1 insize=1468 outsize=0 kw=DIRECTIONAL SHADOWS_SCREEN LIGHTPROBE_SH _EMISSION _SMOOTHNESS_TEXTURE_ALBEDO_CHANNEL_A pd=UNITY_ENABLE_REFLECTION_BUFFERS UNITY_USE_DITHER_MASK_FOR_ALPHABLENDED_SHADOWS UNITY_PBS_USE_BRDF1 UNITY_SPECCUBE_BOX_PROJECTION UNITY_SPECCUBE_BLENDING UNITY_ENABLE_DETAIL_NORMALMAP SHADER_API_DESKTOP UNITY_COLORSPACE_GAMMA UNITY_LIGHTMAP_RGBM_ENCODING ok=1
Cmd: compileSnippet
  api=5 type=1 insize=1468 outsize=0 kw=DIRECTIONAL SHADOWS_SCREEN DYNAMICLIGHTMAP_ON _EMISSION pd=UNITY_ENABLE_REFLECTION_BUFFERS UNITY_USE_DITHER_MASK_FOR_ALPHABLENDED_SHADOWS UNITY_PBS_USE_BRDF1 UNITY_SPECCUBE_BOX_PROJECTION UNITY_SPECCUBE_BLENDING UNITY_ENABLE_DETAIL_NORMALMAP SHADER_API_DESKTOP UNITY_COLORSPACE_GAMMA UNITY_LIGHTMAP_RGBM_ENCODING ok=1
Cmd: compileSnippet
  api=9 type=1 insize=1468 outsize=0 kw=DIRECTIONAL SHADOWS_SCREEN DYNAMICLIGHTMAP_ON _ALPHABLEND_ON pd=UNITY_ENABLE_REFLECTION_BUFFERS UNITY_USE_DITHER_MASK_FOR_ALPHABLENDED_SHADOWS UNITY_PBS_USE_BRDF1 UNITY_SPECCUBE_BOX_PROJECTION UNITY_SPECCUBE_BLENDING UNITY_ENABLE_DETAIL_NORMALMAP SHADER_API_DESKTOP UNITY_COLORSPACE_GAMMA UNITY_LIGHTMAP_RGBM_ENCODING ok=1
Cmd: compileSnippet
  api=9 type=1 insize=1468 outsize=0 kw=DIRECTIONAL SHADOWS_SCREEN DYNAMICLIGHTMAP_ON _METALLICGLOSSMAP pd=UNITY_ENABLE_REFLECTION_BUFFERS UNITY_USE_DITHER_MASK_FOR_ALPHABLENDED_SHADOWS UNITY_PBS_USE_BRDF1 UNITY_SPECCUBE_BOX_PROJECTION UNITY_SPECCUBE_BLENDING UNITY_ENABLE_DETAIL_NORMALMAP SHADER_API_DESKTOP UNITY_COLORSPACE_GAMMA UNITY_LIGHTMAP_RGBM_ENCODING ok=1
Cmd: compileSnippet
  api=9 type=1 insize=1468 outsize=0 kw=DIRECTIONAL SHADOWS_SCREEN DYNAMICLIGHTMAP_ON _METALLICGLOSSMAP _PARALLAXMAP pd=UNITY_ENABLE_REFLECTION_BUFFERS UNITY_USE_DITHER_MASK_FOR_ALPHABLENDED_SHADOWS UNITY_PBS_USE_BRDF1 UNITY_SPECCUBE_BOX_PROJECTION UNITY_SPECCUBE_BLENDING UNITY_ENABLE_DETAIL_NORMALMAP SHADER_API_DESKTOP UNITY_COLORSPACE_GAMMA UNITY_LIGHTMAP_RGBM_ENCODING ok=1
Cmd: compileSnippet
  api=9 type=1 insize=1468 outsize=0 kw=DIRECTIONAL SHADOWS_SCREEN DYNAMICLIGHTMAP_ON _SMOOTHNESS_TEXTURE_ALBEDO_CHANNEL_A pd=UNITY_ENABLE_REFLECTION_BUFFERS UNITY_USE_DITHER_MASK_FOR_ALPHABLENDED_SHADOWS UNITY_PBS_USE_BRDF1 UNITY_SPECCUBE_BOX_PROJECTION UNITY_SPECCUBE_BLENDING UNITY_ENABLE_DETAIL_NORMALMAP SHADER_API_DESKTOP UNITY_COLORSPACE_GAMMA UNITY_LIGHTMAP_RGBM_ENCODING ok=1
Cmd: compileSnippet
  api=9 type=1 insize=1468 outsize=0 kw=DIRECTIONAL SHADOWS_SCREEN DYNAMICLIGHTMAP_ON pd=UNITY_ENABLE_REFLECTION_BUFFERS UNITY_USE_DITHER_MASK_FOR_ALPHABLENDED_SHADOWS UNITY_PBS_USE_BRDF1 UNITY_SPECCUBE_BOX_PROJECTION UNITY_SPECCUBE_BLENDING UNITY_ENABLE_DETAIL_NORMALMAP SHADER_API_DESKTOP UNITY_COLORSPACE_GAMMA UNITY_LIGHTMAP_RGBM_ENCODING ok=1
Cmd: compileSnippet
  api=5 type=1 insize=1468 outsize=0 kw=DIRECTIONAL SHADOWS_SCREEN DIRLIGHTMAP_COMBINED DYNAMICLIGHTMAP_ON _EMISSION _ALPHABLEND_ON pd=UNITY_ENABLE_REFLECTION_BUFFERS UNITY_USE_DITHER_MASK_FOR_ALPHABLENDED_SHADOWS UNITY_PBS_USE_BRDF1 UNITY_SPECCUBE_BOX_PROJECTION UNITY_SPECCUBE_BLENDING UNITY_ENABLE_DETAIL_NORMALMAP SHADER_API_DESKTOP UNITY_COLORSPACE_GAMMA UNITY_LIGHTMAP_RGBM_ENCODING ok=1
Cmd: compileSnippet
  api=9 type=1 insize=1468 outsize=0 kw=DIRECTIONAL SHADOWS_SCREEN DIRLIGHTMAP_COMBINED DYNAMICLIGHTMAP_ON _METALLICGLOSSMAP pd=UNITY_ENABLE_REFLECTION_BUFFERS UNITY_USE_DITHER_MASK_FOR_ALPHABLENDED_SHADOWS UNITY_PBS_USE_BRDF1 UNITY_SPECCUBE_BOX_PROJECTION UNITY_SPECCUBE_BLENDING UNITY_ENABLE_DETAIL_NORMALMAP SHADER_API_DESKTOP UNITY_COLORSPACE_GAMMA UNITY_LIGHTMAP_RGBM_ENCODING ok=1
Cmd: compileSnippet
  api=5 type=1 insize=1468 outsize=0 kw=DIRECTIONAL SHADOWS_SCREEN DIRLIGHTMAP_COMBINED DYNAMICLIGHTMAP_ON _EMISSION _METALLICGLOSSMAP _PARALLAXMAP pd=UNITY_ENABLE_REFLECTION_BUFFERS UNITY_USE_DITHER_MASK_FOR_ALPHABLENDED_SHADOWS UNITY_PBS_USE_BRDF1 UNITY_SPECCUBE_BOX_PROJECTION UNITY_SPECCUBE_BLENDING UNITY_ENABLE_DETAIL_NORMALMAP SHADER_API_DESKTOP UNITY_COLORSPACE_GAMMA UNITY_LIGHTMAP_RGBM_ENCODING ok=1
Cmd: compileSnippet
  api=9 type=1 insize=1468 outsize=0 kw=DIRECTIONAL SHADOWS_SCREEN DIRLIGHTMAP_COMBINED DYNAMICLIGHTMAP_ON _EMISSION _SMOOTHNESS_TEXTURE_ALBEDO_CHANNEL_A pd=UNITY_ENABLE_REFLECTION_BUFFERS UNITY_USE_DITHER_MASK_FOR_ALPHABLENDED_SHADOWS UNITY_PBS_USE_BRDF1 UNITY_SPECCUBE_BOX_PROJECTION UNITY_SPECCUBE_BLENDING UNITY_ENABLE_DETAIL_NORMALMAP SHADER_API_DESKTOP UNITY_COLORSPACE_GAMMA UNITY_LIGHTMAP_RGBM_ENCODING ok=1
Cmd: compileSnippet
  api=9 type=1 insize=1468 outsize=0 kw=DIRECTIONAL _EMISSION pd=UNITY_ENABLE_REFLECTION_BUFFERS UNITY_USE_DITHER_MASK_FOR_ALPHABLENDED_SHADOWS UNITY_PBS_USE_BRDF1 UNITY_SPECCUBE_BOX_PROJECTION UNITY_SPECCUBE_BLENDING UNITY_ENABLE_DETAIL_NORMALMAP SHADER_API_DESKTOP UNITY_COLORSPACE_GAMMA UNITY_LIGHTMAP_RGBM_ENCODING ok=1
Cmd: compileSnippet
  api=9 type=1 insize=1468 outsize=0 kw=DIRECTIONAL _EMISSION _ALPHABLEND_ON pd=UNITY_ENABLE_REFLECTION_BUFFERS UNITY_USE_DITHER_MASK_FOR_ALPHABLENDED_SHADOWS UNITY_PBS_USE_BRDF1 UNITY_SPECCUBE_BOX_PROJECTION UNITY_SPECCUBE_BLENDING UNITY_ENABLE_DETAIL_NORMALMAP SHADER_API_DESKTOP UNITY_COLORSPACE_GAMMA UNITY_LIGHTMAP_RGBM_ENCODING ok=1
Cmd: compileSnippet
  api=9 type=1 insize=1468 outsize=0 kw=DIRECTIONAL _EMISSION _METALLICGLOSSMAP pd=UNITY_ENABLE_REFLECTION_BUFFERS UNITY_USE_DITHER_MASK_FOR_ALPHABLENDED_SHADOWS UNITY_PBS_USE_BRDF1 UNITY_SPECCUBE_BOX_PROJECTION UNITY_SPECCUBE_BLENDING UNITY_ENABLE_DETAIL_NORMALMAP SHADER_API_DESKTOP UNITY_COLORSPACE_GAMMA UNITY_LIGHTMAP_RGBM_ENCODING ok=1
Cmd: compileSnippet
  api=9 type=1 insize=1468 outsize=0 kw=DIRECTIONAL _EMISSION _METALLICGLOSSMAP _PARALLAXMAP pd=UNITY_ENABLE_REFLECTION_BUFFERS UNITY_USE_DITHER_MASK_FOR_ALPHABLENDED_SHADOWS UNITY_PBS_USE_BRDF1 UNITY_SPECCUBE_BOX_PROJECTION UNITY_SPECCUBE_BLENDING UNITY_ENABLE_DETAIL_NORMALMAP SHADER_API_DESKTOP UNITY_COLORSPACE_GAMMA UNITY_LIGHTMAP_RGBM_ENCODING ok=1
Cmd: compileSnippet
  api=5 type=1 insize=1468 outsize=0 kw=DIRECTIONAL _SMOOTHNESS_TEXTURE_ALBEDO_CHANNEL_A pd=UNITY_ENABLE_REFLECTION_BUFFERS UNITY_USE_DITHER_MASK_FOR_ALPHABLENDED_SHADOWS UNITY_PBS_USE_BRDF1 UNITY_SPECCUBE_BOX_PROJECTION UNITY_SPECCUBE_BLENDING UNITY_ENABLE_DETAIL_NORMALMAP SHADER_API_DESKTOP UNITY_COLORSPACE_GAMMA UNITY_LIGHTMAP_RGBM_ENCODING ok=1
Cmd: compileSnippet
  api=5 type=0 insize=1330 outsize=7287 kw=POINT pd=UNITY_ENABLE_REFLECTION_BUFFERS UNITY_USE_DITHER_MASK_FOR_ALPHABLENDED_SHADOWS UNITY_PBS_USE_BRDF1 UNITY_SPECCUBE_BOX_PROJECTION UNITY_SPECCUBE_BLENDING UNITY_ENABLE_DETAIL_NORMALMAP SHADER_API_DESKTOP UNITY_COLORSPACE_GAMMA UNITY_LIGHTMAP_RGBM_ENCODING ok=1
Cmd: compileSnippet
  api=9 type=0 insize=1330 outsize=7630 kw=DIRECTIONAL _METALLICGLOSSMAP pd=UNITY_ENABLE_REFLECTION_BUFFERS UNITY_USE_DITHER_MASK_FOR_ALPHABLENDED_SHADOWS UNITY_PBS_USE_BRDF1 UNITY_SPECCUBE_BOX_PROJECTION UNITY_SPECCUBE_BLENDING UNITY_ENABLE_DETAIL_NORMALMAP SHADER_API_DESKTOP UNITY_COLORSPACE_GAMMA UNITY_LIGHTMAP_RGBM_ENCODING ok=1
Cmd: compileSnippet
  api=9 type=0 insize=1330 outsize=7553 kw=DIRECTIONAL _SMOOTHNESS_TEXTURE_ALBEDO_CHANNEL_A pd=UNITY_ENABLE_REFLECTION_BUFFERS UNITY_USE_DITHER_MASK_FOR_ALPHABLENDED_SHADOWS UNITY_PBS_USE_BRDF1 UNITY_SPECCUBE_BOX_PROJECTION UNITY_SPECCUBE_BLENDING UNITY_ENABLE_DETAIL_NORMALMAP SHADER_API_DESKTOP UNITY_COLORSPACE_GAMMA UNITY_LIGHTMAP_RGBM_ENCODING ok=1
Cmd: compileSnippet
  api=5 type=0 insize=1330 outsize=7748 kw=SPOT _METALLICGLOSSMAP pd=UNITY_ENABLE_REFLECTION_BUFFERS UNITY_USE_DITHER_MASK_FOR_ALPHABLENDED_SHADOWS UNITY_PBS_USE_BRDF1 UNITY_SPECCUBE_BOX_PROJECTION UNITY_SPECCUBE_BLENDING UNITY_ENABLE_DETAIL_NORMALMAP SHADER_API_DESKTOP UNITY_COLORSPACE_GAMMA UNITY_LIGHTMAP_RGBM_ENCODING ok=1
Cmd: compileSnippet
  api=9 type=0 insize=1330 outsize=11484 kw=SPOT _METALLICGLOSSMAP _PARALLAXMAP pd=UNITY_ENABLE_REFLECTION_BUFFERS UNITY_USE_DITHER_MASK_FOR_ALPHABLENDED_SHADOWS UNITY_PBS_USE_BRDF1 UNITY_SPECCUBE_BOX_PROJECTION UNITY_SPECCUBE_BLENDING UNITY_ENABLE_DETAIL_NORMALMAP SHADER_API_DESKTOP UNITY_COLORSPACE_GAMMA UNITY_LIGHTMAP_RGBM_ENCODING ok=1
Cmd: compileSnippet
  api=9 type=0 insize=1330 outsize=8306 kw=POINT_COOKIE _ALPHABLEND_ON pd=UNITY_ENABLE_REFLECTION_BUFFERS UNITY_USE_DITHER_MASK_FOR_ALPHABLENDED_SHADOWS UNITY_PBS_USE_BRDF1 UNITY_SPECCUBE_BOX_PROJECTION UNITY_SPECCUBE_BLENDING UNITY_ENABLE_DETAIL_NORMALMAP SHADER_API_DESKTOP UNITY_COLORSPACE_GAMMA UNITY_LIGHTMAP_RGBM_ENCODING ok=1
Cmd: compileSnippet
  api=5 type=0 insize=1330 outsize=7401 kw=POINT_COOKIE _SMOOTHNESS_TEXTURE_ALBEDO_CHANNEL_A pd=UNITY_ENABLE_REFLECTION_BUFFERS UNITY_USE_DITHER_MASK_FOR_ALPHABLENDED_SHADOWS UNITY_PBS_USE_BRDF1 UNITY_SPECCUBE_BOX_PROJECTION UNITY_SPECCUBE_BLENDING UNITY_ENABLE_DETAIL_NORMALMAP SHADER_API_DESKTOP UNITY_COLORSPACE_GAMMA UNITY_LIGHTMAP_RGBM_ENCODING ok=1
Cmd: compileSnippet
  api=9 type=0 insize=1330 outsize=8389 kw=POINT_COOKIE pd=UNITY_ENABLE_REFLECTION_BUFFERS UNITY_USE_DITHER_MASK_FOR_ALPHABLENDED_SHADOWS UNITY_PBS_USE_BRDF1 UNITY_SPECCUBE_BOX_PROJECTION UNITY_SPECCUBE_BLENDING UNITY_ENABLE_DETAIL_NORMALMAP SHADER_API_DESKTOP UNITY_COLORSPACE_GAMMA UNITY_LIGHTMAP_RGBM_ENCODING ok=1
Cmd: compileSnippet
  api=5 type=0 insize=1330 outsize=10589 kw=DIRECTIONAL_COOKIE _METALLICGLOSSMAP _PARALLAXMAP pd=UNITY_ENABLE_REFLECTION_BUFFERS UNITY_USE_DITHER_MASK_FOR_ALPHABLENDED_SHADOWS UNITY_PBS_USE_BRDF1 UNITY_SPECCUBE_BOX_PROJECTION UNITY_SPECCUBE_BLENDING UNITY_ENABLE_DETAIL_NORMALMAP SHADER_API_DESKTOP UNITY_COLORSPACE_GAMMA UNITY_LIGHTMAP_RGBM_ENCODING ok=1
Cmd: compileSnippet
  api=9 type=0 insize=1330 outsize=8111 kw=DIRECTIONAL_COOKIE _SMOOTHNESS_TEXTURE_ALBEDO_CHANNEL_A pd=UNITY_ENABLE_REFLECTION_BUFFERS UNITY_USE_DITHER_MASK_FOR_ALPHABLENDED_SHADOWS UNITY_PBS_USE_BRDF1 UNITY_SPECCUBE_BOX_PROJECTION UNITY_SPECCUBE_BLENDING UNITY_ENABLE_DETAIL_NORMALMAP SHADER_API_DESKTOP UNITY_COLORSPACE_GAMMA UNITY_LIGHTMAP_RGBM_ENCODING ok=1
Cmd: compileSnippet
  api=5 type=0 insize=1330 outsize=9373 kw=SPOT SHADOWS_DEPTH _METALLICGLOSSMAP pd=UNITY_ENABLE_REFLECTION_BUFFERS UNITY_USE_DITHER_MASK_FOR_ALPHABLENDED_SHADOWS UNITY_PBS_USE_BRDF1 UNITY_SPECCUBE_BOX_PROJECTION UNITY_SPECCUBE_BLENDING UNITY_ENABLE_DETAIL_NORMALMAP SHADER_API_DESKTOP UNITY_COLORSPACE_GAMMA UNITY_LIGHTMAP_RGBM_ENCODING ok=1
Cmd: compileSnippet
  api=9 type=0 insize=1330 outsize=13451 kw=SPOT SHADOWS_DEPTH _METALLICGLOSSMAP _PARALLAXMAP pd=UNITY_ENABLE_REFLECTION_BUFFERS UNITY_USE_DITHER_MASK_FOR_ALPHABLENDED_SHADOWS UNITY_PBS_USE_BRDF1 UNITY_SPECCUBE_BOX_PROJECTION UNITY_SPECCUBE_BLENDING UNITY_ENABLE_DETAIL_NORMALMAP SHADER_API_DESKTOP UNITY_COLORSPACE_GAMMA UNITY_LIGHTMAP_RGBM_ENCODING ok=1
Cmd: compileSnippet
  api=5 type=0 insize=1330 outsize=10429 kw=SPOT SHADOWS_DEPTH SHADOWS_SOFT _ALPHABLEND_ON pd=UNITY_ENABLE_REFLECTION_BUFFERS UNITY_USE_DITHER_MASK_FOR_ALPHABLENDED_SHADOWS UNITY_PBS_USE_BRDF1 UNITY_SPECCUBE_BOX_PROJECTION UNITY_SPECCUBE_BLENDING UNITY_ENABLE_DETAIL_NORMALMAP SHADER_API_DESKTOP UNITY_COLORSPACE_GAMMA UNITY_LIGHTMAP_RGBM_ENCODING ok=1
Cmd: compileSnippet
  api=9 type=0 insize=1330 outsize=11409 kw=SPOT SHADOWS_DEPTH SHADOWS_SOFT _METALLICGLOSSMAP pd=UNITY_ENABLE_REFLECTION_BUFFERS UNITY_USE_DITHER_MASK_FOR_ALPHABLENDED_SHADOWS UNITY_PBS_USE_BRDF1 UNITY_SPECCUBE_BOX_PROJECTION UNITY_SPECCUBE_BLENDING UNITY_ENABLE_DETAIL_NORMALMAP SHADER_API_DESKTOP UNITY_COLORSPACE_GAMMA UNITY_LIGHTMAP_RGBM_ENCODING ok=1
Cmd: compileSnippet
  api=5 type=0 insize=1330 outsize=10355 kw=SPOT SHADOWS_DEPTH SHADOWS_SOFT pd=UNITY_ENABLE_REFLECTION_BUFFERS UNITY_USE_DITHER_MASK_FOR_ALPHABLENDED_SHADOWS UNITY_PBS_USE_BRDF1 UNITY_SPECCUBE_BOX_PROJECTION UNITY_SPECCUBE_BLENDING UNITY_ENABLE_DETAIL_NORMALMAP SHADER_API_DESKTOP UNITY_COLORSPACE_GAMMA UNITY_LIGHTMAP_RGBM_ENCODING ok=1
Cmd: compileSnippet
  api=9 type=0 insize=1330 outsize=9101 kw=DIRECTIONAL SHADOWS_SCREEN _ALPHABLEND_ON pd=UNITY_ENABLE_REFLECTION_BUFFERS UNITY_USE_DITHER_MASK_FOR_ALPHABLENDED_SHADOWS UNITY_PBS_USE_BRDF1 UNITY_SPECCUBE_BOX_PROJECTION UNITY_SPECCUBE_BLENDING UNITY_ENABLE_DETAIL_NORMALMAP SHADER_API_DESKTOP UNITY_COLORSPACE_GAMMA UNITY_LIGHTMAP_RGBM_ENCODING ok=1
Cmd: compileSnippet
  api=5 type=0 insize=1330 outsize=8095 kw=DIRECTIONAL SHADOWS_SCREEN _SMOOTHNESS_TEXTURE_ALBEDO_CHANNEL_A pd=UNITY_ENABLE_REFLECTION_BUFFERS UNITY_USE_DITHER_MASK_FOR_ALPHABLENDED_SHADOWS UNITY_PBS_USE_BRDF1 UNITY_SPECCUBE_BOX_PROJECTION UNITY_SPECCUBE_BLENDING UNITY_ENABLE_DETAIL_NORMALMAP SHADER_API_DESKTOP UNITY_COLORSPACE_GAMMA UNITY_LIGHTMAP_RGBM_ENCODING ok=1
Cmd: compileSnippet
  api=9 type=0 insize=1330 outsize=9186 kw=DIRECTIONAL SHADOWS_SCREEN pd=UNITY_ENABLE_REFLECTION_BUFFERS UNITY_USE_DITHER_MASK_FOR_ALPHABLENDED_SHADOWS UNITY_PBS_USE_BRDF1 UNITY_SPECCUBE_BOX_PROJECTION UNITY_SPECCUBE_BLENDING UNITY_ENABLE_DETAIL_NORMALMAP SHADER_API_DESKTOP UNITY_COLORSPACE_GAMMA UNITY_LIGHTMAP_RGBM_ENCODING ok=1
Cmd: compileSnippet
  api=5 type=0 insize=1330 outsize=12040 kw=DIRECTIONAL_COOKIE SHADOWS_SCREEN _METALLICGLOSSMAP _PARALLAXMAP pd=UNITY_ENABLE_REFLECTION_BUFFERS UNITY_USE_DITHER_MASK_FOR_ALPHABLENDED_SHADOWS UNITY_PBS_USE_BRDF1 UNITY_SPECCUBE_BOX_PROJECTION UNITY_SPECCUBE_BLENDING UNITY_ENABLE_DETAIL_NORMALMAP SHADER_API_DESKTOP UNITY_COLORSPACE_GAMMA UNITY_LIGHTMAP_RGBM_ENCODING ok=1
Cmd: compileSnippet
  api=9 type=0 insize=1330 outsize=9700 kw=DIRECTIONAL_COOKIE SHADOWS_SCREEN _SMOOTHNESS_TEXTURE_ALBEDO_CHANNEL_A pd=UNITY_ENABLE_REFLECTION_BUFFERS UNITY_USE_DITHER_MASK_FOR_ALPHABLENDED_SHADOWS UNITY_PBS_USE_BRDF1 UNITY_SPECCUBE_BOX_PROJECTION UNITY_SPECCUBE_BLENDING UNITY_ENABLE_DETAIL_NORMALMAP SHADER_API_DESKTOP UNITY_COLORSPACE_GAMMA UNITY_LIGHTMAP_RGBM_ENCODING ok=1
Cmd: compileSnippet
  api=5 type=0 insize=1330 outsize=9102 kw=POINT SHADOWS_CUBE _METALLICGLOSSMAP pd=UNITY_ENABLE_REFLECTION_BUFFERS UNITY_USE_DITHER_MASK_FOR_ALPHABLENDED_SHADOWS UNITY_PBS_USE_BRDF1 UNITY_SPECCUBE_BOX_PROJECTION UNITY_SPECCUBE_BLENDING UNITY_ENABLE_DETAIL_NORMALMAP SHADER_API_DESKTOP UNITY_COLORSPACE_GAMMA UNITY_LIGHTMAP_RGBM_ENCODING ok=1
Cmd: compileSnippet
  api=9 type=0 insize=1330 outsize=12978 kw=POINT SHADOWS_CUBE _METALLICGLOSSMAP _PARALLAXMAP pd=UNITY_ENABLE_REFLECTION_BUFFERS UNITY_USE_DITHER_MASK_FOR_ALPHABLENDED_SHADOWS UNITY_PBS_USE_BRDF1 UNITY_SPECCUBE_BOX_PROJECTION UNITY_SPECCUBE_BLENDING UNITY_ENABLE_DETAIL_NORMALMAP SHADER_API_DESKTOP UNITY_COLORSPACE_GAMMA UNITY_LIGHTMAP_RGBM_ENCODING ok=1
Cmd: compileSnippet
  api=5 type=0 insize=1330 outsize=11166 kw=POINT SHADOWS_CUBE SHADOWS_SOFT _ALPHABLEND_ON pd=UNITY_ENABLE_REFLECTION_BUFFERS UNITY_USE_DITHER_MASK_FOR_ALPHABLENDED_SHADOWS UNITY_PBS_USE_BRDF1 UNITY_SPECCUBE_BOX_PROJECTION UNITY_SPECCUBE_BLENDING UNITY_ENABLE_DETAIL_NORMALMAP SHADER_API_DESKTOP UNITY_COLORSPACE_GAMMA UNITY_LIGHTMAP_RGBM_ENCODING ok=1
Cmd: compileSnippet
  api=9 type=0 insize=1330 outsize=11294 kw=POINT SHADOWS_CUBE SHADOWS_SOFT _METALLICGLOSSMAP pd=UNITY_ENABLE_REFLECTION_BUFFERS UNITY_USE_DITHER_MASK_FOR_ALPHABLENDED_SHADOWS UNITY_PBS_USE_BRDF1 UNITY_SPECCUBE_BOX_PROJECTION UNITY_SPECCUBE_BLENDING UNITY_ENABLE_DETAIL_NORMALMAP SHADER_API_DESKTOP UNITY_COLORSPACE_GAMMA UNITY_LIGHTMAP_RGBM_ENCODING ok=1
Cmd: compileSnippet
  api=5 type=0 insize=1330 outsize=11092 kw=POINT SHADOWS_CUBE SHADOWS_SOFT pd=UNITY_ENABLE_REFLECTION_BUFFERS UNITY_USE_DITHER_MASK_FOR_ALPHABLENDED_SHADOWS UNITY_PBS_USE_BRDF1 UNITY_SPECCUBE_BOX_PROJECTION UNITY_SPECCUBE_BLENDING UNITY_ENABLE_DETAIL_NORMALMAP SHADER_API_DESKTOP UNITY_COLORSPACE_GAMMA UNITY_LIGHTMAP_RGBM_ENCODING ok=1
Cmd: compileSnippet
  api=9 type=0 insize=1330 outsize=10205 kw=POINT_COOKIE SHADOWS_CUBE _ALPHABLEND_ON pd=UNITY_ENABLE_REFLECTION_BUFFERS UNITY_USE_DITHER_MASK_FOR_ALPHABLENDED_SHADOWS UNITY_PBS_USE_BRDF1 UNITY_SPECCUBE_BOX_PROJECTION UNITY_SPECCUBE_BLENDING UNITY_ENABLE_DETAIL_NORMALMAP SHADER_API_DESKTOP UNITY_COLORSPACE_GAMMA UNITY_LIGHTMAP_RGBM_ENCODING ok=1
Cmd: compileSnippet
  api=5 type=0 insize=1330 outsize=9113 kw=POINT_COOKIE SHADOWS_CUBE _SMOOTHNESS_TEXTURE_ALBEDO_CHANNEL_A pd=UNITY_ENABLE_REFLECTION_BUFFERS UNITY_USE_DITHER_MASK_FOR_ALPHABLENDED_SHADOWS UNITY_PBS_USE_BRDF1 UNITY_SPECCUBE_BOX_PROJECTION UNITY_SPECCUBE_BLENDING UNITY_ENABLE_DETAIL_NORMALMAP SHADER_API_DESKTOP UNITY_COLORSPACE_GAMMA UNITY_LIGHTMAP_RGBM_ENCODING ok=1
Cmd: compileSnippet
  api=9 type=0 insize=1330 outsize=10288 kw=POINT_COOKIE SHADOWS_CUBE pd=UNITY_ENABLE_REFLECTION_BUFFERS UNITY_USE_DITHER_MASK_FOR_ALPHABLENDED_SHADOWS UNITY_PBS_USE_BRDF1 UNITY_SPECCUBE_BOX_PROJECTION UNITY_SPECCUBE_BLENDING UNITY_ENABLE_DETAIL_NORMALMAP SHADER_API_DESKTOP UNITY_COLORSPACE_GAMMA UNITY_LIGHTMAP_RGBM_ENCODING ok=1
Cmd: compileSnippet
  api=5 type=0 insize=1330 outsize=14818 kw=POINT_COOKIE SHADOWS_CUBE SHADOWS_SOFT _METALLICGLOSSMAP _PARALLAXMAP pd=UNITY_ENABLE_REFLECTION_BUFFERS UNITY_USE_DITHER_MASK_FOR_ALPHABLENDED_SHADOWS UNITY_PBS_USE_BRDF1 UNITY_SPECCUBE_BOX_PROJECTION UNITY_SPECCUBE_BLENDING UNITY_ENABLE_DETAIL_NORMALMAP SHADER_API_DESKTOP UNITY_COLORSPACE_GAMMA UNITY_LIGHTMAP_RGBM_ENCODING ok=1
Cmd: compileSnippet
  api=9 type=0 insize=1330 outsize=11313 kw=POINT_COOKIE SHADOWS_CUBE SHADOWS_SOFT _SMOOTHNESS_TEXTURE_ALBEDO_CHANNEL_A pd=UNITY_ENABLE_REFLECTION_BUFFERS UNITY_USE_DITHER_MASK_FOR_ALPHABLENDED_SHADOWS UNITY_PBS_USE_BRDF1 UNITY_SPECCUBE_BOX_PROJECTION UNITY_SPECCUBE_BLENDING UNITY_ENABLE_DETAIL_NORMALMAP SHADER_API_DESKTOP UNITY_COLORSPACE_GAMMA UNITY_LIGHTMAP_RGBM_ENCODING ok=1
Cmd: compileSnippet
  api=5 type=0 insize=1330 outsize=7387 kw=POINT _METALLICGLOSSMAP pd=UNITY_ENABLE_REFLECTION_BUFFERS UNITY_USE_DITHER_MASK_FOR_ALPHABLENDED_SHADOWS UNITY_PBS_USE_BRDF1 UNITY_SPECCUBE_BOX_PROJECTION UNITY_SPECCUBE_BLENDING UNITY_ENABLE_DETAIL_NORMALMAP SHADER_API_DESKTOP UNITY_COLORSPACE_GAMMA UNITY_LIGHTMAP_RGBM_ENCODING ok=1
Cmd: compileSnippet
  api=9 type=0 insize=1330 outsize=11122 kw=POINT _METALLICGLOSSMAP _PARALLAXMAP pd=UNITY_ENABLE_REFLECTION_BUFFERS UNITY_USE_DITHER_MASK_FOR_ALPHABLENDED_SHADOWS UNITY_PBS_USE_BRDF1 UNITY_SPECCUBE_BOX_PROJECTION UNITY_SPECCUBE_BLENDING UNITY_ENABLE_DETAIL_NORMALMAP SHADER_API_DESKTOP UNITY_COLORSPACE_GAMMA UNITY_LIGHTMAP_RGBM_ENCODING ok=1
Cmd: compileSnippet
  api=5 type=1 insize=1330 outsize=0 kw=POINT pd=UNITY_ENABLE_REFLECTION_BUFFERS UNITY_USE_DITHER_MASK_FOR_ALPHABLENDED_SHADOWS UNITY_PBS_USE_BRDF1 UNITY_SPECCUBE_BOX_PROJECTION UNITY_SPECCUBE_BLENDING UNITY_ENABLE_DETAIL_NORMALMAP SHADER_API_DESKTOP UNITY_COLORSPACE_GAMMA UNITY_LIGHTMAP_RGBM_ENCODING ok=1
Cmd: compileSnippet
  api=5 type=1 insize=1330 outsize=0 kw=DIRECTIONAL _METALLICGLOSSMAP pd=UNITY_ENABLE_REFLECTION_BUFFERS UNITY_USE_DITHER_MASK_FOR_ALPHABLENDED_SHADOWS UNITY_PBS_USE_BRDF1 UNITY_SPECCUBE_BOX_PROJECTION UNITY_SPECCUBE_BLENDING UNITY_ENABLE_DETAIL_NORMALMAP SHADER_API_DESKTOP UNITY_COLORSPACE_GAMMA UNITY_LIGHTMAP_RGBM_ENCODING ok=1
Cmd: compileSnippet
  api=9 type=1 insize=1330 outsize=0 kw=DIRECTIONAL _SMOOTHNESS_TEXTURE_ALBEDO_CHANNEL_A pd=UNITY_ENABLE_REFLECTION_BUFFERS UNITY_USE_DITHER_MASK_FOR_ALPHABLENDED_SHADOWS UNITY_PBS_USE_BRDF1 UNITY_SPECCUBE_BOX_PROJECTION UNITY_SPECCUBE_BLENDING UNITY_ENABLE_DETAIL_NORMALMAP SHADER_API_DESKTOP UNITY_COLORSPACE_GAMMA UNITY_LIGHTMAP_RGBM_ENCODING ok=1
Cmd: compileSnippet
  api=5 type=1 insize=1330 outsize=0 kw=SPOT _METALLICGLOSSMAP pd=UNITY_ENABLE_REFLECTION_BUFFERS UNITY_USE_DITHER_MASK_FOR_ALPHABLENDED_SHADOWS UNITY_PBS_USE_BRDF1 UNITY_SPECCUBE_BOX_PROJECTION UNITY_SPECCUBE_BLENDING UNITY_ENABLE_DETAIL_NORMALMAP SHADER_API_DESKTOP UNITY_COLORSPACE_GAMMA UNITY_LIGHTMAP_RGBM_ENCODING ok=1
Cmd: compileSnippet
  api=9 type=1 insize=1330 outsize=0 kw=SPOT _SMOOTHNESS_TEXTURE_ALBEDO_CHANNEL_A pd=UNITY_ENABLE_REFLECTION_BUFFERS UNITY_USE_DITHER_MASK_FOR_ALPHABLENDED_SHADOWS UNITY_PBS_USE_BRDF1 UNITY_SPECCUBE_BOX_PROJECTION UNITY_SPECCUBE_BLENDING UNITY_ENABLE_DETAIL_NORMALMAP SHADER_API_DESKTOP UNITY_COLORSPACE_GAMMA UNITY_LIGHTMAP_RGBM_ENCODING ok=1
Cmd: compileSnippet
  api=5 type=1 insize=1330 outsize=0 kw=SPOT pd=UNITY_ENABLE_REFLECTION_BUFFERS UNITY_USE_DITHER_MASK_FOR_ALPHABLENDED_SHADOWS UNITY_PBS_USE_BRDF1 UNITY_SPECCUBE_BOX_PROJECTION UNITY_SPECCUBE_BLENDING UNITY_ENABLE_DETAIL_NORMALMAP SHADER_API_DESKTOP UNITY_COLORSPACE_GAMMA UNITY_LIGHTMAP_RGBM_ENCODING ok=1
Cmd: compileSnippet
  api=5 type=1 insize=1330 outsize=0 kw=POINT_COOKIE _METALLICGLOSSMAP pd=UNITY_ENABLE_REFLECTION_BUFFERS UNITY_USE_DITHER_MASK_FOR_ALPHABLENDED_SHADOWS UNITY_PBS_USE_BRDF1 UNITY_SPECCUBE_BOX_PROJECTION UNITY_SPECCUBE_BLENDING UNITY_ENABLE_DETAIL_NORMALMAP SHADER_API_DESKTOP UNITY_COLORSPACE_GAMMA UNITY_LIGHTMAP_RGBM_ENCODING ok=1
Cmd: compileSnippet
  api=5 type=1 insize=1330 outsize=0 kw=POINT_COOKIE _SMOOTHNESS_TEXTURE_ALBEDO_CHANNEL_A pd=UNITY_ENABLE_REFLECTION_BUFFERS UNITY_USE_DITHER_MASK_FOR_ALPHABLENDED_SHADOWS UNITY_PBS_USE_BRDF1 UNITY_SPECCUBE_BOX_PROJECTION UNITY_SPECCUBE_BLENDING UNITY_ENABLE_DETAIL_NORMALMAP SHADER_API_DESKTOP UNITY_COLORSPACE_GAMMA UNITY_LIGHTMAP_RGBM_ENCODING ok=1
Cmd: compileSnippet
  api=9 type=1 insize=1330 outsize=0 kw=DIRECTIONAL_COOKIE _METALLICGLOSSMAP pd=UNITY_ENABLE_REFLECTION_BUFFERS UNITY_USE_DITHER_MASK_FOR_ALPHABLENDED_SHADOWS UNITY_PBS_USE_BRDF1 UNITY_SPECCUBE_BOX_PROJECTION UNITY_SPECCUBE_BLENDING UNITY_ENABLE_DETAIL_NORMALMAP SHADER_API_DESKTOP UNITY_COLORSPACE_GAMMA UNITY_LIGHTMAP_RGBM_ENCODING ok=1
Cmd: compileSnippet
  api=9 type=1 insize=1330 outsize=0 kw=DIRECTIONAL_COOKIE _METALLICGLOSSMAP _PARALLAXMAP pd=UNITY_ENABLE_REFLECTION_BUFFERS UNITY_USE_DITHER_MASK_FOR_ALPHABLENDED_SHADOWS UNITY_PBS_USE_BRDF1 UNITY_SPECCUBE_BOX_PROJECTION UNITY_SPECCUBE_BLENDING UNITY_ENABLE_DETAIL_NORMALMAP SHADER_API_DESKTOP UNITY_COLORSPACE_GAMMA UNITY_LIGHTMAP_RGBM_ENCODING ok=1
Cmd: compileSnippet
  api=5 type=1 insize=1330 outsize=0 kw=SPOT SHADOWS_DEPTH _ALPHABLEND_ON pd=UNITY_ENABLE_REFLECTION_BUFFERS UNITY_USE_DITHER_MASK_FOR_ALPHABLENDED_SHADOWS UNITY_PBS_USE_BRDF1 UNITY_SPECCUBE_BOX_PROJECTION UNITY_SPECCUBE_BLENDING UNITY_ENABLE_DETAIL_NORMALMAP SHADER_API_DESKTOP UNITY_COLORSPACE_GAMMA UNITY_LIGHTMAP_RGBM_ENCODING ok=1
Cmd: compileSnippet
  api=9 type=1 insize=1330 outsize=0 kw=SPOT SHADOWS_DEPTH _METALLICGLOSSMAP pd=UNITY_ENABLE_REFLECTION_BUFFERS UNITY_USE_DITHER_MASK_FOR_ALPHABLENDED_SHADOWS UNITY_PBS_USE_BRDF1 UNITY_SPECCUBE_BOX_PROJECTION UNITY_SPECCUBE_BLENDING UNITY_ENABLE_DETAIL_NORMALMAP SHADER_API_DESKTOP UNITY_COLORSPACE_GAMMA UNITY_LIGHTMAP_RGBM_ENCODING ok=1
Cmd: compileSnippet
  api=9 type=1 insize=1330 outsize=0 kw=SPOT SHADOWS_DEPTH _SMOOTHNESS_TEXTURE_ALBEDO_CHANNEL_A pd=UNITY_ENABLE_REFLECTION_BUFFERS UNITY_USE_DITHER_MASK_FOR_ALPHABLENDED_SHADOWS UNITY_PBS_USE_BRDF1 UNITY_SPECCUBE_BOX_PROJECTION UNITY_SPECCUBE_BLENDING UNITY_ENABLE_DETAIL_NORMALMAP SHADER_API_DESKTOP UNITY_COLORSPACE_GAMMA UNITY_LIGHTMAP_RGBM_ENCODING ok=1
Cmd: compileSnippet
  api=9 type=1 insize=1330 outsize=0 kw=SPOT SHADOWS_DEPTH SHADOWS_SOFT _ALPHABLEND_ON pd=UNITY_ENABLE_REFLECTION_BUFFERS UNITY_USE_DITHER_MASK_FOR_ALPHABLENDED_SHADOWS UNITY_PBS_USE_BRDF1 UNITY_SPECCUBE_BOX_PROJECTION UNITY_SPECCUBE_BLENDING UNITY_ENABLE_DETAIL_NORMALMAP SHADER_API_DESKTOP UNITY_COLORSPACE_GAMMA UNITY_LIGHTMAP_RGBM_ENCODING ok=1
Cmd: compileSnippet
  api=5 type=1 insize=1330 outsize=0 kw=SPOT SHADOWS_DEPTH SHADOWS_SOFT _METALLICGLOSSMAP _PARALLAXMAP pd=UNITY_ENABLE_REFLECTION_BUFFERS UNITY_USE_DITHER_MASK_FOR_ALPHABLENDED_SHADOWS UNITY_PBS_USE_BRDF1 UNITY_SPECCUBE_BOX_PROJECTION UNITY_SPECCUBE_BLENDING UNITY_ENABLE_DETAIL_NORMALMAP SHADER_API_DESKTOP UNITY_COLORSPACE_GAMMA UNITY_LIGHTMAP_RGBM_ENCODING ok=1
Cmd: compileSnippet
  api=5 type=1 insize=1330 outsize=0 kw=SPOT SHADOWS_DEPTH SHADOWS_SOFT pd=UNITY_ENABLE_REFLECTION_BUFFERS UNITY_USE_DITHER_MASK_FOR_ALPHABLENDED_SHADOWS UNITY_PBS_USE_BRDF1 UNITY_SPECCUBE_BOX_PROJECTION UNITY_SPECCUBE_BLENDING UNITY_ENABLE_DETAIL_NORMALMAP SHADER_API_DESKTOP UNITY_COLORSPACE_GAMMA UNITY_LIGHTMAP_RGBM_ENCODING ok=1
Cmd: compileSnippet
  api=5 type=1 insize=1330 outsize=0 kw=DIRECTIONAL SHADOWS_SCREEN _METALLICGLOSSMAP pd=UNITY_ENABLE_REFLECTION_BUFFERS UNITY_USE_DITHER_MASK_FOR_ALPHABLENDED_SHADOWS UNITY_PBS_USE_BRDF1 UNITY_SPECCUBE_BOX_PROJECTION UNITY_SPECCUBE_BLENDING UNITY_ENABLE_DETAIL_NORMALMAP SHADER_API_DESKTOP UNITY_COLORSPACE_GAMMA UNITY_LIGHTMAP_RGBM_ENCODING ok=1
Cmd: compileSnippet
  api=5 type=1 insize=1330 outsize=0 kw=DIRECTIONAL SHADOWS_SCREEN _SMOOTHNESS_TEXTURE_ALBEDO_CHANNEL_A pd=UNITY_ENABLE_REFLECTION_BUFFERS UNITY_USE_DITHER_MASK_FOR_ALPHABLENDED_SHADOWS UNITY_PBS_USE_BRDF1 UNITY_SPECCUBE_BOX_PROJECTION UNITY_SPECCUBE_BLENDING UNITY_ENABLE_DETAIL_NORMALMAP SHADER_API_DESKTOP UNITY_COLORSPACE_GAMMA UNITY_LIGHTMAP_RGBM_ENCODING ok=1
Cmd: compileSnippet
  api=9 type=1 insize=1330 outsize=0 kw=DIRECTIONAL_COOKIE SHADOWS_SCREEN _METALLICGLOSSMAP pd=UNITY_ENABLE_REFLECTION_BUFFERS UNITY_USE_DITHER_MASK_FOR_ALPHABLENDED_SHADOWS UNITY_PBS_USE_BRDF1 UNITY_SPECCUBE_BOX_PROJECTION UNITY_SPECCUBE_BLENDING UNITY_ENABLE_DETAIL_NORMALMAP SHADER_API_DESKTOP UNITY_COLORSPACE_GAMMA UNITY_LIGHTMAP_RGBM_ENCODING ok=1
Cmd: compileSnippet
  api=9 type=1 insize=1330 outsize=0 kw=DIRECTIONAL_COOKIE SHADOWS_SCREEN _SMOOTHNESS_TEXTURE_ALBEDO_CHANNEL_A pd=UNITY_ENABLE_REFLECTION_BUFFERS UNITY_USE_DITHER_MASK_FOR_ALPHABLENDED_SHADOWS UNITY_PBS_USE_BRDF1 UNITY_SPECCUBE_BOX_PROJECTION UNITY_SPECCUBE_BLENDING UNITY_ENABLE_DETAIL_NORMALMAP SHADER_API_DESKTOP UNITY_COLORSPACE_GAMMA UNITY_LIGHTMAP_RGBM_ENCODING ok=1
Cmd: compileSnippet
  api=9 type=1 insize=1330 outsize=0 kw=POINT SHADOWS_CUBE _ALPHABLEND_ON pd=UNITY_ENABLE_REFLECTION_BUFFERS UNITY_USE_DITHER_MASK_FOR_ALPHABLENDED_SHADOWS UNITY_PBS_USE_BRDF1 UNITY_SPECCUBE_BOX_PROJECTION UNITY_SPECCUBE_BLENDING UNITY_ENABLE_DETAIL_NORMALMAP SHADER_API_DESKTOP UNITY_COLORSPACE_GAMMA UNITY_LIGHTMAP_RGBM_ENCODING ok=1
Cmd: compileSnippet
  api=9 type=1 insize=1330 outsize=0 kw=POINT SHADOWS_CUBE _METALLICGLOSSMAP _PARALLAXMAP pd=UNITY_ENABLE_REFLECTION_BUFFERS UNITY_USE_DITHER_MASK_FOR_ALPHABLENDED_SHADOWS UNITY_PBS_USE_BRDF1 UNITY_SPECCUBE_BOX_PROJECTION UNITY_SPECCUBE_BLENDING UNITY_ENABLE_DETAIL_NORMALMAP SHADER_API_DESKTOP UNITY_COLORSPACE_GAMMA UNITY_LIGHTMAP_RGBM_ENCODING ok=1
Cmd: compileSnippet
  api=9 type=1 insize=1330 outsize=0 kw=POINT SHADOWS_CUBE pd=UNITY_ENABLE_REFLECTION_BUFFERS UNITY_USE_DITHER_MASK_FOR_ALPHABLENDED_SHADOWS UNITY_PBS_USE_BRDF1 UNITY_SPECCUBE_BOX_PROJECTION UNITY_SPECCUBE_BLENDING UNITY_ENABLE_DETAIL_NORMALMAP SHADER_API_DESKTOP UNITY_COLORSPACE_GAMMA UNITY_LIGHTMAP_RGBM_ENCODING ok=1
Cmd: compileSnippet
  api=9 type=1 insize=1330 outsize=0 kw=POINT SHADOWS_CUBE SHADOWS_SOFT _ALPHABLEND_ON pd=UNITY_ENABLE_REFLECTION_BUFFERS UNITY_USE_DITHER_MASK_FOR_ALPHABLENDED_SHADOWS UNITY_PBS_USE_BRDF1 UNITY_SPECCUBE_BOX_PROJECTION UNITY_SPECCUBE_BLENDING UNITY_ENABLE_DETAIL_NORMALMAP SHADER_API_DESKTOP UNITY_COLORSPACE_GAMMA UNITY_LIGHTMAP_RGBM_ENCODING ok=1
Cmd: compileSnippet
  api=9 type=1 insize=1330 outsize=0 kw=POINT SHADOWS_CUBE SHADOWS_SOFT _SMOOTHNESS_TEXTURE_ALBEDO_CHANNEL_A pd=UNITY_ENABLE_REFLECTION_BUFFERS UNITY_USE_DITHER_MASK_FOR_ALPHABLENDED_SHADOWS UNITY_PBS_USE_BRDF1 UNITY_SPECCUBE_BOX_PROJECTION UNITY_SPECCUBE_BLENDING UNITY_ENABLE_DETAIL_NORMALMAP SHADER_API_DESKTOP UNITY_COLORSPACE_GAMMA UNITY_LIGHTMAP_RGBM_ENCODING ok=1
Cmd: compileSnippet
  api=9 type=1 insize=1330 outsize=0 kw=POINT_COOKIE SHADOWS_CUBE _ALPHABLEND_ON pd=UNITY_ENABLE_REFLECTION_BUFFERS UNITY_USE_DITHER_MASK_FOR_ALPHABLENDED_SHADOWS UNITY_PBS_USE_BRDF1 UNITY_SPECCUBE_BOX_PROJECTION UNITY_SPECCUBE_BLENDING UNITY_ENABLE_DETAIL_NORMALMAP SHADER_API_DESKTOP UNITY_COLORSPACE_GAMMA UNITY_LIGHTMAP_RGBM_ENCODING ok=1
Cmd: compileSnippet
  api=9 type=1 insize=1330 outsize=0 kw=POINT_COOKIE SHADOWS_CUBE _METALLICGLOSSMAP _PARALLAXMAP pd=UNITY_ENABLE_REFLECTION_BUFFERS UNITY_USE_DITHER_MASK_FOR_ALPHABLENDED_SHADOWS UNITY_PBS_USE_BRDF1 UNITY_SPECCUBE_BOX_PROJECTION UNITY_SPECCUBE_BLENDING UNITY_ENABLE_DETAIL_NORMALMAP SHADER_API_DESKTOP UNITY_COLORSPACE_GAMMA UNITY_LIGHTMAP_RGBM_ENCODING ok=1
Cmd: compileSnippet
  api=5 type=1 insize=1330 outsize=0 kw=POINT_COOKIE SHADOWS_CUBE pd=UNITY_ENABLE_REFLECTION_BUFFERS UNITY_USE_DITHER_MASK_FOR_ALPHABLENDED_SHADOWS UNITY_PBS_USE_BRDF1 UNITY_SPECCUBE_BOX_PROJECTION UNITY_SPECCUBE_BLENDING UNITY_ENABLE_DETAIL_NORMALMAP SHADER_API_DESKTOP UNITY_COLORSPACE_GAMMA UNITY_LIGHTMAP_RGBM_ENCODING ok=1
Cmd: compileSnippet
  api=5 type=1 insize=1330 outsize=0 kw=POINT_COOKIE SHADOWS_CUBE SHADOWS_SOFT _METALLICGLOSSMAP pd=UNITY_ENABLE_REFLECTION_BUFFERS UNITY_USE_DITHER_MASK_FOR_ALPHABLENDED_SHADOWS UNITY_PBS_USE_BRDF1 UNITY_SPECCUBE_BOX_PROJECTION UNITY_SPECCUBE_BLENDING UNITY_ENABLE_DETAIL_NORMALMAP SHADER_API_DESKTOP UNITY_COLORSPACE_GAMMA UNITY_LIGHTMAP_RGBM_ENCODING ok=1
Cmd: compileSnippet
  api=5 type=1 insize=1330 outsize=0 kw=POINT_COOKIE SHADOWS_CUBE SHADOWS_SOFT _SMOOTHNESS_TEXTURE_ALBEDO_CHANNEL_A pd=UNITY_ENABLE_REFLECTION_BUFFERS UNITY_USE_DITHER_MASK_FOR_ALPHABLENDED_SHADOWS UNITY_PBS_USE_BRDF1 UNITY_SPECCUBE_BOX_PROJECTION UNITY_SPECCUBE_BLENDING UNITY_ENABLE_DETAIL_NORMALMAP SHADER_API_DESKTOP UNITY_COLORSPACE_GAMMA UNITY_LIGHTMAP_RGBM_ENCODING ok=1
Cmd: compileSnippet
  api=5 type=1 insize=1330 outsize=0 kw=POINT _ALPHABLEND_ON pd=UNITY_ENABLE_REFLECTION_BUFFERS UNITY_USE_DITHER_MASK_FOR_ALPHABLENDED_SHADOWS UNITY_PBS_USE_BRDF1 UNITY_SPECCUBE_BOX_PROJECTION UNITY_SPECCUBE_BLENDING UNITY_ENABLE_DETAIL_NORMALMAP SHADER_API_DESKTOP UNITY_COLORSPACE_GAMMA UNITY_LIGHTMAP_RGBM_ENCODING ok=1
Cmd: compileSnippet
  api=5 type=1 insize=1330 outsize=0 kw=POINT _METALLICGLOSSMAP _PARALLAXMAP pd=UNITY_ENABLE_REFLECTION_BUFFERS UNITY_USE_DITHER_MASK_FOR_ALPHABLENDED_SHADOWS UNITY_PBS_USE_BRDF1 UNITY_SPECCUBE_BOX_PROJECTION UNITY_SPECCUBE_BLENDING UNITY_ENABLE_DETAIL_NORMALMAP SHADER_API_DESKTOP UNITY_COLORSPACE_GAMMA UNITY_LIGHTMAP_RGBM_ENCODING ok=1
Cmd: compileSnippet
  api=5 type=0 insize=1110 outsize=1400 kw=SHADOWS_DEPTH pd=UNITY_ENABLE_REFLECTION_BUFFERS UNITY_USE_DITHER_MASK_FOR_ALPHABLENDED_SHADOWS UNITY_PBS_USE_BRDF1 UNITY_SPECCUBE_BOX_PROJECTION UNITY_SPECCUBE_BLENDING UNITY_ENABLE_DETAIL_NORMALMAP SHADER_API_DESKTOP UNITY_COLORSPACE_GAMMA UNITY_LIGHTMAP_RGBM_ENCODING ok=1
Cmd: compileSnippet
  api=5 type=0 insize=1110 outsize=974 kw=SHADOWS_CUBE _METALLICGLOSSMAP pd=UNITY_ENABLE_REFLECTION_BUFFERS UNITY_USE_DITHER_MASK_FOR_ALPHABLENDED_SHADOWS UNITY_PBS_USE_BRDF1 UNITY_SPECCUBE_BOX_PROJECTION UNITY_SPECCUBE_BLENDING UNITY_ENABLE_DETAIL_NORMALMAP SHADER_API_DESKTOP UNITY_COLORSPACE_GAMMA UNITY_LIGHTMAP_RGBM_ENCODING ok=1
Cmd: compileSnippet
  api=5 type=0 insize=1110 outsize=974 kw=SHADOWS_CUBE pd=UNITY_ENABLE_REFLECTION_BUFFERS UNITY_USE_DITHER_MASK_FOR_ALPHABLENDED_SHADOWS UNITY_PBS_USE_BRDF1 UNITY_SPECCUBE_BOX_PROJECTION UNITY_SPECCUBE_BLENDING UNITY_ENABLE_DETAIL_NORMALMAP SHADER_API_DESKTOP UNITY_COLORSPACE_GAMMA UNITY_LIGHTMAP_RGBM_ENCODING ok=1
Cmd: compileSnippet
  api=9 type=0 insize=1110 outsize=3499 kw=SHADOWS_DEPTH _ALPHABLEND_ON pd=UNITY_ENABLE_REFLECTION_BUFFERS UNITY_USE_DITHER_MASK_FOR_ALPHABLENDED_SHADOWS UNITY_PBS_USE_BRDF1 UNITY_SPECCUBE_BOX_PROJECTION UNITY_SPECCUBE_BLENDING UNITY_ENABLE_DETAIL_NORMALMAP SHADER_API_DESKTOP UNITY_COLORSPACE_GAMMA UNITY_LIGHTMAP_RGBM_ENCODING ok=1
Cmd: compileSnippet
  api=5 type=1 insize=1110 outsize=0 kw=SHADOWS_DEPTH pd=UNITY_ENABLE_REFLECTION_BUFFERS UNITY_USE_DITHER_MASK_FOR_ALPHABLENDED_SHADOWS UNITY_PBS_USE_BRDF1 UNITY_SPECCUBE_BOX_PROJECTION UNITY_SPECCUBE_BLENDING UNITY_ENABLE_DETAIL_NORMALMAP SHADER_API_DESKTOP UNITY_COLORSPACE_GAMMA UNITY_LIGHTMAP_RGBM_ENCODING ok=1
Cmd: compileSnippet
  api=5 type=1 insize=1110 outsize=0 kw=SHADOWS_CUBE _METALLICGLOSSMAP pd=UNITY_ENABLE_REFLECTION_BUFFERS UNITY_USE_DITHER_MASK_FOR_ALPHABLENDED_SHADOWS UNITY_PBS_USE_BRDF1 UNITY_SPECCUBE_BOX_PROJECTION UNITY_SPECCUBE_BLENDING UNITY_ENABLE_DETAIL_NORMALMAP SHADER_API_DESKTOP UNITY_COLORSPACE_GAMMA UNITY_LIGHTMAP_RGBM_ENCODING ok=1
Cmd: compileSnippet
  api=5 type=1 insize=1110 outsize=0 kw=SHADOWS_CUBE pd=UNITY_ENABLE_REFLECTION_BUFFERS UNITY_USE_DITHER_MASK_FOR_ALPHABLENDED_SHADOWS UNITY_PBS_USE_BRDF1 UNITY_SPECCUBE_BOX_PROJECTION UNITY_SPECCUBE_BLENDING UNITY_ENABLE_DETAIL_NORMALMAP SHADER_API_DESKTOP UNITY_COLORSPACE_GAMMA UNITY_LIGHTMAP_RGBM_ENCODING ok=1
Cmd: compileSnippet
  api=5 type=1 insize=1110 outsize=0 kw=SHADOWS_DEPTH _METALLICGLOSSMAP pd=UNITY_ENABLE_REFLECTION_BUFFERS UNITY_USE_DITHER_MASK_FOR_ALPHABLENDED_SHADOWS UNITY_PBS_USE_BRDF1 UNITY_SPECCUBE_BOX_PROJECTION UNITY_SPECCUBE_BLENDING UNITY_ENABLE_DETAIL_NORMALMAP SHADER_API_DESKTOP UNITY_COLORSPACE_GAMMA UNITY_LIGHTMAP_RGBM_ENCODING ok=1
Cmd: compileSnippet
  api=5 type=0 insize=1424 outsize=3641 kw= pd=UNITY_ENABLE_REFLECTION_BUFFERS UNITY_USE_DITHER_MASK_FOR_ALPHABLENDED_SHADOWS UNITY_PBS_USE_BRDF1 UNITY_SPECCUBE_BOX_PROJECTION UNITY_SPECCUBE_BLENDING UNITY_ENABLE_DETAIL_NORMALMAP SHADER_API_DESKTOP UNITY_COLORSPACE_GAMMA UNITY_LIGHTMAP_RGBM_ENCODING ok=1
Cmd: compileSnippet
  api=5 type=0 insize=1424 outsize=5160 kw=LIGHTPROBE_SH _ALPHABLEND_ON pd=UNITY_ENABLE_REFLECTION_BUFFERS UNITY_USE_DITHER_MASK_FOR_ALPHABLENDED_SHADOWS UNITY_PBS_USE_BRDF1 UNITY_SPECCUBE_BOX_PROJECTION UNITY_SPECCUBE_BLENDING UNITY_ENABLE_DETAIL_NORMALMAP SHADER_API_DESKTOP UNITY_COLORSPACE_GAMMA UNITY_LIGHTMAP_RGBM_ENCODING ok=1
Cmd: compileSnippet
  api=5 type=0 insize=1424 outsize=5258 kw=LIGHTPROBE_SH _METALLICGLOSSMAP pd=UNITY_ENABLE_REFLECTION_BUFFERS UNITY_USE_DITHER_MASK_FOR_ALPHABLENDED_SHADOWS UNITY_PBS_USE_BRDF1 UNITY_SPECCUBE_BOX_PROJECTION UNITY_SPECCUBE_BLENDING UNITY_ENABLE_DETAIL_NORMALMAP SHADER_API_DESKTOP UNITY_COLORSPACE_GAMMA UNITY_LIGHTMAP_RGBM_ENCODING ok=1
Cmd: compileSnippet
  api=5 type=0 insize=1424 outsize=8974 kw=LIGHTPROBE_SH _METALLICGLOSSMAP _PARALLAXMAP pd=UNITY_ENABLE_REFLECTION_BUFFERS UNITY_USE_DITHER_MASK_FOR_ALPHABLENDED_SHADOWS UNITY_PBS_USE_BRDF1 UNITY_SPECCUBE_BOX_PROJECTION UNITY_SPECCUBE_BLENDING UNITY_ENABLE_DETAIL_NORMALMAP SHADER_API_DESKTOP UNITY_COLORSPACE_GAMMA UNITY_LIGHTMAP_RGBM_ENCODING ok=1
Cmd: compileSnippet
  api=5 type=0 insize=1424 outsize=5181 kw=LIGHTPROBE_SH _SMOOTHNESS_TEXTURE_ALBEDO_CHANNEL_A pd=UNITY_ENABLE_REFLECTION_BUFFERS UNITY_USE_DITHER_MASK_FOR_ALPHABLENDED_SHADOWS UNITY_PBS_USE_BRDF1 UNITY_SPECCUBE_BOX_PROJECTION UNITY_SPECCUBE_BLENDING UNITY_ENABLE_DETAIL_NORMALMAP SHADER_API_DESKTOP UNITY_COLORSPACE_GAMMA UNITY_LIGHTMAP_RGBM_ENCODING ok=1
Cmd: compileSnippet
  api=9 type=0 insize=1424 outsize=6112 kw=LIGHTPROBE_SH _EMISSION _SMOOTHNESS_TEXTURE_ALBEDO_CHANNEL_A pd=UNITY_ENABLE_REFLECTION_BUFFERS UNITY_USE_DITHER_MASK_FOR_ALPHABLENDED_SHADOWS UNITY_PBS_USE_BRDF1 UNITY_SPECCUBE_BOX_PROJECTION UNITY_SPECCUBE_BLENDING UNITY_ENABLE_DETAIL_NORMALMAP SHADER_API_DESKTOP UNITY_COLORSPACE_GAMMA UNITY_LIGHTMAP_RGBM_ENCODING ok=1
Cmd: compileSnippet
  api=9 type=0 insize=1424 outsize=5392 kw=DYNAMICLIGHTMAP_ON _EMISSION pd=UNITY_ENABLE_REFLECTION_BUFFERS UNITY_USE_DITHER_MASK_FOR_ALPHABLENDED_SHADOWS UNITY_PBS_USE_BRDF1 UNITY_SPECCUBE_BOX_PROJECTION UNITY_SPECCUBE_BLENDING UNITY_ENABLE_DETAIL_NORMALMAP SHADER_API_DESKTOP UNITY_COLORSPACE_GAMMA UNITY_LIGHTMAP_RGBM_ENCODING ok=1
Cmd: compileSnippet
  api=5 type=0 insize=1424 outsize=4622 kw=DYNAMICLIGHTMAP_ON _METALLICGLOSSMAP pd=UNITY_ENABLE_REFLECTION_BUFFERS UNITY_USE_DITHER_MASK_FOR_ALPHABLENDED_SHADOWS UNITY_PBS_USE_BRDF1 UNITY_SPECCUBE_BOX_PROJECTION UNITY_SPECCUBE_BLENDING UNITY_ENABLE_DETAIL_NORMALMAP SHADER_API_DESKTOP UNITY_COLORSPACE_GAMMA UNITY_LIGHTMAP_RGBM_ENCODING ok=1
Cmd: compileSnippet
  api=9 type=0 insize=1424 outsize=5497 kw=DYNAMICLIGHTMAP_ON _EMISSION _METALLICGLOSSMAP pd=UNITY_ENABLE_REFLECTION_BUFFERS UNITY_USE_DITHER_MASK_FOR_ALPHABLENDED_SHADOWS UNITY_PBS_USE_BRDF1 UNITY_SPECCUBE_BOX_PROJECTION UNITY_SPECCUBE_BLENDING UNITY_ENABLE_DETAIL_NORMALMAP SHADER_API_DESKTOP UNITY_COLORSPACE_GAMMA UNITY_LIGHTMAP_RGBM_ENCODING ok=1
Cmd: compileSnippet
  api=9 type=0 insize=1424 outsize=8066 kw=DYNAMICLIGHTMAP_ON _EMISSION _METALLICGLOSSMAP _PARALLAXMAP pd=UNITY_ENABLE_REFLECTION_BUFFERS UNITY_USE_DITHER_MASK_FOR_ALPHABLENDED_SHADOWS UNITY_PBS_USE_BRDF1 UNITY_SPECCUBE_BOX_PROJECTION UNITY_SPECCUBE_BLENDING UNITY_ENABLE_DETAIL_NORMALMAP SHADER_API_DESKTOP UNITY_COLORSPACE_GAMMA UNITY_LIGHTMAP_RGBM_ENCODING ok=1
Cmd: compileSnippet
  api=5 type=0 insize=1424 outsize=4522 kw=DYNAMICLIGHTMAP_ON pd=UNITY_ENABLE_REFLECTION_BUFFERS UNITY_USE_DITHER_MASK_FOR_ALPHABLENDED_SHADOWS UNITY_PBS_USE_BRDF1 UNITY_SPECCUBE_BOX_PROJECTION UNITY_SPECCUBE_BLENDING UNITY_ENABLE_DETAIL_NORMALMAP SHADER_API_DESKTOP UNITY_COLORSPACE_GAMMA UNITY_LIGHTMAP_RGBM_ENCODING ok=1
Cmd: compileSnippet
  api=5 type=0 insize=1424 outsize=6736 kw=DIRLIGHTMAP_COMBINED DYNAMICLIGHTMAP_ON _ALPHABLEND_ON pd=UNITY_ENABLE_REFLECTION_BUFFERS UNITY_USE_DITHER_MASK_FOR_ALPHABLENDED_SHADOWS UNITY_PBS_USE_BRDF1 UNITY_SPECCUBE_BOX_PROJECTION UNITY_SPECCUBE_BLENDING UNITY_ENABLE_DETAIL_NORMALMAP SHADER_API_DESKTOP UNITY_COLORSPACE_GAMMA UNITY_LIGHTMAP_RGBM_ENCODING ok=1
Cmd: compileSnippet
  api=9 type=0 insize=1424 outsize=6680 kw=DIRLIGHTMAP_COMBINED DYNAMICLIGHTMAP_ON _EMISSION _ALPHABLEND_ON pd=UNITY_ENABLE_REFLECTION_BUFFERS UNITY_USE_DITHER_MASK_FOR_ALPHABLENDED_SHADOWS UNITY_PBS_USE_BRDF1 UNITY_SPECCUBE_BOX_PROJECTION UNITY_SPECCUBE_BLENDING UNITY_ENABLE_DETAIL_NORMALMAP SHADER_API_DESKTOP UNITY_COLORSPACE_GAMMA UNITY_LIGHTMAP_RGBM_ENCODING ok=1
Cmd: compileSnippet
  api=5 type=0 insize=1424 outsize=8942 kw=DIRLIGHTMAP_COMBINED DYNAMICLIGHTMAP_ON _METALLICGLOSSMAP _PARALLAXMAP pd=UNITY_ENABLE_REFLECTION_BUFFERS UNITY_USE_DITHER_MASK_FOR_ALPHABLENDED_SHADOWS UNITY_PBS_USE_BRDF1 UNITY_SPECCUBE_BOX_PROJECTION UNITY_SPECCUBE_BLENDING UNITY_ENABLE_DETAIL_NORMALMAP SHADER_API_DESKTOP UNITY_COLORSPACE_GAMMA UNITY_LIGHTMAP_RGBM_ENCODING ok=1
Cmd: compileSnippet
  api=9 type=0 insize=1424 outsize=8618 kw=DIRLIGHTMAP_COMBINED DYNAMICLIGHTMAP_ON _EMISSION _METALLICGLOSSMAP _PARALLAXMAP pd=UNITY_ENABLE_REFLECTION_BUFFERS UNITY_USE_DITHER_MASK_FOR_ALPHABLENDED_SHADOWS UNITY_PBS_USE_BRDF1 UNITY_SPECCUBE_BOX_PROJECTION UNITY_SPECCUBE_BLENDING UNITY_ENABLE_DETAIL_NORMALMAP SHADER_API_DESKTOP UNITY_COLORSPACE_GAMMA UNITY_LIGHTMAP_RGBM_ENCODING ok=1
Cmd: compileSnippet
  api=5 type=0 insize=1424 outsize=6736 kw=DIRLIGHTMAP_COMBINED DYNAMICLIGHTMAP_ON pd=UNITY_ENABLE_REFLECTION_BUFFERS UNITY_USE_DITHER_MASK_FOR_ALPHABLENDED_SHADOWS UNITY_PBS_USE_BRDF1 UNITY_SPECCUBE_BOX_PROJECTION UNITY_SPECCUBE_BLENDING UNITY_ENABLE_DETAIL_NORMALMAP SHADER_API_DESKTOP UNITY_COLORSPACE_GAMMA UNITY_LIGHTMAP_RGBM_ENCODING ok=1
Cmd: compileSnippet
  api=5 type=0 insize=1424 outsize=5231 kw=LIGHTPROBE_SH UNITY_HDR_ON _ALPHABLEND_ON pd=UNITY_ENABLE_REFLECTION_BUFFERS UNITY_USE_DITHER_MASK_FOR_ALPHABLENDED_SHADOWS UNITY_PBS_USE_BRDF1 UNITY_SPECCUBE_BOX_PROJECTION UNITY_SPECCUBE_BLENDING UNITY_ENABLE_DETAIL_NORMALMAP SHADER_API_DESKTOP UNITY_COLORSPACE_GAMMA UNITY_LIGHTMAP_RGBM_ENCODING ok=1
Cmd: compileSnippet
  api=9 type=0 insize=1424 outsize=6048 kw=LIGHTPROBE_SH _EMISSION UNITY_HDR_ON _ALPHABLEND_ON pd=UNITY_ENABLE_REFLECTION_BUFFERS UNITY_USE_DITHER_MASK_FOR_ALPHABLENDED_SHADOWS UNITY_PBS_USE_BRDF1 UNITY_SPECCUBE_BOX_PROJECTION UNITY_SPECCUBE_BLENDING UNITY_ENABLE_DETAIL_NORMALMAP SHADER_API_DESKTOP UNITY_COLORSPACE_GAMMA UNITY_LIGHTMAP_RGBM_ENCODING ok=1
Cmd: compileSnippet
  api=9 type=0 insize=1424 outsize=6153 kw=LIGHTPROBE_SH _EMISSION UNITY_HDR_ON _METALLICGLOSSMAP pd=UNITY_ENABLE_REFLECTION_BUFFERS UNITY_USE_DITHER_MASK_FOR_ALPHABLENDED_SHADOWS UNITY_PBS_USE_BRDF1 UNITY_SPECCUBE_BOX_PROJECTION UNITY_SPECCUBE_BLENDING UNITY_ENABLE_DETAIL_NORMALMAP SHADER_API_DESKTOP UNITY_COLORSPACE_GAMMA UNITY_LIGHTMAP_RGBM_ENCODING ok=1
Cmd: compileSnippet
  api=5 type=0 insize=1424 outsize=5252 kw=LIGHTPROBE_SH UNITY_HDR_ON _SMOOTHNESS_TEXTURE_ALBEDO_CHANNEL_A pd=UNITY_ENABLE_REFLECTION_BUFFERS UNITY_USE_DITHER_MASK_FOR_ALPHABLENDED_SHADOWS UNITY_PBS_USE_BRDF1 UNITY_SPECCUBE_BOX_PROJECTION UNITY_SPECCUBE_BLENDING UNITY_ENABLE_DETAIL_NORMALMAP SHADER_API_DESKTOP UNITY_COLORSPACE_GAMMA UNITY_LIGHTMAP_RGBM_ENCODING ok=1
Cmd: compileSnippet
  api=9 type=0 insize=1424 outsize=6066 kw=LIGHTPROBE_SH _EMISSION UNITY_HDR_ON _SMOOTHNESS_TEXTURE_ALBEDO_CHANNEL_A pd=UNITY_ENABLE_REFLECTION_BUFFERS UNITY_USE_DITHER_MASK_FOR_ALPHABLENDED_SHADOWS UNITY_PBS_USE_BRDF1 UNITY_SPECCUBE_BOX_PROJECTION UNITY_SPECCUBE_BLENDING UNITY_ENABLE_DETAIL_NORMALMAP SHADER_API_DESKTOP UNITY_COLORSPACE_GAMMA UNITY_LIGHTMAP_RGBM_ENCODING ok=1
Cmd: compileSnippet
  api=5 type=0 insize=1424 outsize=4593 kw=DYNAMICLIGHTMAP_ON UNITY_HDR_ON _ALPHABLEND_ON pd=UNITY_ENABLE_REFLECTION_BUFFERS UNITY_USE_DITHER_MASK_FOR_ALPHABLENDED_SHADOWS UNITY_PBS_USE_BRDF1 UNITY_SPECCUBE_BOX_PROJECTION UNITY_SPECCUBE_BLENDING UNITY_ENABLE_DETAIL_NORMALMAP SHADER_API_DESKTOP UNITY_COLORSPACE_GAMMA UNITY_LIGHTMAP_RGBM_ENCODING ok=1
Cmd: compileSnippet
  api=9 type=0 insize=1424 outsize=5346 kw=DYNAMICLIGHTMAP_ON _EMISSION UNITY_HDR_ON _ALPHABLEND_ON pd=UNITY_ENABLE_REFLECTION_BUFFERS UNITY_USE_DITHER_MASK_FOR_ALPHABLENDED_SHADOWS UNITY_PBS_USE_BRDF1 UNITY_SPECCUBE_BOX_PROJECTION UNITY_SPECCUBE_BLENDING UNITY_ENABLE_DETAIL_NORMALMAP SHADER_API_DESKTOP UNITY_COLORSPACE_GAMMA UNITY_LIGHTMAP_RGBM_ENCODING ok=1
Cmd: compileSnippet
  api=5 type=0 insize=1424 outsize=8457 kw=DYNAMICLIGHTMAP_ON UNITY_HDR_ON _METALLICGLOSSMAP _PARALLAXMAP pd=UNITY_ENABLE_REFLECTION_BUFFERS UNITY_USE_DITHER_MASK_FOR_ALPHABLENDED_SHADOWS UNITY_PBS_USE_BRDF1 UNITY_SPECCUBE_BOX_PROJECTION UNITY_SPECCUBE_BLENDING UNITY_ENABLE_DETAIL_NORMALMAP SHADER_API_DESKTOP UNITY_COLORSPACE_GAMMA UNITY_LIGHTMAP_RGBM_ENCODING ok=1
Cmd: compileSnippet
  api=9 type=0 insize=1424 outsize=8020 kw=DYNAMICLIGHTMAP_ON _EMISSION UNITY_HDR_ON _METALLICGLOSSMAP _PARALLAXMAP pd=UNITY_ENABLE_REFLECTION_BUFFERS UNITY_USE_DITHER_MASK_FOR_ALPHABLENDED_SHADOWS UNITY_PBS_USE_BRDF1 UNITY_SPECCUBE_BOX_PROJECTION UNITY_SPECCUBE_BLENDING UNITY_ENABLE_DETAIL_NORMALMAP SHADER_API_DESKTOP UNITY_COLORSPACE_GAMMA UNITY_LIGHTMAP_RGBM_ENCODING ok=1
Cmd: compileSnippet
  api=5 type=0 insize=1424 outsize=4593 kw=DYNAMICLIGHTMAP_ON UNITY_HDR_ON pd=UNITY_ENABLE_REFLECTION_BUFFERS UNITY_USE_DITHER_MASK_FOR_ALPHABLENDED_SHADOWS UNITY_PBS_USE_BRDF1 UNITY_SPECCUBE_BOX_PROJECTION UNITY_SPECCUBE_BLENDING UNITY_ENABLE_DETAIL_NORMALMAP SHADER_API_DESKTOP UNITY_COLORSPACE_GAMMA UNITY_LIGHTMAP_RGBM_ENCODING ok=1
Cmd: compileSnippet
  api=9 type=0 insize=1424 outsize=6634 kw=DIRLIGHTMAP_COMBINED DYNAMICLIGHTMAP_ON _EMISSION UNITY_HDR_ON pd=UNITY_ENABLE_REFLECTION_BUFFERS UNITY_USE_DITHER_MASK_FOR_ALPHABLENDED_SHADOWS UNITY_PBS_USE_BRDF1 UNITY_SPECCUBE_BOX_PROJECTION UNITY_SPECCUBE_BLENDING UNITY_ENABLE_DETAIL_NORMALMAP SHADER_API_DESKTOP UNITY_COLORSPACE_GAMMA UNITY_LIGHTMAP_RGBM_ENCODING ok=1
Cmd: compileSnippet
  api=5 type=0 insize=1424 outsize=6906 kw=DIRLIGHTMAP_COMBINED DYNAMICLIGHTMAP_ON UNITY_HDR_ON _METALLICGLOSSMAP pd=UNITY_ENABLE_REFLECTION_BUFFERS UNITY_USE_DITHER_MASK_FOR_ALPHABLENDED_SHADOWS UNITY_PBS_USE_BRDF1 UNITY_SPECCUBE_BOX_PROJECTION UNITY_SPECCUBE_BLENDING UNITY_ENABLE_DETAIL_NORMALMAP SHADER_API_DESKTOP UNITY_COLORSPACE_GAMMA UNITY_LIGHTMAP_RGBM_ENCODING ok=1
Cmd: compileSnippet
  api=9 type=0 insize=1424 outsize=6739 kw=DIRLIGHTMAP_COMBINED DYNAMICLIGHTMAP_ON _EMISSION UNITY_HDR_ON _METALLICGLOSSMAP pd=UNITY_ENABLE_REFLECTION_BUFFERS UNITY_USE_DITHER_MASK_FOR_ALPHABLENDED_SHADOWS UNITY_PBS_USE_BRDF1 UNITY_SPECCUBE_BOX_PROJECTION UNITY_SPECCUBE_BLENDING UNITY_ENABLE_DETAIL_NORMALMAP SHADER_API_DESKTOP UNITY_COLORSPACE_GAMMA UNITY_LIGHTMAP_RGBM_ENCODING ok=1
Cmd: compileSnippet
  api=5 type=0 insize=1424 outsize=6828 kw=DIRLIGHTMAP_COMBINED DYNAMICLIGHTMAP_ON UNITY_HDR_ON _SMOOTHNESS_TEXTURE_ALBEDO_CHANNEL_A pd=UNITY_ENABLE_REFLECTION_BUFFERS UNITY_USE_DITHER_MASK_FOR_ALPHABLENDED_SHADOWS UNITY_PBS_USE_BRDF1 UNITY_SPECCUBE_BOX_PROJECTION UNITY_SPECCUBE_BLENDING UNITY_ENABLE_DETAIL_NORMALMAP SHADER_API_DESKTOP UNITY_COLORSPACE_GAMMA UNITY_LIGHTMAP_RGBM_ENCODING ok=1
Cmd: compileSnippet
  api=9 type=0 insize=1424 outsize=6652 kw=DIRLIGHTMAP_COMBINED DYNAMICLIGHTMAP_ON _EMISSION UNITY_HDR_ON _SMOOTHNESS_TEXTURE_ALBEDO_CHANNEL_A pd=UNITY_ENABLE_REFLECTION_BUFFERS UNITY_USE_DITHER_MASK_FOR_ALPHABLENDED_SHADOWS UNITY_PBS_USE_BRDF1 UNITY_SPECCUBE_BOX_PROJECTION UNITY_SPECCUBE_BLENDING UNITY_ENABLE_DETAIL_NORMALMAP SHADER_API_DESKTOP UNITY_COLORSPACE_GAMMA UNITY_LIGHTMAP_RGBM_ENCODING ok=1
Cmd: compileSnippet
  api=9 type=0 insize=1424 outsize=4498 kw=_EMISSION pd=UNITY_ENABLE_REFLECTION_BUFFERS UNITY_USE_DITHER_MASK_FOR_ALPHABLENDED_SHADOWS UNITY_PBS_USE_BRDF1 UNITY_SPECCUBE_BOX_PROJECTION UNITY_SPECCUBE_BLENDING UNITY_ENABLE_DETAIL_NORMALMAP SHADER_API_DESKTOP UNITY_COLORSPACE_GAMMA UNITY_LIGHTMAP_RGBM_ENCODING ok=1
Cmd: compileSnippet
  api=5 type=0 insize=1424 outsize=3740 kw=_METALLICGLOSSMAP pd=UNITY_ENABLE_REFLECTION_BUFFERS UNITY_USE_DITHER_MASK_FOR_ALPHABLENDED_SHADOWS UNITY_PBS_USE_BRDF1 UNITY_SPECCUBE_BOX_PROJECTION UNITY_SPECCUBE_BLENDING UNITY_ENABLE_DETAIL_NORMALMAP SHADER_API_DESKTOP UNITY_COLORSPACE_GAMMA UNITY_LIGHTMAP_RGBM_ENCODING ok=1
Cmd: compileSnippet
  api=9 type=0 insize=1424 outsize=4603 kw=_EMISSION _METALLICGLOSSMAP pd=UNITY_ENABLE_REFLECTION_BUFFERS UNITY_USE_DITHER_MASK_FOR_ALPHABLENDED_SHADOWS UNITY_PBS_USE_BRDF1 UNITY_SPECCUBE_BOX_PROJECTION UNITY_SPECCUBE_BLENDING UNITY_ENABLE_DETAIL_NORMALMAP SHADER_API_DESKTOP UNITY_COLORSPACE_GAMMA UNITY_LIGHTMAP_RGBM_ENCODING ok=1
Cmd: compileSnippet
  api=5 type=0 insize=1424 outsize=3662 kw=_SMOOTHNESS_TEXTURE_ALBEDO_CHANNEL_A pd=UNITY_ENABLE_REFLECTION_BUFFERS UNITY_USE_DITHER_MASK_FOR_ALPHABLENDED_SHADOWS UNITY_PBS_USE_BRDF1 UNITY_SPECCUBE_BOX_PROJECTION UNITY_SPECCUBE_BLENDING UNITY_ENABLE_DETAIL_NORMALMAP SHADER_API_DESKTOP UNITY_COLORSPACE_GAMMA UNITY_LIGHTMAP_RGBM_ENCODING ok=1
Cmd: compileSnippet
  api=9 type=0 insize=1424 outsize=4516 kw=_EMISSION _SMOOTHNESS_TEXTURE_ALBEDO_CHANNEL_A pd=UNITY_ENABLE_REFLECTION_BUFFERS UNITY_USE_DITHER_MASK_FOR_ALPHABLENDED_SHADOWS UNITY_PBS_USE_BRDF1 UNITY_SPECCUBE_BOX_PROJECTION UNITY_SPECCUBE_BLENDING UNITY_ENABLE_DETAIL_NORMALMAP SHADER_API_DESKTOP UNITY_COLORSPACE_GAMMA UNITY_LIGHTMAP_RGBM_ENCODING ok=1
Cmd: compileSnippet
  api=5 type=1 insize=1424 outsize=0 kw= pd=UNITY_ENABLE_REFLECTION_BUFFERS UNITY_USE_DITHER_MASK_FOR_ALPHABLENDED_SHADOWS UNITY_PBS_USE_BRDF1 UNITY_SPECCUBE_BOX_PROJECTION UNITY_SPECCUBE_BLENDING UNITY_ENABLE_DETAIL_NORMALMAP SHADER_API_DESKTOP UNITY_COLORSPACE_GAMMA UNITY_LIGHTMAP_RGBM_ENCODING ok=1
Cmd: compileSnippet
  api=5 type=1 insize=1424 outsize=0 kw=LIGHTPROBE_SH _EMISSION _ALPHABLEND_ON pd=UNITY_ENABLE_REFLECTION_BUFFERS UNITY_USE_DITHER_MASK_FOR_ALPHABLENDED_SHADOWS UNITY_PBS_USE_BRDF1 UNITY_SPECCUBE_BOX_PROJECTION UNITY_SPECCUBE_BLENDING UNITY_ENABLE_DETAIL_NORMALMAP SHADER_API_DESKTOP UNITY_COLORSPACE_GAMMA UNITY_LIGHTMAP_RGBM_ENCODING ok=1
Cmd: compileSnippet
  api=5 type=1 insize=1424 outsize=0 kw=LIGHTPROBE_SH _METALLICGLOSSMAP pd=UNITY_ENABLE_REFLECTION_BUFFERS UNITY_USE_DITHER_MASK_FOR_ALPHABLENDED_SHADOWS UNITY_PBS_USE_BRDF1 UNITY_SPECCUBE_BOX_PROJECTION UNITY_SPECCUBE_BLENDING UNITY_ENABLE_DETAIL_NORMALMAP SHADER_API_DESKTOP UNITY_COLORSPACE_GAMMA UNITY_LIGHTMAP_RGBM_ENCODING ok=1
Cmd: compileSnippet
  api=9 type=1 insize=1424 outsize=0 kw=LIGHTPROBE_SH _EMISSION _METALLICGLOSSMAP _PARALLAXMAP pd=UNITY_ENABLE_REFLECTION_BUFFERS UNITY_USE_DITHER_MASK_FOR_ALPHABLENDED_SHADOWS UNITY_PBS_USE_BRDF1 UNITY_SPECCUBE_BOX_PROJECTION UNITY_SPECCUBE_BLENDING UNITY_ENABLE_DETAIL_NORMALMAP SHADER_API_DESKTOP UNITY_COLORSPACE_GAMMA UNITY_LIGHTMAP_RGBM_ENCODING ok=1
Cmd: compileSnippet
  api=9 type=1 insize=1424 outsize=0 kw=LIGHTPROBE_SH _EMISSION _SMOOTHNESS_TEXTURE_ALBEDO_CHANNEL_A pd=UNITY_ENABLE_REFLECTION_BUFFERS UNITY_USE_DITHER_MASK_FOR_ALPHABLENDED_SHADOWS UNITY_PBS_USE_BRDF1 UNITY_SPECCUBE_BOX_PROJECTION UNITY_SPECCUBE_BLENDING UNITY_ENABLE_DETAIL_NORMALMAP SHADER_API_DESKTOP UNITY_COLORSPACE_GAMMA UNITY_LIGHTMAP_RGBM_ENCODING ok=1
Cmd: compileSnippet
  api=9 type=1 insize=1424 outsize=0 kw=DYNAMICLIGHTMAP_ON _EMISSION pd=UNITY_ENABLE_REFLECTION_BUFFERS UNITY_USE_DITHER_MASK_FOR_ALPHABLENDED_SHADOWS UNITY_PBS_USE_BRDF1 UNITY_SPECCUBE_BOX_PROJECTION UNITY_SPECCUBE_BLENDING UNITY_ENABLE_DETAIL_NORMALMAP SHADER_API_DESKTOP UNITY_COLORSPACE_GAMMA UNITY_LIGHTMAP_RGBM_ENCODING ok=1
Cmd: compileSnippet
  api=9 type=1 insize=1424 outsize=0 kw=DYNAMICLIGHTMAP_ON _EMISSION _ALPHABLEND_ON pd=UNITY_ENABLE_REFLECTION_BUFFERS UNITY_USE_DITHER_MASK_FOR_ALPHABLENDED_SHADOWS UNITY_PBS_USE_BRDF1 UNITY_SPECCUBE_BOX_PROJECTION UNITY_SPECCUBE_BLENDING UNITY_ENABLE_DETAIL_NORMALMAP SHADER_API_DESKTOP UNITY_COLORSPACE_GAMMA UNITY_LIGHTMAP_RGBM_ENCODING ok=1
Cmd: compileSnippet
  api=9 type=1 insize=1424 outsize=0 kw=DYNAMICLIGHTMAP_ON _EMISSION _METALLICGLOSSMAP pd=UNITY_ENABLE_REFLECTION_BUFFERS UNITY_USE_DITHER_MASK_FOR_ALPHABLENDED_SHADOWS UNITY_PBS_USE_BRDF1 UNITY_SPECCUBE_BOX_PROJECTION UNITY_SPECCUBE_BLENDING UNITY_ENABLE_DETAIL_NORMALMAP SHADER_API_DESKTOP UNITY_COLORSPACE_GAMMA UNITY_LIGHTMAP_RGBM_ENCODING ok=1
Cmd: compileSnippet
  api=9 type=1 insize=1424 outsize=0 kw=DYNAMICLIGHTMAP_ON _EMISSION _METALLICGLOSSMAP _PARALLAXMAP pd=UNITY_ENABLE_REFLECTION_BUFFERS UNITY_USE_DITHER_MASK_FOR_ALPHABLENDED_SHADOWS UNITY_PBS_USE_BRDF1 UNITY_SPECCUBE_BOX_PROJECTION UNITY_SPECCUBE_BLENDING UNITY_ENABLE_DETAIL_NORMALMAP SHADER_API_DESKTOP UNITY_COLORSPACE_GAMMA UNITY_LIGHTMAP_RGBM_ENCODING ok=1
Cmd: compileSnippet
  api=9 type=1 insize=1424 outsize=0 kw=DYNAMICLIGHTMAP_ON _EMISSION _SMOOTHNESS_TEXTURE_ALBEDO_CHANNEL_A pd=UNITY_ENABLE_REFLECTION_BUFFERS UNITY_USE_DITHER_MASK_FOR_ALPHABLENDED_SHADOWS UNITY_PBS_USE_BRDF1 UNITY_SPECCUBE_BOX_PROJECTION UNITY_SPECCUBE_BLENDING UNITY_ENABLE_DETAIL_NORMALMAP SHADER_API_DESKTOP UNITY_COLORSPACE_GAMMA UNITY_LIGHTMAP_RGBM_ENCODING ok=1
Cmd: compileSnippet
  api=9 type=1 insize=1424 outsize=0 kw=DIRLIGHTMAP_COMBINED DYNAMICLIGHTMAP_ON _EMISSION pd=UNITY_ENABLE_REFLECTION_BUFFERS UNITY_USE_DITHER_MASK_FOR_ALPHABLENDED_SHADOWS UNITY_PBS_USE_BRDF1 UNITY_SPECCUBE_BOX_PROJECTION UNITY_SPECCUBE_BLENDING UNITY_ENABLE_DETAIL_NORMALMAP SHADER_API_DESKTOP UNITY_COLORSPACE_GAMMA UNITY_LIGHTMAP_RGBM_ENCODING ok=1
Cmd: compileSnippet
  api=9 type=1 insize=1424 outsize=0 kw=DIRLIGHTMAP_COMBINED DYNAMICLIGHTMAP_ON _EMISSION _ALPHABLEND_ON pd=UNITY_ENABLE_REFLECTION_BUFFERS UNITY_USE_DITHER_MASK_FOR_ALPHABLENDED_SHADOWS UNITY_PBS_USE_BRDF1 UNITY_SPECCUBE_BOX_PROJECTION UNITY_SPECCUBE_BLENDING UNITY_ENABLE_DETAIL_NORMALMAP SHADER_API_DESKTOP UNITY_COLORSPACE_GAMMA UNITY_LIGHTMAP_RGBM_ENCODING ok=1
Cmd: compileSnippet
  api=9 type=1 insize=1424 outsize=0 kw=DIRLIGHTMAP_COMBINED DYNAMICLIGHTMAP_ON _EMISSION _METALLICGLOSSMAP pd=UNITY_ENABLE_REFLECTION_BUFFERS UNITY_USE_DITHER_MASK_FOR_ALPHABLENDED_SHADOWS UNITY_PBS_USE_BRDF1 UNITY_SPECCUBE_BOX_PROJECTION UNITY_SPECCUBE_BLENDING UNITY_ENABLE_DETAIL_NORMALMAP SHADER_API_DESKTOP UNITY_COLORSPACE_GAMMA UNITY_LIGHTMAP_RGBM_ENCODING ok=1
Cmd: compileSnippet
  api=9 type=1 insize=1424 outsize=0 kw=DIRLIGHTMAP_COMBINED DYNAMICLIGHTMAP_ON _EMISSION _METALLICGLOSSMAP _PARALLAXMAP pd=UNITY_ENABLE_REFLECTION_BUFFERS UNITY_USE_DITHER_MASK_FOR_ALPHABLENDED_SHADOWS UNITY_PBS_USE_BRDF1 UNITY_SPECCUBE_BOX_PROJECTION UNITY_SPECCUBE_BLENDING UNITY_ENABLE_DETAIL_NORMALMAP SHADER_API_DESKTOP UNITY_COLORSPACE_GAMMA UNITY_LIGHTMAP_RGBM_ENCODING ok=1
Cmd: compileSnippet
  api=9 type=1 insize=1424 outsize=0 kw=DIRLIGHTMAP_COMBINED DYNAMICLIGHTMAP_ON _EMISSION _SMOOTHNESS_TEXTURE_ALBEDO_CHANNEL_A pd=UNITY_ENABLE_REFLECTION_BUFFERS UNITY_USE_DITHER_MASK_FOR_ALPHABLENDED_SHADOWS UNITY_PBS_USE_BRDF1 UNITY_SPECCUBE_BOX_PROJECTION UNITY_SPECCUBE_BLENDING UNITY_ENABLE_DETAIL_NORMALMAP SHADER_API_DESKTOP UNITY_COLORSPACE_GAMMA UNITY_LIGHTMAP_RGBM_ENCODING ok=1
Cmd: compileSnippet
  api=9 type=1 insize=1424 outsize=0 kw=LIGHTPROBE_SH _EMISSION UNITY_HDR_ON pd=UNITY_ENABLE_REFLECTION_BUFFERS UNITY_USE_DITHER_MASK_FOR_ALPHABLENDED_SHADOWS UNITY_PBS_USE_BRDF1 UNITY_SPECCUBE_BOX_PROJECTION UNITY_SPECCUBE_BLENDING UNITY_ENABLE_DETAIL_NORMALMAP SHADER_API_DESKTOP UNITY_COLORSPACE_GAMMA UNITY_LIGHTMAP_RGBM_ENCODING ok=1
Cmd: compileSnippet
  api=9 type=1 insize=1424 outsize=0 kw=LIGHTPROBE_SH _EMISSION UNITY_HDR_ON _ALPHABLEND_ON pd=UNITY_ENABLE_REFLECTION_BUFFERS UNITY_USE_DITHER_MASK_FOR_ALPHABLENDED_SHADOWS UNITY_PBS_USE_BRDF1 UNITY_SPECCUBE_BOX_PROJECTION UNITY_SPECCUBE_BLENDING UNITY_ENABLE_DETAIL_NORMALMAP SHADER_API_DESKTOP UNITY_COLORSPACE_GAMMA UNITY_LIGHTMAP_RGBM_ENCODING ok=1
Cmd: compileSnippet
  api=9 type=1 insize=1424 outsize=0 kw=LIGHTPROBE_SH _EMISSION UNITY_HDR_ON _METALLICGLOSSMAP pd=UNITY_ENABLE_REFLECTION_BUFFERS UNITY_USE_DITHER_MASK_FOR_ALPHABLENDED_SHADOWS UNITY_PBS_USE_BRDF1 UNITY_SPECCUBE_BOX_PROJECTION UNITY_SPECCUBE_BLENDING UNITY_ENABLE_DETAIL_NORMALMAP SHADER_API_DESKTOP UNITY_COLORSPACE_GAMMA UNITY_LIGHTMAP_RGBM_ENCODING ok=1
Cmd: compileSnippet
  api=5 type=1 insize=1424 outsize=0 kw=LIGHTPROBE_SH _EMISSION UNITY_HDR_ON _METALLICGLOSSMAP _PARALLAXMAP pd=UNITY_ENABLE_REFLECTION_BUFFERS UNITY_USE_DITHER_MASK_FOR_ALPHABLENDED_SHADOWS UNITY_PBS_USE_BRDF1 UNITY_SPECCUBE_BOX_PROJECTION UNITY_SPECCUBE_BLENDING UNITY_ENABLE_DETAIL_NORMALMAP SHADER_API_DESKTOP UNITY_COLORSPACE_GAMMA UNITY_LIGHTMAP_RGBM_ENCODING ok=1
Cmd: compileSnippet
  api=9 type=1 insize=1424 outsize=0 kw=LIGHTPROBE_SH _EMISSION UNITY_HDR_ON _SMOOTHNESS_TEXTURE_ALBEDO_CHANNEL_A pd=UNITY_ENABLE_REFLECTION_BUFFERS UNITY_USE_DITHER_MASK_FOR_ALPHABLENDED_SHADOWS UNITY_PBS_USE_BRDF1 UNITY_SPECCUBE_BOX_PROJECTION UNITY_SPECCUBE_BLENDING UNITY_ENABLE_DETAIL_NORMALMAP SHADER_API_DESKTOP UNITY_COLORSPACE_GAMMA UNITY_LIGHTMAP_RGBM_ENCODING ok=1
Cmd: compileSnippet
  api=9 type=1 insize=1424 outsize=0 kw=DYNAMICLIGHTMAP_ON _EMISSION UNITY_HDR_ON pd=UNITY_ENABLE_REFLECTION_BUFFERS UNITY_USE_DITHER_MASK_FOR_ALPHABLENDED_SHADOWS UNITY_PBS_USE_BRDF1 UNITY_SPECCUBE_BOX_PROJECTION UNITY_SPECCUBE_BLENDING UNITY_ENABLE_DETAIL_NORMALMAP SHADER_API_DESKTOP UNITY_COLORSPACE_GAMMA UNITY_LIGHTMAP_RGBM_ENCODING ok=1
Cmd: compileSnippet
  api=5 type=1 insize=1424 outsize=0 kw=DYNAMICLIGHTMAP_ON _EMISSION UNITY_HDR_ON _ALPHABLEND_ON pd=UNITY_ENABLE_REFLECTION_BUFFERS UNITY_USE_DITHER_MASK_FOR_ALPHABLENDED_SHADOWS UNITY_PBS_USE_BRDF1 UNITY_SPECCUBE_BOX_PROJECTION UNITY_SPECCUBE_BLENDING UNITY_ENABLE_DETAIL_NORMALMAP SHADER_API_DESKTOP UNITY_COLORSPACE_GAMMA UNITY_LIGHTMAP_RGBM_ENCODING ok=1
Cmd: compileSnippet
  api=5 type=1 insize=1424 outsize=0 kw=DYNAMICLIGHTMAP_ON _EMISSION UNITY_HDR_ON _METALLICGLOSSMAP pd=UNITY_ENABLE_REFLECTION_BUFFERS UNITY_USE_DITHER_MASK_FOR_ALPHABLENDED_SHADOWS UNITY_PBS_USE_BRDF1 UNITY_SPECCUBE_BOX_PROJECTION UNITY_SPECCUBE_BLENDING UNITY_ENABLE_DETAIL_NORMALMAP SHADER_API_DESKTOP UNITY_COLORSPACE_GAMMA UNITY_LIGHTMAP_RGBM_ENCODING ok=1
Cmd: compileSnippet
  api=9 type=1 insize=1424 outsize=0 kw=DYNAMICLIGHTMAP_ON _EMISSION UNITY_HDR_ON _METALLICGLOSSMAP _PARALLAXMAP pd=UNITY_ENABLE_REFLECTION_BUFFERS UNITY_USE_DITHER_MASK_FOR_ALPHABLENDED_SHADOWS UNITY_PBS_USE_BRDF1 UNITY_SPECCUBE_BOX_PROJECTION UNITY_SPECCUBE_BLENDING UNITY_ENABLE_DETAIL_NORMALMAP SHADER_API_DESKTOP UNITY_COLORSPACE_GAMMA UNITY_LIGHTMAP_RGBM_ENCODING ok=1
Cmd: compileSnippet
  api=5 type=1 insize=1424 outsize=0 kw=DYNAMICLIGHTMAP_ON _EMISSION UNITY_HDR_ON _SMOOTHNESS_TEXTURE_ALBEDO_CHANNEL_A pd=UNITY_ENABLE_REFLECTION_BUFFERS UNITY_USE_DITHER_MASK_FOR_ALPHABLENDED_SHADOWS UNITY_PBS_USE_BRDF1 UNITY_SPECCUBE_BOX_PROJECTION UNITY_SPECCUBE_BLENDING UNITY_ENABLE_DETAIL_NORMALMAP SHADER_API_DESKTOP UNITY_COLORSPACE_GAMMA UNITY_LIGHTMAP_RGBM_ENCODING ok=1
Cmd: compileSnippet
  api=9 type=1 insize=1424 outsize=0 kw=DIRLIGHTMAP_COMBINED DYNAMICLIGHTMAP_ON _EMISSION UNITY_HDR_ON pd=UNITY_ENABLE_REFLECTION_BUFFERS UNITY_USE_DITHER_MASK_FOR_ALPHABLENDED_SHADOWS UNITY_PBS_USE_BRDF1 UNITY_SPECCUBE_BOX_PROJECTION UNITY_SPECCUBE_BLENDING UNITY_ENABLE_DETAIL_NORMALMAP SHADER_API_DESKTOP UNITY_COLORSPACE_GAMMA UNITY_LIGHTMAP_RGBM_ENCODING ok=1
Cmd: compileSnippet
  api=5 type=1 insize=1424 outsize=0 kw=DIRLIGHTMAP_COMBINED DYNAMICLIGHTMAP_ON _EMISSION UNITY_HDR_ON _ALPHABLEND_ON pd=UNITY_ENABLE_REFLECTION_BUFFERS UNITY_USE_DITHER_MASK_FOR_ALPHABLENDED_SHADOWS UNITY_PBS_USE_BRDF1 UNITY_SPECCUBE_BOX_PROJECTION UNITY_SPECCUBE_BLENDING UNITY_ENABLE_DETAIL_NORMALMAP SHADER_API_DESKTOP UNITY_COLORSPACE_GAMMA UNITY_LIGHTMAP_RGBM_ENCODING ok=1
Cmd: compileSnippet
  api=5 type=1 insize=1424 outsize=0 kw=DIRLIGHTMAP_COMBINED DYNAMICLIGHTMAP_ON _EMISSION UNITY_HDR_ON _METALLICGLOSSMAP pd=UNITY_ENABLE_REFLECTION_BUFFERS UNITY_USE_DITHER_MASK_FOR_ALPHABLENDED_SHADOWS UNITY_PBS_USE_BRDF1 UNITY_SPECCUBE_BOX_PROJECTION UNITY_SPECCUBE_BLENDING UNITY_ENABLE_DETAIL_NORMALMAP SHADER_API_DESKTOP UNITY_COLORSPACE_GAMMA UNITY_LIGHTMAP_RGBM_ENCODING ok=1
Cmd: compileSnippet
  api=5 type=1 insize=1424 outsize=0 kw=DIRLIGHTMAP_COMBINED DYNAMICLIGHTMAP_ON _EMISSION UNITY_HDR_ON _METALLICGLOSSMAP _PARALLAXMAP pd=UNITY_ENABLE_REFLECTION_BUFFERS UNITY_USE_DITHER_MASK_FOR_ALPHABLENDED_SHADOWS UNITY_PBS_USE_BRDF1 UNITY_SPECCUBE_BOX_PROJECTION UNITY_SPECCUBE_BLENDING UNITY_ENABLE_DETAIL_NORMALMAP SHADER_API_DESKTOP UNITY_COLORSPACE_GAMMA UNITY_LIGHTMAP_RGBM_ENCODING ok=1
Cmd: compileSnippet
  api=9 type=1 insize=1424 outsize=0 kw=DIRLIGHTMAP_COMBINED DYNAMICLIGHTMAP_ON _EMISSION UNITY_HDR_ON _SMOOTHNESS_TEXTURE_ALBEDO_CHANNEL_A pd=UNITY_ENABLE_REFLECTION_BUFFERS UNITY_USE_DITHER_MASK_FOR_ALPHABLENDED_SHADOWS UNITY_PBS_USE_BRDF1 UNITY_SPECCUBE_BOX_PROJECTION UNITY_SPECCUBE_BLENDING UNITY_ENABLE_DETAIL_NORMALMAP SHADER_API_DESKTOP UNITY_COLORSPACE_GAMMA UNITY_LIGHTMAP_RGBM_ENCODING ok=1
Cmd: compileSnippet
  api=5 type=1 insize=1424 outsize=0 kw=_ALPHABLEND_ON pd=UNITY_ENABLE_REFLECTION_BUFFERS UNITY_USE_DITHER_MASK_FOR_ALPHABLENDED_SHADOWS UNITY_PBS_USE_BRDF1 UNITY_SPECCUBE_BOX_PROJECTION UNITY_SPECCUBE_BLENDING UNITY_ENABLE_DETAIL_NORMALMAP SHADER_API_DESKTOP UNITY_COLORSPACE_GAMMA UNITY_LIGHTMAP_RGBM_ENCODING ok=1
Cmd: compileSnippet
  api=5 type=1 insize=1424 outsize=0 kw=_METALLICGLOSSMAP pd=UNITY_ENABLE_REFLECTION_BUFFERS UNITY_USE_DITHER_MASK_FOR_ALPHABLENDED_SHADOWS UNITY_PBS_USE_BRDF1 UNITY_SPECCUBE_BOX_PROJECTION UNITY_SPECCUBE_BLENDING UNITY_ENABLE_DETAIL_NORMALMAP SHADER_API_DESKTOP UNITY_COLORSPACE_GAMMA UNITY_LIGHTMAP_RGBM_ENCODING ok=1
Cmd: compileSnippet
  api=5 type=1 insize=1424 outsize=0 kw=_EMISSION _METALLICGLOSSMAP pd=UNITY_ENABLE_REFLECTION_BUFFERS UNITY_USE_DITHER_MASK_FOR_ALPHABLENDED_SHADOWS UNITY_PBS_USE_BRDF1 UNITY_SPECCUBE_BOX_PROJECTION UNITY_SPECCUBE_BLENDING UNITY_ENABLE_DETAIL_NORMALMAP SHADER_API_DESKTOP UNITY_COLORSPACE_GAMMA UNITY_LIGHTMAP_RGBM_ENCODING ok=1
Cmd: compileSnippet
  api=5 type=1 insize=1424 outsize=0 kw=_EMISSION _METALLICGLOSSMAP _PARALLAXMAP pd=UNITY_ENABLE_REFLECTION_BUFFERS UNITY_USE_DITHER_MASK_FOR_ALPHABLENDED_SHADOWS UNITY_PBS_USE_BRDF1 UNITY_SPECCUBE_BOX_PROJECTION UNITY_SPECCUBE_BLENDING UNITY_ENABLE_DETAIL_NORMALMAP SHADER_API_DESKTOP UNITY_COLORSPACE_GAMMA UNITY_LIGHTMAP_RGBM_ENCODING ok=1
Cmd: compileSnippet
  api=9 type=1 insize=1424 outsize=0 kw=_SMOOTHNESS_TEXTURE_ALBEDO_CHANNEL_A pd=UNITY_ENABLE_REFLECTION_BUFFERS UNITY_USE_DITHER_MASK_FOR_ALPHABLENDED_SHADOWS UNITY_PBS_USE_BRDF1 UNITY_SPECCUBE_BOX_PROJECTION UNITY_SPECCUBE_BLENDING UNITY_ENABLE_DETAIL_NORMALMAP SHADER_API_DESKTOP UNITY_COLORSPACE_GAMMA UNITY_LIGHTMAP_RGBM_ENCODING ok=1
Cmd: compileSnippet
  api=5 type=0 insize=807 outsize=3369 kw= pd=UNITY_ENABLE_REFLECTION_BUFFERS UNITY_USE_DITHER_MASK_FOR_ALPHABLENDED_SHADOWS UNITY_PBS_USE_BRDF1 UNITY_SPECCUBE_BOX_PROJECTION UNITY_SPECCUBE_BLENDING UNITY_ENABLE_DETAIL_NORMALMAP SHADER_API_DESKTOP UNITY_COLORSPACE_GAMMA UNITY_LIGHTMAP_RGBM_ENCODING ok=1
Cmd: compileSnippet
  api=9 type=0 insize=807 outsize=4123 kw=_METALLICGLOSSMAP pd=UNITY_ENABLE_REFLECTION_BUFFERS UNITY_USE_DITHER_MASK_FOR_ALPHABLENDED_SHADOWS UNITY_PBS_USE_BRDF1 UNITY_SPECCUBE_BOX_PROJECTION UNITY_SPECCUBE_BLENDING UNITY_ENABLE_DETAIL_NORMALMAP SHADER_API_DESKTOP UNITY_COLORSPACE_GAMMA UNITY_LIGHTMAP_RGBM_ENCODING ok=1
Cmd: compileSnippet
  api=5 type=0 insize=807 outsize=3682 kw=_EMISSION _SMOOTHNESS_TEXTURE_ALBEDO_CHANNEL_A pd=UNITY_ENABLE_REFLECTION_BUFFERS UNITY_USE_DITHER_MASK_FOR_ALPHABLENDED_SHADOWS UNITY_PBS_USE_BRDF1 UNITY_SPECCUBE_BOX_PROJECTION UNITY_SPECCUBE_BLENDING UNITY_ENABLE_DETAIL_NORMALMAP SHADER_API_DESKTOP UNITY_COLORSPACE_GAMMA UNITY_LIGHTMAP_RGBM_ENCODING ok=1
Cmd: compileSnippet
  api=5 type=1 insize=807 outsize=0 kw= pd=UNITY_ENABLE_REFLECTION_BUFFERS UNITY_USE_DITHER_MASK_FOR_ALPHABLENDED_SHADOWS UNITY_PBS_USE_BRDF1 UNITY_SPECCUBE_BOX_PROJECTION UNITY_SPECCUBE_BLENDING UNITY_ENABLE_DETAIL_NORMALMAP SHADER_API_DESKTOP UNITY_COLORSPACE_GAMMA UNITY_LIGHTMAP_RGBM_ENCODING ok=1
Cmd: compileSnippet
  api=9 type=1 insize=807 outsize=0 kw=_METALLICGLOSSMAP pd=UNITY_ENABLE_REFLECTION_BUFFERS UNITY_USE_DITHER_MASK_FOR_ALPHABLENDED_SHADOWS UNITY_PBS_USE_BRDF1 UNITY_SPECCUBE_BOX_PROJECTION UNITY_SPECCUBE_BLENDING UNITY_ENABLE_DETAIL_NORMALMAP SHADER_API_DESKTOP UNITY_COLORSPACE_GAMMA UNITY_LIGHTMAP_RGBM_ENCODING ok=1
Cmd: compileSnippet
  api=9 type=1 insize=807 outsize=0 kw=_SMOOTHNESS_TEXTURE_ALBEDO_CHANNEL_A pd=UNITY_ENABLE_REFLECTION_BUFFERS UNITY_USE_DITHER_MASK_FOR_ALPHABLENDED_SHADOWS UNITY_PBS_USE_BRDF1 UNITY_SPECCUBE_BOX_PROJECTION UNITY_SPECCUBE_BLENDING UNITY_ENABLE_DETAIL_NORMALMAP SHADER_API_DESKTOP UNITY_COLORSPACE_GAMMA UNITY_LIGHTMAP_RGBM_ENCODING ok=1
Cmd: compileSnippet
  api=5 type=0 insize=1272 outsize=6272 kw=DIRECTIONAL pd=UNITY_ENABLE_REFLECTION_BUFFERS UNITY_USE_DITHER_MASK_FOR_ALPHABLENDED_SHADOWS UNITY_PBS_USE_BRDF1 UNITY_SPECCUBE_BOX_PROJECTION UNITY_SPECCUBE_BLENDING UNITY_ENABLE_DETAIL_NORMALMAP SHADER_API_DESKTOP UNITY_COLORSPACE_GAMMA UNITY_LIGHTMAP_RGBM_ENCODING ok=1
Cmd: compileSnippet
  api=5 type=0 insize=1272 outsize=7725 kw=DIRECTIONAL LIGHTPROBE_SH _ALPHABLEND_ON pd=UNITY_ENABLE_REFLECTION_BUFFERS UNITY_USE_DITHER_MASK_FOR_ALPHABLENDED_SHADOWS UNITY_PBS_USE_BRDF1 UNITY_SPECCUBE_BOX_PROJECTION UNITY_SPECCUBE_BLENDING UNITY_ENABLE_DETAIL_NORMALMAP SHADER_API_DESKTOP UNITY_COLORSPACE_GAMMA UNITY_LIGHTMAP_RGBM_ENCODING ok=1
Cmd: compileSnippet
  api=5 type=0 insize=1272 outsize=7807 kw=DIRECTIONAL LIGHTPROBE_SH _METALLICGLOSSMAP pd=UNITY_ENABLE_REFLECTION_BUFFERS UNITY_USE_DITHER_MASK_FOR_ALPHABLENDED_SHADOWS UNITY_PBS_USE_BRDF1 UNITY_SPECCUBE_BOX_PROJECTION UNITY_SPECCUBE_BLENDING UNITY_ENABLE_DETAIL_NORMALMAP SHADER_API_DESKTOP UNITY_COLORSPACE_GAMMA UNITY_LIGHTMAP_RGBM_ENCODING ok=1
Cmd: compileSnippet
  api=9 type=0 insize=1272 outsize=8538 kw=DIRECTIONAL LIGHTPROBE_SH _EMISSION _METALLICGLOSSMAP pd=UNITY_ENABLE_REFLECTION_BUFFERS UNITY_USE_DITHER_MASK_FOR_ALPHABLENDED_SHADOWS UNITY_PBS_USE_BRDF1 UNITY_SPECCUBE_BOX_PROJECTION UNITY_SPECCUBE_BLENDING UNITY_ENABLE_DETAIL_NORMALMAP SHADER_API_DESKTOP UNITY_COLORSPACE_GAMMA UNITY_LIGHTMAP_RGBM_ENCODING ok=1
Cmd: compileSnippet
  api=5 type=0 insize=1272 outsize=7705 kw=DIRECTIONAL LIGHTPROBE_SH pd=UNITY_ENABLE_REFLECTION_BUFFERS UNITY_USE_DITHER_MASK_FOR_ALPHABLENDED_SHADOWS UNITY_PBS_USE_BRDF1 UNITY_SPECCUBE_BOX_PROJECTION UNITY_SPECCUBE_BLENDING UNITY_ENABLE_DETAIL_NORMALMAP SHADER_API_DESKTOP UNITY_COLORSPACE_GAMMA UNITY_LIGHTMAP_RGBM_ENCODING ok=1
Cmd: compileSnippet
  api=9 type=0 insize=1272 outsize=13818 kw=DIRECTIONAL DYNAMICLIGHTMAP_ON _EMISSION pd=UNITY_ENABLE_REFLECTION_BUFFERS UNITY_USE_DITHER_MASK_FOR_ALPHABLENDED_SHADOWS UNITY_PBS_USE_BRDF1 UNITY_SPECCUBE_BOX_PROJECTION UNITY_SPECCUBE_BLENDING UNITY_ENABLE_DETAIL_NORMALMAP SHADER_API_DESKTOP UNITY_COLORSPACE_GAMMA UNITY_LIGHTMAP_RGBM_ENCODING ok=1
Cmd: compileSnippet
  api=5 type=0 insize=1272 outsize=13296 kw=DIRECTIONAL DYNAMICLIGHTMAP_ON _METALLICGLOSSMAP pd=UNITY_ENABLE_REFLECTION_BUFFERS UNITY_USE_DITHER_MASK_FOR_ALPHABLENDED_SHADOWS UNITY_PBS_USE_BRDF1 UNITY_SPECCUBE_BOX_PROJECTION UNITY_SPECCUBE_BLENDING UNITY_ENABLE_DETAIL_NORMALMAP SHADER_API_DESKTOP UNITY_COLORSPACE_GAMMA UNITY_LIGHTMAP_RGBM_ENCODING ok=1
Cmd: compileSnippet
  api=9 type=0 insize=1272 outsize=13936 kw=DIRECTIONAL DYNAMICLIGHTMAP_ON _EMISSION _METALLICGLOSSMAP pd=UNITY_ENABLE_REFLECTION_BUFFERS UNITY_USE_DITHER_MASK_FOR_ALPHABLENDED_SHADOWS UNITY_PBS_USE_BRDF1 UNITY_SPECCUBE_BOX_PROJECTION UNITY_SPECCUBE_BLENDING UNITY_ENABLE_DETAIL_NORMALMAP SHADER_API_DESKTOP UNITY_COLORSPACE_GAMMA UNITY_LIGHTMAP_RGBM_ENCODING ok=1
Cmd: compileSnippet
  api=5 type=0 insize=1272 outsize=13193 kw=DIRECTIONAL DYNAMICLIGHTMAP_ON pd=UNITY_ENABLE_REFLECTION_BUFFERS UNITY_USE_DITHER_MASK_FOR_ALPHABLENDED_SHADOWS UNITY_PBS_USE_BRDF1 UNITY_SPECCUBE_BOX_PROJECTION UNITY_SPECCUBE_BLENDING UNITY_ENABLE_DETAIL_NORMALMAP SHADER_API_DESKTOP UNITY_COLORSPACE_GAMMA UNITY_LIGHTMAP_RGBM_ENCODING ok=1
Cmd: compileSnippet
  api=9 type=0 insize=1272 outsize=14648 kw=DIRECTIONAL SHADOWS_SCREEN _EMISSION pd=UNITY_ENABLE_REFLECTION_BUFFERS UNITY_USE_DITHER_MASK_FOR_ALPHABLENDED_SHADOWS UNITY_PBS_USE_BRDF1 UNITY_SPECCUBE_BOX_PROJECTION UNITY_SPECCUBE_BLENDING UNITY_ENABLE_DETAIL_NORMALMAP SHADER_API_DESKTOP UNITY_COLORSPACE_GAMMA UNITY_LIGHTMAP_RGBM_ENCODING ok=1
Cmd: compileSnippet
  api=5 type=0 insize=1272 outsize=14125 kw=DIRECTIONAL SHADOWS_SCREEN _METALLICGLOSSMAP pd=UNITY_ENABLE_REFLECTION_BUFFERS UNITY_USE_DITHER_MASK_FOR_ALPHABLENDED_SHADOWS UNITY_PBS_USE_BRDF1 UNITY_SPECCUBE_BOX_PROJECTION UNITY_SPECCUBE_BLENDING UNITY_ENABLE_DETAIL_NORMALMAP SHADER_API_DESKTOP UNITY_COLORSPACE_GAMMA UNITY_LIGHTMAP_RGBM_ENCODING ok=1
Cmd: compileSnippet
  api=9 type=0 insize=1272 outsize=14823 kw=DIRECTIONAL SHADOWS_SCREEN _EMISSION _METALLICGLOSSMAP pd=UNITY_ENABLE_REFLECTION_BUFFERS UNITY_USE_DITHER_MASK_FOR_ALPHABLENDED_SHADOWS UNITY_PBS_USE_BRDF1 UNITY_SPECCUBE_BOX_PROJECTION UNITY_SPECCUBE_BLENDING UNITY_ENABLE_DETAIL_NORMALMAP SHADER_API_DESKTOP UNITY_COLORSPACE_GAMMA UNITY_LIGHTMAP_RGBM_ENCODING ok=1
Cmd: compileSnippet
  api=5 type=0 insize=1272 outsize=14021 kw=DIRECTIONAL SHADOWS_SCREEN pd=UNITY_ENABLE_REFLECTION_BUFFERS UNITY_USE_DITHER_MASK_FOR_ALPHABLENDED_SHADOWS UNITY_PBS_USE_BRDF1 UNITY_SPECCUBE_BOX_PROJECTION UNITY_SPECCUBE_BLENDING UNITY_ENABLE_DETAIL_NORMALMAP SHADER_API_DESKTOP UNITY_COLORSPACE_GAMMA UNITY_LIGHTMAP_RGBM_ENCODING ok=1
Cmd: compileSnippet
  api=9 type=0 insize=1272 outsize=16249 kw=DIRECTIONAL SHADOWS_SCREEN LIGHTPROBE_SH _EMISSION pd=UNITY_ENABLE_REFLECTION_BUFFERS UNITY_USE_DITHER_MASK_FOR_ALPHABLENDED_SHADOWS UNITY_PBS_USE_BRDF1 UNITY_SPECCUBE_BOX_PROJECTION UNITY_SPECCUBE_BLENDING UNITY_ENABLE_DETAIL_NORMALMAP SHADER_API_DESKTOP UNITY_COLORSPACE_GAMMA UNITY_LIGHTMAP_RGBM_ENCODING ok=1
Cmd: compileSnippet
  api=5 type=0 insize=1272 outsize=15482 kw=DIRECTIONAL SHADOWS_SCREEN LIGHTPROBE_SH _METALLICGLOSSMAP pd=UNITY_ENABLE_REFLECTION_BUFFERS UNITY_USE_DITHER_MASK_FOR_ALPHABLENDED_SHADOWS UNITY_PBS_USE_BRDF1 UNITY_SPECCUBE_BOX_PROJECTION UNITY_SPECCUBE_BLENDING UNITY_ENABLE_DETAIL_NORMALMAP SHADER_API_DESKTOP UNITY_COLORSPACE_GAMMA UNITY_LIGHTMAP_RGBM_ENCODING ok=1
Cmd: compileSnippet
  api=9 type=0 insize=1272 outsize=16282 kw=DIRECTIONAL SHADOWS_SCREEN LIGHTPROBE_SH _EMISSION _METALLICGLOSSMAP pd=UNITY_ENABLE_REFLECTION_BUFFERS UNITY_USE_DITHER_MASK_FOR_ALPHABLENDED_SHADOWS UNITY_PBS_USE_BRDF1 UNITY_SPECCUBE_BOX_PROJECTION UNITY_SPECCUBE_BLENDING UNITY_ENABLE_DETAIL_NORMALMAP SHADER_API_DESKTOP UNITY_COLORSPACE_GAMMA UNITY_LIGHTMAP_RGBM_ENCODING ok=1
Cmd: compileSnippet
  api=5 type=0 insize=1272 outsize=15377 kw=DIRECTIONAL SHADOWS_SCREEN LIGHTPROBE_SH pd=UNITY_ENABLE_REFLECTION_BUFFERS UNITY_USE_DITHER_MASK_FOR_ALPHABLENDED_SHADOWS UNITY_PBS_USE_BRDF1 UNITY_SPECCUBE_BOX_PROJECTION UNITY_SPECCUBE_BLENDING UNITY_ENABLE_DETAIL_NORMALMAP SHADER_API_DESKTOP UNITY_COLORSPACE_GAMMA UNITY_LIGHTMAP_RGBM_ENCODING ok=1
Cmd: compileSnippet
  api=9 type=0 insize=1272 outsize=15387 kw=DIRECTIONAL SHADOWS_SCREEN DYNAMICLIGHTMAP_ON _EMISSION pd=UNITY_ENABLE_REFLECTION_BUFFERS UNITY_USE_DITHER_MASK_FOR_ALPHABLENDED_SHADOWS UNITY_PBS_USE_BRDF1 UNITY_SPECCUBE_BOX_PROJECTION UNITY_SPECCUBE_BLENDING UNITY_ENABLE_DETAIL_NORMALMAP SHADER_API_DESKTOP UNITY_COLORSPACE_GAMMA UNITY_LIGHTMAP_RGBM_ENCODING ok=1
Cmd: compileSnippet
  api=5 type=0 insize=1272 outsize=14875 kw=DIRECTIONAL SHADOWS_SCREEN DYNAMICLIGHTMAP_ON _METALLICGLOSSMAP pd=UNITY_ENABLE_REFLECTION_BUFFERS UNITY_USE_DITHER_MASK_FOR_ALPHABLENDED_SHADOWS UNITY_PBS_USE_BRDF1 UNITY_SPECCUBE_BOX_PROJECTION UNITY_SPECCUBE_BLENDING UNITY_ENABLE_DETAIL_NORMALMAP SHADER_API_DESKTOP UNITY_COLORSPACE_GAMMA UNITY_LIGHTMAP_RGBM_ENCODING ok=1
Cmd: compileSnippet
  api=9 type=0 insize=1272 outsize=15568 kw=DIRECTIONAL SHADOWS_SCREEN DYNAMICLIGHTMAP_ON _EMISSION _METALLICGLOSSMAP pd=UNITY_ENABLE_REFLECTION_BUFFERS UNITY_USE_DITHER_MASK_FOR_ALPHABLENDED_SHADOWS UNITY_PBS_USE_BRDF1 UNITY_SPECCUBE_BOX_PROJECTION UNITY_SPECCUBE_BLENDING UNITY_ENABLE_DETAIL_NORMALMAP SHADER_API_DESKTOP UNITY_COLORSPACE_GAMMA UNITY_LIGHTMAP_RGBM_ENCODING ok=1
Cmd: compileSnippet
  api=5 type=0 insize=1272 outsize=14770 kw=DIRECTIONAL SHADOWS_SCREEN DYNAMICLIGHTMAP_ON pd=UNITY_ENABLE_REFLECTION_BUFFERS UNITY_USE_DITHER_MASK_FOR_ALPHABLENDED_SHADOWS UNITY_PBS_USE_BRDF1 UNITY_SPECCUBE_BOX_PROJECTION UNITY_SPECCUBE_BLENDING UNITY_ENABLE_DETAIL_NORMALMAP SHADER_API_DESKTOP UNITY_COLORSPACE_GAMMA UNITY_LIGHTMAP_RGBM_ENCODING ok=1
Cmd: compileSnippet
  api=9 type=0 insize=1272 outsize=6820 kw=DIRECTIONAL _EMISSION VERTEXLIGHT_ON pd=UNITY_ENABLE_REFLECTION_BUFFERS UNITY_USE_DITHER_MASK_FOR_ALPHABLENDED_SHADOWS UNITY_PBS_USE_BRDF1 UNITY_SPECCUBE_BOX_PROJECTION UNITY_SPECCUBE_BLENDING UNITY_ENABLE_DETAIL_NORMALMAP SHADER_API_DESKTOP UNITY_COLORSPACE_GAMMA UNITY_LIGHTMAP_RGBM_ENCODING ok=1
Cmd: compileSnippet
  api=5 type=0 insize=1272 outsize=6483 kw=DIRECTIONAL _EMISSION VERTEXLIGHT_ON _ALPHABLEND_ON pd=UNITY_ENABLE_REFLECTION_BUFFERS UNITY_USE_DITHER_MASK_FOR_ALPHABLENDED_SHADOWS UNITY_PBS_USE_BRDF1 UNITY_SPECCUBE_BOX_PROJECTION UNITY_SPECCUBE_BLENDING UNITY_ENABLE_DETAIL_NORMALMAP SHADER_API_DESKTOP UNITY_COLORSPACE_GAMMA UNITY_LIGHTMAP_RGBM_ENCODING ok=1
Cmd: compileSnippet
  api=5 type=0 insize=1272 outsize=6561 kw=DIRECTIONAL _EMISSION VERTEXLIGHT_ON _METALLICGLOSSMAP pd=UNITY_ENABLE_REFLECTION_BUFFERS UNITY_USE_DITHER_MASK_FOR_ALPHABLENDED_SHADOWS UNITY_PBS_USE_BRDF1 UNITY_SPECCUBE_BOX_PROJECTION UNITY_SPECCUBE_BLENDING UNITY_ENABLE_DETAIL_NORMALMAP SHADER_API_DESKTOP UNITY_COLORSPACE_GAMMA UNITY_LIGHTMAP_RGBM_ENCODING ok=1
Cmd: compileSnippet
  api=9 type=0 insize=1272 outsize=6643 kw=DIRECTIONAL VERTEXLIGHT_ON _SMOOTHNESS_TEXTURE_ALBEDO_CHANNEL_A pd=UNITY_ENABLE_REFLECTION_BUFFERS UNITY_USE_DITHER_MASK_FOR_ALPHABLENDED_SHADOWS UNITY_PBS_USE_BRDF1 UNITY_SPECCUBE_BOX_PROJECTION UNITY_SPECCUBE_BLENDING UNITY_ENABLE_DETAIL_NORMALMAP SHADER_API_DESKTOP UNITY_COLORSPACE_GAMMA UNITY_LIGHTMAP_RGBM_ENCODING ok=1
Cmd: compileSnippet
  api=5 type=0 insize=1272 outsize=9727 kw=DIRECTIONAL LIGHTPROBE_SH _EMISSION VERTEXLIGHT_ON pd=UNITY_ENABLE_REFLECTION_BUFFERS UNITY_USE_DITHER_MASK_FOR_ALPHABLENDED_SHADOWS UNITY_PBS_USE_BRDF1 UNITY_SPECCUBE_BOX_PROJECTION UNITY_SPECCUBE_BLENDING UNITY_ENABLE_DETAIL_NORMALMAP SHADER_API_DESKTOP UNITY_COLORSPACE_GAMMA UNITY_LIGHTMAP_RGBM_ENCODING ok=1
Cmd: compileSnippet
  api=9 type=0 insize=1272 outsize=9464 kw=DIRECTIONAL LIGHTPROBE_SH VERTEXLIGHT_ON _ALPHABLEND_ON pd=UNITY_ENABLE_REFLECTION_BUFFERS UNITY_USE_DITHER_MASK_FOR_ALPHABLENDED_SHADOWS UNITY_PBS_USE_BRDF1 UNITY_SPECCUBE_BOX_PROJECTION UNITY_SPECCUBE_BLENDING UNITY_ENABLE_DETAIL_NORMALMAP SHADER_API_DESKTOP UNITY_COLORSPACE_GAMMA UNITY_LIGHTMAP_RGBM_ENCODING ok=1
Cmd: compileSnippet
  api=5 type=0 insize=1272 outsize=9829 kw=DIRECTIONAL LIGHTPROBE_SH _EMISSION VERTEXLIGHT_ON _METALLICGLOSSMAP pd=UNITY_ENABLE_REFLECTION_BUFFERS UNITY_USE_DITHER_MASK_FOR_ALPHABLENDED_SHADOWS UNITY_PBS_USE_BRDF1 UNITY_SPECCUBE_BOX_PROJECTION UNITY_SPECCUBE_BLENDING UNITY_ENABLE_DETAIL_NORMALMAP SHADER_API_DESKTOP UNITY_COLORSPACE_GAMMA UNITY_LIGHTMAP_RGBM_ENCODING ok=1
Cmd: compileSnippet
  api=9 type=0 insize=1272 outsize=9493 kw=DIRECTIONAL LIGHTPROBE_SH VERTEXLIGHT_ON _SMOOTHNESS_TEXTURE_ALBEDO_CHANNEL_A pd=UNITY_ENABLE_REFLECTION_BUFFERS UNITY_USE_DITHER_MASK_FOR_ALPHABLENDED_SHADOWS UNITY_PBS_USE_BRDF1 UNITY_SPECCUBE_BOX_PROJECTION UNITY_SPECCUBE_BLENDING UNITY_ENABLE_DETAIL_NORMALMAP SHADER_API_DESKTOP UNITY_COLORSPACE_GAMMA UNITY_LIGHTMAP_RGBM_ENCODING ok=1
Cmd: compileSnippet
  api=5 type=0 insize=1272 outsize=13387 kw=DIRECTIONAL DYNAMICLIGHTMAP_ON _EMISSION VERTEXLIGHT_ON pd=UNITY_ENABLE_REFLECTION_BUFFERS UNITY_USE_DITHER_MASK_FOR_ALPHABLENDED_SHADOWS UNITY_PBS_USE_BRDF1 UNITY_SPECCUBE_BOX_PROJECTION UNITY_SPECCUBE_BLENDING UNITY_ENABLE_DETAIL_NORMALMAP SHADER_API_DESKTOP UNITY_COLORSPACE_GAMMA UNITY_LIGHTMAP_RGBM_ENCODING ok=1
Cmd: compileSnippet
  api=5 type=0 insize=1272 outsize=13464 kw=DIRECTIONAL DYNAMICLIGHTMAP_ON _EMISSION VERTEXLIGHT_ON _ALPHABLEND_ON pd=UNITY_ENABLE_REFLECTION_BUFFERS UNITY_USE_DITHER_MASK_FOR_ALPHABLENDED_SHADOWS UNITY_PBS_USE_BRDF1 UNITY_SPECCUBE_BOX_PROJECTION UNITY_SPECCUBE_BLENDING UNITY_ENABLE_DETAIL_NORMALMAP SHADER_API_DESKTOP UNITY_COLORSPACE_GAMMA UNITY_LIGHTMAP_RGBM_ENCODING ok=1
Cmd: compileSnippet
  api=9 type=0 insize=1272 outsize=13758 kw=DIRECTIONAL DYNAMICLIGHTMAP_ON VERTEXLIGHT_ON _METALLICGLOSSMAP pd=UNITY_ENABLE_REFLECTION_BUFFERS UNITY_USE_DITHER_MASK_FOR_ALPHABLENDED_SHADOWS UNITY_PBS_USE_BRDF1 UNITY_SPECCUBE_BOX_PROJECTION UNITY_SPECCUBE_BLENDING UNITY_ENABLE_DETAIL_NORMALMAP SHADER_API_DESKTOP UNITY_COLORSPACE_GAMMA UNITY_LIGHTMAP_RGBM_ENCODING ok=1
Cmd: compileSnippet
  api=9 type=0 insize=1272 outsize=13678 kw=DIRECTIONAL DYNAMICLIGHTMAP_ON VERTEXLIGHT_ON _SMOOTHNESS_TEXTURE_ALBEDO_CHANNEL_A pd=UNITY_ENABLE_REFLECTION_BUFFERS UNITY_USE_DITHER_MASK_FOR_ALPHABLENDED_SHADOWS UNITY_PBS_USE_BRDF1 UNITY_SPECCUBE_BOX_PROJECTION UNITY_SPECCUBE_BLENDING UNITY_ENABLE_DETAIL_NORMALMAP SHADER_API_DESKTOP UNITY_COLORSPACE_GAMMA UNITY_LIGHTMAP_RGBM_ENCODING ok=1
Cmd: compileSnippet
  api=5 type=0 insize=1272 outsize=14215 kw=DIRECTIONAL SHADOWS_SCREEN _EMISSION VERTEXLIGHT_ON pd=UNITY_ENABLE_REFLECTION_BUFFERS UNITY_USE_DITHER_MASK_FOR_ALPHABLENDED_SHADOWS UNITY_PBS_USE_BRDF1 UNITY_SPECCUBE_BOX_PROJECTION UNITY_SPECCUBE_BLENDING UNITY_ENABLE_DETAIL_NORMALMAP SHADER_API_DESKTOP UNITY_COLORSPACE_GAMMA UNITY_LIGHTMAP_RGBM_ENCODING ok=1
Cmd: compileSnippet
  api=5 type=0 insize=1272 outsize=14293 kw=DIRECTIONAL SHADOWS_SCREEN _EMISSION VERTEXLIGHT_ON _ALPHABLEND_ON pd=UNITY_ENABLE_REFLECTION_BUFFERS UNITY_USE_DITHER_MASK_FOR_ALPHABLENDED_SHADOWS UNITY_PBS_USE_BRDF1 UNITY_SPECCUBE_BOX_PROJECTION UNITY_SPECCUBE_BLENDING UNITY_ENABLE_DETAIL_NORMALMAP SHADER_API_DESKTOP UNITY_COLORSPACE_GAMMA UNITY_LIGHTMAP_RGBM_ENCODING ok=1
Cmd: compileSnippet
  api=9 type=0 insize=1272 outsize=14645 kw=DIRECTIONAL SHADOWS_SCREEN VERTEXLIGHT_ON _METALLICGLOSSMAP pd=UNITY_ENABLE_REFLECTION_BUFFERS UNITY_USE_DITHER_MASK_FOR_ALPHABLENDED_SHADOWS UNITY_PBS_USE_BRDF1 UNITY_SPECCUBE_BOX_PROJECTION UNITY_SPECCUBE_BLENDING UNITY_ENABLE_DETAIL_NORMALMAP SHADER_API_DESKTOP UNITY_COLORSPACE_GAMMA UNITY_LIGHTMAP_RGBM_ENCODING ok=1
Cmd: compileSnippet
  api=5 type=0 insize=1272 outsize=14236 kw=DIRECTIONAL SHADOWS_SCREEN _EMISSION VERTEXLIGHT_ON _SMOOTHNESS_TEXTURE_ALBEDO_CHANNEL_A pd=UNITY_ENABLE_REFLECTION_BUFFERS UNITY_USE_DITHER_MASK_FOR_ALPHABLENDED_SHADOWS UNITY_PBS_USE_BRDF1 UNITY_SPECCUBE_BOX_PROJECTION UNITY_SPECCUBE_BLENDING UNITY_ENABLE_DETAIL_NORMALMAP SHADER_API_DESKTOP UNITY_COLORSPACE_GAMMA UNITY_LIGHTMAP_RGBM_ENCODING ok=1
Cmd: compileSnippet
  api=9 type=0 insize=1272 outsize=14448 kw=DIRECTIONAL SHADOWS_SCREEN VERTEXLIGHT_ON pd=UNITY_ENABLE_REFLECTION_BUFFERS UNITY_USE_DITHER_MASK_FOR_ALPHABLENDED_SHADOWS UNITY_PBS_USE_BRDF1 UNITY_SPECCUBE_BOX_PROJECTION UNITY_SPECCUBE_BLENDING UNITY_ENABLE_DETAIL_NORMALMAP SHADER_API_DESKTOP UNITY_COLORSPACE_GAMMA UNITY_LIGHTMAP_RGBM_ENCODING ok=1
Cmd: compileSnippet
  api=9 type=0 insize=1272 outsize=17571 kw=DIRECTIONAL SHADOWS_SCREEN LIGHTPROBE_SH VERTEXLIGHT_ON _ALPHABLEND_ON pd=UNITY_ENABLE_REFLECTION_BUFFERS UNITY_USE_DITHER_MASK_FOR_ALPHABLENDED_SHADOWS UNITY_PBS_USE_BRDF1 UNITY_SPECCUBE_BOX_PROJECTION UNITY_SPECCUBE_BLENDING UNITY_ENABLE_DETAIL_NORMALMAP SHADER_API_DESKTOP UNITY_COLORSPACE_GAMMA UNITY_LIGHTMAP_RGBM_ENCODING ok=1
Cmd: compileSnippet
  api=5 type=0 insize=1272 outsize=17611 kw=DIRECTIONAL SHADOWS_SCREEN LIGHTPROBE_SH _EMISSION VERTEXLIGHT_ON _METALLICGLOSSMAP pd=UNITY_ENABLE_REFLECTION_BUFFERS UNITY_USE_DITHER_MASK_FOR_ALPHABLENDED_SHADOWS UNITY_PBS_USE_BRDF1 UNITY_SPECCUBE_BOX_PROJECTION UNITY_SPECCUBE_BLENDING UNITY_ENABLE_DETAIL_NORMALMAP SHADER_API_DESKTOP UNITY_COLORSPACE_GAMMA UNITY_LIGHTMAP_RGBM_ENCODING ok=1
Cmd: compileSnippet
  api=9 type=0 insize=1272 outsize=17586 kw=DIRECTIONAL SHADOWS_SCREEN LIGHTPROBE_SH VERTEXLIGHT_ON _SMOOTHNESS_TEXTURE_ALBEDO_CHANNEL_A pd=UNITY_ENABLE_REFLECTION_BUFFERS UNITY_USE_DITHER_MASK_FOR_ALPHABLENDED_SHADOWS UNITY_PBS_USE_BRDF1 UNITY_SPECCUBE_BOX_PROJECTION UNITY_SPECCUBE_BLENDING UNITY_ENABLE_DETAIL_NORMALMAP SHADER_API_DESKTOP UNITY_COLORSPACE_GAMMA UNITY_LIGHTMAP_RGBM_ENCODING ok=1
Cmd: compileSnippet
  api=5 type=0 insize=1272 outsize=14964 kw=DIRECTIONAL SHADOWS_SCREEN DYNAMICLIGHTMAP_ON _EMISSION VERTEXLIGHT_ON pd=UNITY_ENABLE_REFLECTION_BUFFERS UNITY_USE_DITHER_MASK_FOR_ALPHABLENDED_SHADOWS UNITY_PBS_USE_BRDF1 UNITY_SPECCUBE_BOX_PROJECTION UNITY_SPECCUBE_BLENDING UNITY_ENABLE_DETAIL_NORMALMAP SHADER_API_DESKTOP UNITY_COLORSPACE_GAMMA UNITY_LIGHTMAP_RGBM_ENCODING ok=1
Cmd: compileSnippet
  api=9 type=0 insize=1272 outsize=15137 kw=DIRECTIONAL SHADOWS_SCREEN DYNAMICLIGHTMAP_ON VERTEXLIGHT_ON _ALPHABLEND_ON pd=UNITY_ENABLE_REFLECTION_BUFFERS UNITY_USE_DITHER_MASK_FOR_ALPHABLENDED_SHADOWS UNITY_PBS_USE_BRDF1 UNITY_SPECCUBE_BOX_PROJECTION UNITY_SPECCUBE_BLENDING UNITY_ENABLE_DETAIL_NORMALMAP SHADER_API_DESKTOP UNITY_COLORSPACE_GAMMA UNITY_LIGHTMAP_RGBM_ENCODING ok=1
Cmd: compileSnippet
  api=5 type=0 insize=1272 outsize=15069 kw=DIRECTIONAL SHADOWS_SCREEN DYNAMICLIGHTMAP_ON _EMISSION VERTEXLIGHT_ON _METALLICGLOSSMAP pd=UNITY_ENABLE_REFLECTION_BUFFERS UNITY_USE_DITHER_MASK_FOR_ALPHABLENDED_SHADOWS UNITY_PBS_USE_BRDF1 UNITY_SPECCUBE_BOX_PROJECTION UNITY_SPECCUBE_BLENDING UNITY_ENABLE_DETAIL_NORMALMAP SHADER_API_DESKTOP UNITY_COLORSPACE_GAMMA UNITY_LIGHTMAP_RGBM_ENCODING ok=1
Cmd: compileSnippet
  api=9 type=0 insize=1272 outsize=15310 kw=DIRECTIONAL SHADOWS_SCREEN DYNAMICLIGHTMAP_ON VERTEXLIGHT_ON _SMOOTHNESS_TEXTURE_ALBEDO_CHANNEL_A pd=UNITY_ENABLE_REFLECTION_BUFFERS UNITY_USE_DITHER_MASK_FOR_ALPHABLENDED_SHADOWS UNITY_PBS_USE_BRDF1 UNITY_SPECCUBE_BOX_PROJECTION UNITY_SPECCUBE_BLENDING UNITY_ENABLE_DETAIL_NORMALMAP SHADER_API_DESKTOP UNITY_COLORSPACE_GAMMA UNITY_LIGHTMAP_RGBM_ENCODING ok=1
Cmd: compileSnippet
  api=5 type=0 insize=1272 outsize=6463 kw=DIRECTIONAL _EMISSION pd=UNITY_ENABLE_REFLECTION_BUFFERS UNITY_USE_DITHER_MASK_FOR_ALPHABLENDED_SHADOWS UNITY_PBS_USE_BRDF1 UNITY_SPECCUBE_BOX_PROJECTION UNITY_SPECCUBE_BLENDING UNITY_ENABLE_DETAIL_NORMALMAP SHADER_API_DESKTOP UNITY_COLORSPACE_GAMMA UNITY_LIGHTMAP_RGBM_ENCODING ok=1
Cmd: compileSnippet
  api=9 type=0 insize=1272 outsize=6569 kw=DIRECTIONAL _ALPHABLEND_ON pd=UNITY_ENABLE_REFLECTION_BUFFERS UNITY_USE_DITHER_MASK_FOR_ALPHABLENDED_SHADOWS UNITY_PBS_USE_BRDF1 UNITY_SPECCUBE_BOX_PROJECTION UNITY_SPECCUBE_BLENDING UNITY_ENABLE_DETAIL_NORMALMAP SHADER_API_DESKTOP UNITY_COLORSPACE_GAMMA UNITY_LIGHTMAP_RGBM_ENCODING ok=1
Cmd: compileSnippet
  api=9 type=0 insize=1272 outsize=6757 kw=DIRECTIONAL _METALLICGLOSSMAP pd=UNITY_ENABLE_REFLECTION_BUFFERS UNITY_USE_DITHER_MASK_FOR_ALPHABLENDED_SHADOWS UNITY_PBS_USE_BRDF1 UNITY_SPECCUBE_BOX_PROJECTION UNITY_SPECCUBE_BLENDING UNITY_ENABLE_DETAIL_NORMALMAP SHADER_API_DESKTOP UNITY_COLORSPACE_GAMMA UNITY_LIGHTMAP_RGBM_ENCODING ok=1
Cmd: compileSnippet
  api=5 type=0 insize=1272 outsize=6484 kw=DIRECTIONAL _EMISSION _SMOOTHNESS_TEXTURE_ALBEDO_CHANNEL_A pd=UNITY_ENABLE_REFLECTION_BUFFERS UNITY_USE_DITHER_MASK_FOR_ALPHABLENDED_SHADOWS UNITY_PBS_USE_BRDF1 UNITY_SPECCUBE_BOX_PROJECTION UNITY_SPECCUBE_BLENDING UNITY_ENABLE_DETAIL_NORMALMAP SHADER_API_DESKTOP UNITY_COLORSPACE_GAMMA UNITY_LIGHTMAP_RGBM_ENCODING ok=1
Cmd: compileSnippet
  api=5 type=1 insize=1272 outsize=0 kw=DIRECTIONAL pd=UNITY_ENABLE_REFLECTION_BUFFERS UNITY_USE_DITHER_MASK_FOR_ALPHABLENDED_SHADOWS UNITY_PBS_USE_BRDF1 UNITY_SPECCUBE_BOX_PROJECTION UNITY_SPECCUBE_BLENDING UNITY_ENABLE_DETAIL_NORMALMAP SHADER_API_DESKTOP UNITY_COLORSPACE_GAMMA UNITY_LIGHTMAP_RGBM_ENCODING ok=1
Cmd: compileSnippet
  api=5 type=1 insize=1272 outsize=0 kw=DIRECTIONAL LIGHTPROBE_SH _ALPHABLEND_ON pd=UNITY_ENABLE_REFLECTION_BUFFERS UNITY_USE_DITHER_MASK_FOR_ALPHABLENDED_SHADOWS UNITY_PBS_USE_BRDF1 UNITY_SPECCUBE_BOX_PROJECTION UNITY_SPECCUBE_BLENDING UNITY_ENABLE_DETAIL_NORMALMAP SHADER_API_DESKTOP UNITY_COLORSPACE_GAMMA UNITY_LIGHTMAP_RGBM_ENCODING ok=1
Cmd: compileSnippet
  api=5 type=1 insize=1272 outsize=0 kw=DIRECTIONAL LIGHTPROBE_SH _METALLICGLOSSMAP pd=UNITY_ENABLE_REFLECTION_BUFFERS UNITY_USE_DITHER_MASK_FOR_ALPHABLENDED_SHADOWS UNITY_PBS_USE_BRDF1 UNITY_SPECCUBE_BOX_PROJECTION UNITY_SPECCUBE_BLENDING UNITY_ENABLE_DETAIL_NORMALMAP SHADER_API_DESKTOP UNITY_COLORSPACE_GAMMA UNITY_LIGHTMAP_RGBM_ENCODING ok=1
Cmd: compileSnippet
  api=5 type=1 insize=1272 outsize=0 kw=DIRECTIONAL LIGHTPROBE_SH _SMOOTHNESS_TEXTURE_ALBEDO_CHANNEL_A pd=UNITY_ENABLE_REFLECTION_BUFFERS UNITY_USE_DITHER_MASK_FOR_ALPHABLENDED_SHADOWS UNITY_PBS_USE_BRDF1 UNITY_SPECCUBE_BOX_PROJECTION UNITY_SPECCUBE_BLENDING UNITY_ENABLE_DETAIL_NORMALMAP SHADER_API_DESKTOP UNITY_COLORSPACE_GAMMA UNITY_LIGHTMAP_RGBM_ENCODING ok=1
Cmd: compileSnippet
  api=9 type=1 insize=1272 outsize=0 kw=DIRECTIONAL LIGHTPROBE_SH pd=UNITY_ENABLE_REFLECTION_BUFFERS UNITY_USE_DITHER_MASK_FOR_ALPHABLENDED_SHADOWS UNITY_PBS_USE_BRDF1 UNITY_SPECCUBE_BOX_PROJECTION UNITY_SPECCUBE_BLENDING UNITY_ENABLE_DETAIL_NORMALMAP SHADER_API_DESKTOP UNITY_COLORSPACE_GAMMA UNITY_LIGHTMAP_RGBM_ENCODING ok=1
Cmd: compileSnippet
  api=5 type=1 insize=1272 outsize=0 kw=DIRECTIONAL DYNAMICLIGHTMAP_ON _EMISSION _ALPHABLEND_ON pd=UNITY_ENABLE_REFLECTION_BUFFERS UNITY_USE_DITHER_MASK_FOR_ALPHABLENDED_SHADOWS UNITY_PBS_USE_BRDF1 UNITY_SPECCUBE_BOX_PROJECTION UNITY_SPECCUBE_BLENDING UNITY_ENABLE_DETAIL_NORMALMAP SHADER_API_DESKTOP UNITY_COLORSPACE_GAMMA UNITY_LIGHTMAP_RGBM_ENCODING ok=1
Cmd: compileSnippet
  api=5 type=1 insize=1272 outsize=0 kw=DIRECTIONAL DYNAMICLIGHTMAP_ON _EMISSION _METALLICGLOSSMAP pd=UNITY_ENABLE_REFLECTION_BUFFERS UNITY_USE_DITHER_MASK_FOR_ALPHABLENDED_SHADOWS UNITY_PBS_USE_BRDF1 UNITY_SPECCUBE_BOX_PROJECTION UNITY_SPECCUBE_BLENDING UNITY_ENABLE_DETAIL_NORMALMAP SHADER_API_DESKTOP UNITY_COLORSPACE_GAMMA UNITY_LIGHTMAP_RGBM_ENCODING ok=1
Cmd: compileSnippet
  api=5 type=1 insize=1272 outsize=0 kw=DIRECTIONAL DYNAMICLIGHTMAP_ON _EMISSION _SMOOTHNESS_TEXTURE_ALBEDO_CHANNEL_A pd=UNITY_ENABLE_REFLECTION_BUFFERS UNITY_USE_DITHER_MASK_FOR_ALPHABLENDED_SHADOWS UNITY_PBS_USE_BRDF1 UNITY_SPECCUBE_BOX_PROJECTION UNITY_SPECCUBE_BLENDING UNITY_ENABLE_DETAIL_NORMALMAP SHADER_API_DESKTOP UNITY_COLORSPACE_GAMMA UNITY_LIGHTMAP_RGBM_ENCODING ok=1
Cmd: compileSnippet
  api=5 type=1 insize=1272 outsize=0 kw=DIRECTIONAL SHADOWS_SCREEN _EMISSION pd=UNITY_ENABLE_REFLECTION_BUFFERS UNITY_USE_DITHER_MASK_FOR_ALPHABLENDED_SHADOWS UNITY_PBS_USE_BRDF1 UNITY_SPECCUBE_BOX_PROJECTION UNITY_SPECCUBE_BLENDING UNITY_ENABLE_DETAIL_NORMALMAP SHADER_API_DESKTOP UNITY_COLORSPACE_GAMMA UNITY_LIGHTMAP_RGBM_ENCODING ok=1
Cmd: compileSnippet
  api=5 type=1 insize=1272 outsize=0 kw=DIRECTIONAL SHADOWS_SCREEN _ALPHABLEND_ON pd=UNITY_ENABLE_REFLECTION_BUFFERS UNITY_USE_DITHER_MASK_FOR_ALPHABLENDED_SHADOWS UNITY_PBS_USE_BRDF1 UNITY_SPECCUBE_BOX_PROJECTION UNITY_SPECCUBE_BLENDING UNITY_ENABLE_DETAIL_NORMALMAP SHADER_API_DESKTOP UNITY_COLORSPACE_GAMMA UNITY_LIGHTMAP_RGBM_ENCODING ok=1
Cmd: compileSnippet
  api=9 type=1 insize=1272 outsize=0 kw=DIRECTIONAL SHADOWS_SCREEN _METALLICGLOSSMAP pd=UNITY_ENABLE_REFLECTION_BUFFERS UNITY_USE_DITHER_MASK_FOR_ALPHABLENDED_SHADOWS UNITY_PBS_USE_BRDF1 UNITY_SPECCUBE_BOX_PROJECTION UNITY_SPECCUBE_BLENDING UNITY_ENABLE_DETAIL_NORMALMAP SHADER_API_DESKTOP UNITY_COLORSPACE_GAMMA UNITY_LIGHTMAP_RGBM_ENCODING ok=1
Cmd: compileSnippet
  api=5 type=1 insize=1272 outsize=0 kw=DIRECTIONAL SHADOWS_SCREEN _EMISSION _SMOOTHNESS_TEXTURE_ALBEDO_CHANNEL_A pd=UNITY_ENABLE_REFLECTION_BUFFERS UNITY_USE_DITHER_MASK_FOR_ALPHABLENDED_SHADOWS UNITY_PBS_USE_BRDF1 UNITY_SPECCUBE_BOX_PROJECTION UNITY_SPECCUBE_BLENDING UNITY_ENABLE_DETAIL_NORMALMAP SHADER_API_DESKTOP UNITY_COLORSPACE_GAMMA UNITY_LIGHTMAP_RGBM_ENCODING ok=1
Cmd: compileSnippet
  api=5 type=1 insize=1272 outsize=0 kw=DIRECTIONAL SHADOWS_SCREEN LIGHTPROBE_SH _EMISSION pd=UNITY_ENABLE_REFLECTION_BUFFERS UNITY_USE_DITHER_MASK_FOR_ALPHABLENDED_SHADOWS UNITY_PBS_USE_BRDF1 UNITY_SPECCUBE_BOX_PROJECTION UNITY_SPECCUBE_BLENDING UNITY_ENABLE_DETAIL_NORMALMAP SHADER_API_DESKTOP UNITY_COLORSPACE_GAMMA UNITY_LIGHTMAP_RGBM_ENCODING ok=1
Cmd: compileSnippet
  api=5 type=1 insize=1272 outsize=0 kw=DIRECTIONAL SHADOWS_SCREEN LIGHTPROBE_SH _EMISSION _ALPHABLEND_ON pd=UNITY_ENABLE_REFLECTION_BUFFERS UNITY_USE_DITHER_MASK_FOR_ALPHABLENDED_SHADOWS UNITY_PBS_USE_BRDF1 UNITY_SPECCUBE_BOX_PROJECTION UNITY_SPECCUBE_BLENDING UNITY_ENABLE_DETAIL_NORMALMAP SHADER_API_DESKTOP UNITY_COLORSPACE_GAMMA UNITY_LIGHTMAP_RGBM_ENCODING ok=1
Cmd: compileSnippet
  api=5 type=1 insize=1272 outsize=0 kw=DIRECTIONAL SHADOWS_SCREEN LIGHTPROBE_SH _METALLICGLOSSMAP pd=UNITY_ENABLE_REFLECTION_BUFFERS UNITY_USE_DITHER_MASK_FOR_ALPHABLENDED_SHADOWS UNITY_PBS_USE_BRDF1 UNITY_SPECCUBE_BOX_PROJECTION UNITY_SPECCUBE_BLENDING UNITY_ENABLE_DETAIL_NORMALMAP SHADER_API_DESKTOP UNITY_COLORSPACE_GAMMA UNITY_LIGHTMAP_RGBM_ENCODING ok=1
Cmd: compileSnippet
  api=5 type=1 insize=1272 outsize=0 kw=DIRECTIONAL SHADOWS_SCREEN LIGHTPROBE_SH _SMOOTHNESS_TEXTURE_ALBEDO_CHANNEL_A pd=UNITY_ENABLE_REFLECTION_BUFFERS UNITY_USE_DITHER_MASK_FOR_ALPHABLENDED_SHADOWS UNITY_PBS_USE_BRDF1 UNITY_SPECCUBE_BOX_PROJECTION UNITY_SPECCUBE_BLENDING UNITY_ENABLE_DETAIL_NORMALMAP SHADER_API_DESKTOP UNITY_COLORSPACE_GAMMA UNITY_LIGHTMAP_RGBM_ENCODING ok=1
Cmd: compileSnippet
  api=9 type=1 insize=1272 outsize=0 kw=DIRECTIONAL SHADOWS_SCREEN DYNAMICLIGHTMAP_ON _EMISSION pd=UNITY_ENABLE_REFLECTION_BUFFERS UNITY_USE_DITHER_MASK_FOR_ALPHABLENDED_SHADOWS UNITY_PBS_USE_BRDF1 UNITY_SPECCUBE_BOX_PROJECTION UNITY_SPECCUBE_BLENDING UNITY_ENABLE_DETAIL_NORMALMAP SHADER_API_DESKTOP UNITY_COLORSPACE_GAMMA UNITY_LIGHTMAP_RGBM_ENCODING ok=1
Cmd: compileSnippet
  api=9 type=1 insize=1272 outsize=0 kw=DIRECTIONAL SHADOWS_SCREEN DYNAMICLIGHTMAP_ON _EMISSION _ALPHABLEND_ON pd=UNITY_ENABLE_REFLECTION_BUFFERS UNITY_USE_DITHER_MASK_FOR_ALPHABLENDED_SHADOWS UNITY_PBS_USE_BRDF1 UNITY_SPECCUBE_BOX_PROJECTION UNITY_SPECCUBE_BLENDING UNITY_ENABLE_DETAIL_NORMALMAP SHADER_API_DESKTOP UNITY_COLORSPACE_GAMMA UNITY_LIGHTMAP_RGBM_ENCODING ok=1
Cmd: compileSnippet
  api=5 type=1 insize=1272 outsize=0 kw=DIRECTIONAL SHADOWS_SCREEN DYNAMICLIGHTMAP_ON _EMISSION _METALLICGLOSSMAP pd=UNITY_ENABLE_REFLECTION_BUFFERS UNITY_USE_DITHER_MASK_FOR_ALPHABLENDED_SHADOWS UNITY_PBS_USE_BRDF1 UNITY_SPECCUBE_BOX_PROJECTION UNITY_SPECCUBE_BLENDING UNITY_ENABLE_DETAIL_NORMALMAP SHADER_API_DESKTOP UNITY_COLORSPACE_GAMMA UNITY_LIGHTMAP_RGBM_ENCODING ok=1
Cmd: compileSnippet
  api=9 type=1 insize=1272 outsize=0 kw=DIRECTIONAL SHADOWS_SCREEN DYNAMICLIGHTMAP_ON _EMISSION _SMOOTHNESS_TEXTURE_ALBEDO_CHANNEL_A pd=UNITY_ENABLE_REFLECTION_BUFFERS UNITY_USE_DITHER_MASK_FOR_ALPHABLENDED_SHADOWS UNITY_PBS_USE_BRDF1 UNITY_SPECCUBE_BOX_PROJECTION UNITY_SPECCUBE_BLENDING UNITY_ENABLE_DETAIL_NORMALMAP SHADER_API_DESKTOP UNITY_COLORSPACE_GAMMA UNITY_LIGHTMAP_RGBM_ENCODING ok=1
Cmd: compileSnippet
  api=9 type=1 insize=1272 outsize=0 kw=DIRECTIONAL _EMISSION pd=UNITY_ENABLE_REFLECTION_BUFFERS UNITY_USE_DITHER_MASK_FOR_ALPHABLENDED_SHADOWS UNITY_PBS_USE_BRDF1 UNITY_SPECCUBE_BOX_PROJECTION UNITY_SPECCUBE_BLENDING UNITY_ENABLE_DETAIL_NORMALMAP SHADER_API_DESKTOP UNITY_COLORSPACE_GAMMA UNITY_LIGHTMAP_RGBM_ENCODING ok=1
Cmd: compileSnippet
  api=9 type=1 insize=1272 outsize=0 kw=DIRECTIONAL _EMISSION _ALPHABLEND_ON pd=UNITY_ENABLE_REFLECTION_BUFFERS UNITY_USE_DITHER_MASK_FOR_ALPHABLENDED_SHADOWS UNITY_PBS_USE_BRDF1 UNITY_SPECCUBE_BOX_PROJECTION UNITY_SPECCUBE_BLENDING UNITY_ENABLE_DETAIL_NORMALMAP SHADER_API_DESKTOP UNITY_COLORSPACE_GAMMA UNITY_LIGHTMAP_RGBM_ENCODING ok=1
Cmd: compileSnippet
  api=9 type=1 insize=1272 outsize=0 kw=DIRECTIONAL _METALLICGLOSSMAP pd=UNITY_ENABLE_REFLECTION_BUFFERS UNITY_USE_DITHER_MASK_FOR_ALPHABLENDED_SHADOWS UNITY_PBS_USE_BRDF1 UNITY_SPECCUBE_BOX_PROJECTION UNITY_SPECCUBE_BLENDING UNITY_ENABLE_DETAIL_NORMALMAP SHADER_API_DESKTOP UNITY_COLORSPACE_GAMMA UNITY_LIGHTMAP_RGBM_ENCODING ok=1
Cmd: compileSnippet
  api=5 type=1 insize=1272 outsize=0 kw=DIRECTIONAL _EMISSION _SMOOTHNESS_TEXTURE_ALBEDO_CHANNEL_A pd=UNITY_ENABLE_REFLECTION_BUFFERS UNITY_USE_DITHER_MASK_FOR_ALPHABLENDED_SHADOWS UNITY_PBS_USE_BRDF1 UNITY_SPECCUBE_BOX_PROJECTION UNITY_SPECCUBE_BLENDING UNITY_ENABLE_DETAIL_NORMALMAP SHADER_API_DESKTOP UNITY_COLORSPACE_GAMMA UNITY_LIGHTMAP_RGBM_ENCODING ok=1
Cmd: compileSnippet
  api=5 type=0 insize=1138 outsize=5507 kw=POINT pd=UNITY_ENABLE_REFLECTION_BUFFERS UNITY_USE_DITHER_MASK_FOR_ALPHABLENDED_SHADOWS UNITY_PBS_USE_BRDF1 UNITY_SPECCUBE_BOX_PROJECTION UNITY_SPECCUBE_BLENDING UNITY_ENABLE_DETAIL_NORMALMAP SHADER_API_DESKTOP UNITY_COLORSPACE_GAMMA UNITY_LIGHTMAP_RGBM_ENCODING ok=1
Cmd: compileSnippet
  api=5 type=0 insize=1138 outsize=4884 kw=DIRECTIONAL _METALLICGLOSSMAP pd=UNITY_ENABLE_REFLECTION_BUFFERS UNITY_USE_DITHER_MASK_FOR_ALPHABLENDED_SHADOWS UNITY_PBS_USE_BRDF1 UNITY_SPECCUBE_BOX_PROJECTION UNITY_SPECCUBE_BLENDING UNITY_ENABLE_DETAIL_NORMALMAP SHADER_API_DESKTOP UNITY_COLORSPACE_GAMMA UNITY_LIGHTMAP_RGBM_ENCODING ok=1
Cmd: compileSnippet
  api=5 type=0 insize=1138 outsize=4784 kw=DIRECTIONAL pd=UNITY_ENABLE_REFLECTION_BUFFERS UNITY_USE_DITHER_MASK_FOR_ALPHABLENDED_SHADOWS UNITY_PBS_USE_BRDF1 UNITY_SPECCUBE_BOX_PROJECTION UNITY_SPECCUBE_BLENDING UNITY_ENABLE_DETAIL_NORMALMAP SHADER_API_DESKTOP UNITY_COLORSPACE_GAMMA UNITY_LIGHTMAP_RGBM_ENCODING ok=1
Cmd: compileSnippet
  api=5 type=0 insize=1138 outsize=5966 kw=SPOT _METALLICGLOSSMAP pd=UNITY_ENABLE_REFLECTION_BUFFERS UNITY_USE_DITHER_MASK_FOR_ALPHABLENDED_SHADOWS UNITY_PBS_USE_BRDF1 UNITY_SPECCUBE_BOX_PROJECTION UNITY_SPECCUBE_BLENDING UNITY_ENABLE_DETAIL_NORMALMAP SHADER_API_DESKTOP UNITY_COLORSPACE_GAMMA UNITY_LIGHTMAP_RGBM_ENCODING ok=1
Cmd: compileSnippet
  api=9 type=0 insize=1138 outsize=6095 kw=SPOT _SMOOTHNESS_TEXTURE_ALBEDO_CHANNEL_A pd=UNITY_ENABLE_REFLECTION_BUFFERS UNITY_USE_DITHER_MASK_FOR_ALPHABLENDED_SHADOWS UNITY_PBS_USE_BRDF1 UNITY_SPECCUBE_BOX_PROJECTION UNITY_SPECCUBE_BLENDING UNITY_ENABLE_DETAIL_NORMALMAP SHADER_API_DESKTOP UNITY_COLORSPACE_GAMMA UNITY_LIGHTMAP_RGBM_ENCODING ok=1
Cmd: compileSnippet
  api=5 type=0 insize=1138 outsize=5698 kw=POINT_COOKIE _METALLICGLOSSMAP pd=UNITY_ENABLE_REFLECTION_BUFFERS UNITY_USE_DITHER_MASK_FOR_ALPHABLENDED_SHADOWS UNITY_PBS_USE_BRDF1 UNITY_SPECCUBE_BOX_PROJECTION UNITY_SPECCUBE_BLENDING UNITY_ENABLE_DETAIL_NORMALMAP SHADER_API_DESKTOP UNITY_COLORSPACE_GAMMA UNITY_LIGHTMAP_RGBM_ENCODING ok=1
Cmd: compileSnippet
  api=9 type=0 insize=1138 outsize=5849 kw=POINT_COOKIE _SMOOTHNESS_TEXTURE_ALBEDO_CHANNEL_A pd=UNITY_ENABLE_REFLECTION_BUFFERS UNITY_USE_DITHER_MASK_FOR_ALPHABLENDED_SHADOWS UNITY_PBS_USE_BRDF1 UNITY_SPECCUBE_BOX_PROJECTION UNITY_SPECCUBE_BLENDING UNITY_ENABLE_DETAIL_NORMALMAP SHADER_API_DESKTOP UNITY_COLORSPACE_GAMMA UNITY_LIGHTMAP_RGBM_ENCODING ok=1
Cmd: compileSnippet
  api=9 type=0 insize=1138 outsize=5497 kw=DIRECTIONAL_COOKIE _ALPHABLEND_ON pd=UNITY_ENABLE_REFLECTION_BUFFERS UNITY_USE_DITHER_MASK_FOR_ALPHABLENDED_SHADOWS UNITY_PBS_USE_BRDF1 UNITY_SPECCUBE_BOX_PROJECTION UNITY_SPECCUBE_BLENDING UNITY_ENABLE_DETAIL_NORMALMAP SHADER_API_DESKTOP UNITY_COLORSPACE_GAMMA UNITY_LIGHTMAP_RGBM_ENCODING ok=1
Cmd: compileSnippet
  api=5 type=0 insize=1138 outsize=5217 kw=DIRECTIONAL_COOKIE pd=UNITY_ENABLE_REFLECTION_BUFFERS UNITY_USE_DITHER_MASK_FOR_ALPHABLENDED_SHADOWS UNITY_PBS_USE_BRDF1 UNITY_SPECCUBE_BOX_PROJECTION UNITY_SPECCUBE_BLENDING UNITY_ENABLE_DETAIL_NORMALMAP SHADER_API_DESKTOP UNITY_COLORSPACE_GAMMA UNITY_LIGHTMAP_RGBM_ENCODING ok=1
Cmd: compileSnippet
  api=9 type=0 insize=1138 outsize=7003 kw=SPOT SHADOWS_DEPTH _ALPHABLEND_ON pd=UNITY_ENABLE_REFLECTION_BUFFERS UNITY_USE_DITHER_MASK_FOR_ALPHABLENDED_SHADOWS UNITY_PBS_USE_BRDF1 UNITY_SPECCUBE_BOX_PROJECTION UNITY_SPECCUBE_BLENDING UNITY_ENABLE_DETAIL_NORMALMAP SHADER_API_DESKTOP UNITY_COLORSPACE_GAMMA UNITY_LIGHTMAP_RGBM_ENCODING ok=1
Cmd: compileSnippet
  api=5 type=0 insize=1138 outsize=6823 kw=SPOT SHADOWS_DEPTH pd=UNITY_ENABLE_REFLECTION_BUFFERS UNITY_USE_DITHER_MASK_FOR_ALPHABLENDED_SHADOWS UNITY_PBS_USE_BRDF1 UNITY_SPECCUBE_BOX_PROJECTION UNITY_SPECCUBE_BLENDING UNITY_ENABLE_DETAIL_NORMALMAP SHADER_API_DESKTOP UNITY_COLORSPACE_GAMMA UNITY_LIGHTMAP_RGBM_ENCODING ok=1
Cmd: compileSnippet
  api=9 type=0 insize=1138 outsize=9101 kw=DIRECTIONAL SHADOWS_SCREEN _ALPHABLEND_ON pd=UNITY_ENABLE_REFLECTION_BUFFERS UNITY_USE_DITHER_MASK_FOR_ALPHABLENDED_SHADOWS UNITY_PBS_USE_BRDF1 UNITY_SPECCUBE_BOX_PROJECTION UNITY_SPECCUBE_BLENDING UNITY_ENABLE_DETAIL_NORMALMAP SHADER_API_DESKTOP UNITY_COLORSPACE_GAMMA UNITY_LIGHTMAP_RGBM_ENCODING ok=1
Cmd: compileSnippet
  api=5 type=0 insize=1138 outsize=8074 kw=DIRECTIONAL SHADOWS_SCREEN pd=UNITY_ENABLE_REFLECTION_BUFFERS UNITY_USE_DITHER_MASK_FOR_ALPHABLENDED_SHADOWS UNITY_PBS_USE_BRDF1 UNITY_SPECCUBE_BOX_PROJECTION UNITY_SPECCUBE_BLENDING UNITY_ENABLE_DETAIL_NORMALMAP SHADER_API_DESKTOP UNITY_COLORSPACE_GAMMA UNITY_LIGHTMAP_RGBM_ENCODING ok=1
Cmd: compileSnippet
  api=5 type=0 insize=1138 outsize=8500 kw=DIRECTIONAL_COOKIE SHADOWS_SCREEN _METALLICGLOSSMAP pd=UNITY_ENABLE_REFLECTION_BUFFERS UNITY_USE_DITHER_MASK_FOR_ALPHABLENDED_SHADOWS UNITY_PBS_USE_BRDF1 UNITY_SPECCUBE_BOX_PROJECTION UNITY_SPECCUBE_BLENDING UNITY_ENABLE_DETAIL_NORMALMAP SHADER_API_DESKTOP UNITY_COLORSPACE_GAMMA UNITY_LIGHTMAP_RGBM_ENCODING ok=1
Cmd: compileSnippet
  api=9 type=0 insize=1138 outsize=9700 kw=DIRECTIONAL_COOKIE SHADOWS_SCREEN _SMOOTHNESS_TEXTURE_ALBEDO_CHANNEL_A pd=UNITY_ENABLE_REFLECTION_BUFFERS UNITY_USE_DITHER_MASK_FOR_ALPHABLENDED_SHADOWS UNITY_PBS_USE_BRDF1 UNITY_SPECCUBE_BOX_PROJECTION UNITY_SPECCUBE_BLENDING UNITY_ENABLE_DETAIL_NORMALMAP SHADER_API_DESKTOP UNITY_COLORSPACE_GAMMA UNITY_LIGHTMAP_RGBM_ENCODING ok=1
Cmd: compileSnippet
  api=5 type=0 insize=1138 outsize=6641 kw=POINT SHADOWS_CUBE _METALLICGLOSSMAP pd=UNITY_ENABLE_REFLECTION_BUFFERS UNITY_USE_DITHER_MASK_FOR_ALPHABLENDED_SHADOWS UNITY_PBS_USE_BRDF1 UNITY_SPECCUBE_BOX_PROJECTION UNITY_SPECCUBE_BLENDING UNITY_ENABLE_DETAIL_NORMALMAP SHADER_API_DESKTOP UNITY_COLORSPACE_GAMMA UNITY_LIGHTMAP_RGBM_ENCODING ok=1
Cmd: compileSnippet
  api=9 type=0 insize=1138 outsize=6560 kw=POINT SHADOWS_CUBE _SMOOTHNESS_TEXTURE_ALBEDO_CHANNEL_A pd=UNITY_ENABLE_REFLECTION_BUFFERS UNITY_USE_DITHER_MASK_FOR_ALPHABLENDED_SHADOWS UNITY_PBS_USE_BRDF1 UNITY_SPECCUBE_BOX_PROJECTION UNITY_SPECCUBE_BLENDING UNITY_ENABLE_DETAIL_NORMALMAP SHADER_API_DESKTOP UNITY_COLORSPACE_GAMMA UNITY_LIGHTMAP_RGBM_ENCODING ok=1
Cmd: compileSnippet
  api=5 type=0 insize=1138 outsize=6734 kw=POINT_COOKIE SHADOWS_CUBE _METALLICGLOSSMAP pd=UNITY_ENABLE_REFLECTION_BUFFERS UNITY_USE_DITHER_MASK_FOR_ALPHABLENDED_SHADOWS UNITY_PBS_USE_BRDF1 UNITY_SPECCUBE_BOX_PROJECTION UNITY_SPECCUBE_BLENDING UNITY_ENABLE_DETAIL_NORMALMAP SHADER_API_DESKTOP UNITY_COLORSPACE_GAMMA UNITY_LIGHTMAP_RGBM_ENCODING ok=1
Cmd: compileSnippet
  api=9 type=0 insize=1138 outsize=6663 kw=POINT_COOKIE SHADOWS_CUBE _SMOOTHNESS_TEXTURE_ALBEDO_CHANNEL_A pd=UNITY_ENABLE_REFLECTION_BUFFERS UNITY_USE_DITHER_MASK_FOR_ALPHABLENDED_SHADOWS UNITY_PBS_USE_BRDF1 UNITY_SPECCUBE_BOX_PROJECTION UNITY_SPECCUBE_BLENDING UNITY_ENABLE_DETAIL_NORMALMAP SHADER_API_DESKTOP UNITY_COLORSPACE_GAMMA UNITY_LIGHTMAP_RGBM_ENCODING ok=1
Cmd: compileSnippet
  api=5 type=0 insize=1138 outsize=5605 kw=POINT _METALLICGLOSSMAP pd=UNITY_ENABLE_REFLECTION_BUFFERS UNITY_USE_DITHER_MASK_FOR_ALPHABLENDED_SHADOWS UNITY_PBS_USE_BRDF1 UNITY_SPECCUBE_BOX_PROJECTION UNITY_SPECCUBE_BLENDING UNITY_ENABLE_DETAIL_NORMALMAP SHADER_API_DESKTOP UNITY_COLORSPACE_GAMMA UNITY_LIGHTMAP_RGBM_ENCODING ok=1
Cmd: compileSnippet
  api=9 type=0 insize=1138 outsize=5696 kw=POINT _SMOOTHNESS_TEXTURE_ALBEDO_CHANNEL_A pd=UNITY_ENABLE_REFLECTION_BUFFERS UNITY_USE_DITHER_MASK_FOR_ALPHABLENDED_SHADOWS UNITY_PBS_USE_BRDF1 UNITY_SPECCUBE_BOX_PROJECTION UNITY_SPECCUBE_BLENDING UNITY_ENABLE_DETAIL_NORMALMAP SHADER_API_DESKTOP UNITY_COLORSPACE_GAMMA UNITY_LIGHTMAP_RGBM_ENCODING ok=1
Cmd: compileSnippet
  api=5 type=1 insize=1138 outsize=0 kw=POINT pd=UNITY_ENABLE_REFLECTION_BUFFERS UNITY_USE_DITHER_MASK_FOR_ALPHABLENDED_SHADOWS UNITY_PBS_USE_BRDF1 UNITY_SPECCUBE_BOX_PROJECTION UNITY_SPECCUBE_BLENDING UNITY_ENABLE_DETAIL_NORMALMAP SHADER_API_DESKTOP UNITY_COLORSPACE_GAMMA UNITY_LIGHTMAP_RGBM_ENCODING ok=1
Cmd: compileSnippet
  api=5 type=1 insize=1138 outsize=0 kw=DIRECTIONAL _METALLICGLOSSMAP pd=UNITY_ENABLE_REFLECTION_BUFFERS UNITY_USE_DITHER_MASK_FOR_ALPHABLENDED_SHADOWS UNITY_PBS_USE_BRDF1 UNITY_SPECCUBE_BOX_PROJECTION UNITY_SPECCUBE_BLENDING UNITY_ENABLE_DETAIL_NORMALMAP SHADER_API_DESKTOP UNITY_COLORSPACE_GAMMA UNITY_LIGHTMAP_RGBM_ENCODING ok=1
Cmd: compileSnippet
  api=5 type=1 insize=1138 outsize=0 kw=DIRECTIONAL pd=UNITY_ENABLE_REFLECTION_BUFFERS UNITY_USE_DITHER_MASK_FOR_ALPHABLENDED_SHADOWS UNITY_PBS_USE_BRDF1 UNITY_SPECCUBE_BOX_PROJECTION UNITY_SPECCUBE_BLENDING UNITY_ENABLE_DETAIL_NORMALMAP SHADER_API_DESKTOP UNITY_COLORSPACE_GAMMA UNITY_LIGHTMAP_RGBM_ENCODING ok=1
Cmd: compileSnippet
  api=9 type=1 insize=1138 outsize=0 kw=SPOT _METALLICGLOSSMAP pd=UNITY_ENABLE_REFLECTION_BUFFERS UNITY_USE_DITHER_MASK_FOR_ALPHABLENDED_SHADOWS UNITY_PBS_USE_BRDF1 UNITY_SPECCUBE_BOX_PROJECTION UNITY_SPECCUBE_BLENDING UNITY_ENABLE_DETAIL_NORMALMAP SHADER_API_DESKTOP UNITY_COLORSPACE_GAMMA UNITY_LIGHTMAP_RGBM_ENCODING ok=1
Cmd: compileSnippet
  api=9 type=1 insize=1138 outsize=0 kw=POINT_COOKIE _ALPHABLEND_ON pd=UNITY_ENABLE_REFLECTION_BUFFERS UNITY_USE_DITHER_MASK_FOR_ALPHABLENDED_SHADOWS UNITY_PBS_USE_BRDF1 UNITY_SPECCUBE_BOX_PROJECTION UNITY_SPECCUBE_BLENDING UNITY_ENABLE_DETAIL_NORMALMAP SHADER_API_DESKTOP UNITY_COLORSPACE_GAMMA UNITY_LIGHTMAP_RGBM_ENCODING ok=1
Cmd: compileSnippet
  api=9 type=1 insize=1138 outsize=0 kw=POINT_COOKIE _SMOOTHNESS_TEXTURE_ALBEDO_CHANNEL_A pd=UNITY_ENABLE_REFLECTION_BUFFERS UNITY_USE_DITHER_MASK_FOR_ALPHABLENDED_SHADOWS UNITY_PBS_USE_BRDF1 UNITY_SPECCUBE_BOX_PROJECTION UNITY_SPECCUBE_BLENDING UNITY_ENABLE_DETAIL_NORMALMAP SHADER_API_DESKTOP UNITY_COLORSPACE_GAMMA UNITY_LIGHTMAP_RGBM_ENCODING ok=1
Cmd: compileSnippet
  api=9 type=1 insize=1138 outsize=0 kw=DIRECTIONAL_COOKIE _ALPHABLEND_ON pd=UNITY_ENABLE_REFLECTION_BUFFERS UNITY_USE_DITHER_MASK_FOR_ALPHABLENDED_SHADOWS UNITY_PBS_USE_BRDF1 UNITY_SPECCUBE_BOX_PROJECTION UNITY_SPECCUBE_BLENDING UNITY_ENABLE_DETAIL_NORMALMAP SHADER_API_DESKTOP UNITY_COLORSPACE_GAMMA UNITY_LIGHTMAP_RGBM_ENCODING ok=1
Cmd: compileSnippet
  api=9 type=1 insize=1138 outsize=0 kw=DIRECTIONAL_COOKIE _METALLICGLOSSMAP pd=UNITY_ENABLE_REFLECTION_BUFFERS UNITY_USE_DITHER_MASK_FOR_ALPHABLENDED_SHADOWS UNITY_PBS_USE_BRDF1 UNITY_SPECCUBE_BOX_PROJECTION UNITY_SPECCUBE_BLENDING UNITY_ENABLE_DETAIL_NORMALMAP SHADER_API_DESKTOP UNITY_COLORSPACE_GAMMA UNITY_LIGHTMAP_RGBM_ENCODING ok=1
Cmd: compileSnippet
  api=9 type=1 insize=1138 outsize=0 kw=SPOT SHADOWS_DEPTH _ALPHABLEND_ON pd=UNITY_ENABLE_REFLECTION_BUFFERS UNITY_USE_DITHER_MASK_FOR_ALPHABLENDED_SHADOWS UNITY_PBS_USE_BRDF1 UNITY_SPECCUBE_BOX_PROJECTION UNITY_SPECCUBE_BLENDING UNITY_ENABLE_DETAIL_NORMALMAP SHADER_API_DESKTOP UNITY_COLORSPACE_GAMMA UNITY_LIGHTMAP_RGBM_ENCODING ok=1
Cmd: compileSnippet
  api=9 type=1 insize=1138 outsize=0 kw=SPOT SHADOWS_DEPTH _METALLICGLOSSMAP pd=UNITY_ENABLE_REFLECTION_BUFFERS UNITY_USE_DITHER_MASK_FOR_ALPHABLENDED_SHADOWS UNITY_PBS_USE_BRDF1 UNITY_SPECCUBE_BOX_PROJECTION UNITY_SPECCUBE_BLENDING UNITY_ENABLE_DETAIL_NORMALMAP SHADER_API_DESKTOP UNITY_COLORSPACE_GAMMA UNITY_LIGHTMAP_RGBM_ENCODING ok=1
Cmd: compileSnippet
  api=9 type=1 insize=1138 outsize=0 kw=SPOT SHADOWS_DEPTH pd=UNITY_ENABLE_REFLECTION_BUFFERS UNITY_USE_DITHER_MASK_FOR_ALPHABLENDED_SHADOWS UNITY_PBS_USE_BRDF1 UNITY_SPECCUBE_BOX_PROJECTION UNITY_SPECCUBE_BLENDING UNITY_ENABLE_DETAIL_NORMALMAP SHADER_API_DESKTOP UNITY_COLORSPACE_GAMMA UNITY_LIGHTMAP_RGBM_ENCODING ok=1
Cmd: compileSnippet
  api=9 type=1 insize=1138 outsize=0 kw=DIRECTIONAL SHADOWS_SCREEN _METALLICGLOSSMAP pd=UNITY_ENABLE_REFLECTION_BUFFERS UNITY_USE_DITHER_MASK_FOR_ALPHABLENDED_SHADOWS UNITY_PBS_USE_BRDF1 UNITY_SPECCUBE_BOX_PROJECTION UNITY_SPECCUBE_BLENDING UNITY_ENABLE_DETAIL_NORMALMAP SHADER_API_DESKTOP UNITY_COLORSPACE_GAMMA UNITY_LIGHTMAP_RGBM_ENCODING ok=1
Cmd: compileSnippet
  api=9 type=1 insize=1138 outsize=0 kw=DIRECTIONAL_COOKIE SHADOWS_SCREEN _ALPHABLEND_ON pd=UNITY_ENABLE_REFLECTION_BUFFERS UNITY_USE_DITHER_MASK_FOR_ALPHABLENDED_SHADOWS UNITY_PBS_USE_BRDF1 UNITY_SPECCUBE_BOX_PROJECTION UNITY_SPECCUBE_BLENDING UNITY_ENABLE_DETAIL_NORMALMAP SHADER_API_DESKTOP UNITY_COLORSPACE_GAMMA UNITY_LIGHTMAP_RGBM_ENCODING ok=1
Cmd: compileSnippet
  api=9 type=1 insize=1138 outsize=0 kw=DIRECTIONAL_COOKIE SHADOWS_SCREEN _METALLICGLOSSMAP pd=UNITY_ENABLE_REFLECTION_BUFFERS UNITY_USE_DITHER_MASK_FOR_ALPHABLENDED_SHADOWS UNITY_PBS_USE_BRDF1 UNITY_SPECCUBE_BOX_PROJECTION UNITY_SPECCUBE_BLENDING UNITY_ENABLE_DETAIL_NORMALMAP SHADER_API_DESKTOP UNITY_COLORSPACE_GAMMA UNITY_LIGHTMAP_RGBM_ENCODING ok=1
Cmd: compileSnippet
  api=9 type=1 insize=1138 outsize=0 kw=POINT SHADOWS_CUBE _ALPHABLEND_ON pd=UNITY_ENABLE_REFLECTION_BUFFERS UNITY_USE_DITHER_MASK_FOR_ALPHABLENDED_SHADOWS UNITY_PBS_USE_BRDF1 UNITY_SPECCUBE_BOX_PROJECTION UNITY_SPECCUBE_BLENDING UNITY_ENABLE_DETAIL_NORMALMAP SHADER_API_DESKTOP UNITY_COLORSPACE_GAMMA UNITY_LIGHTMAP_RGBM_ENCODING ok=1
Cmd: compileSnippet
  api=5 type=1 insize=1138 outsize=0 kw=POINT SHADOWS_CUBE _SMOOTHNESS_TEXTURE_ALBEDO_CHANNEL_A pd=UNITY_ENABLE_REFLECTION_BUFFERS UNITY_USE_DITHER_MASK_FOR_ALPHABLENDED_SHADOWS UNITY_PBS_USE_BRDF1 UNITY_SPECCUBE_BOX_PROJECTION UNITY_SPECCUBE_BLENDING UNITY_ENABLE_DETAIL_NORMALMAP SHADER_API_DESKTOP UNITY_COLORSPACE_GAMMA UNITY_LIGHTMAP_RGBM_ENCODING ok=1
Cmd: compileSnippet
  api=5 type=1 insize=1138 outsize=0 kw=POINT_COOKIE SHADOWS_CUBE _ALPHABLEND_ON pd=UNITY_ENABLE_REFLECTION_BUFFERS UNITY_USE_DITHER_MASK_FOR_ALPHABLENDED_SHADOWS UNITY_PBS_USE_BRDF1 UNITY_SPECCUBE_BOX_PROJECTION UNITY_SPECCUBE_BLENDING UNITY_ENABLE_DETAIL_NORMALMAP SHADER_API_DESKTOP UNITY_COLORSPACE_GAMMA UNITY_LIGHTMAP_RGBM_ENCODING ok=1
Cmd: compileSnippet
  api=9 type=1 insize=1138 outsize=0 kw=POINT_COOKIE SHADOWS_CUBE _METALLICGLOSSMAP pd=UNITY_ENABLE_REFLECTION_BUFFERS UNITY_USE_DITHER_MASK_FOR_ALPHABLENDED_SHADOWS UNITY_PBS_USE_BRDF1 UNITY_SPECCUBE_BOX_PROJECTION UNITY_SPECCUBE_BLENDING UNITY_ENABLE_DETAIL_NORMALMAP SHADER_API_DESKTOP UNITY_COLORSPACE_GAMMA UNITY_LIGHTMAP_RGBM_ENCODING ok=1
Cmd: compileSnippet
  api=9 type=1 insize=1138 outsize=0 kw=POINT_COOKIE SHADOWS_CUBE pd=UNITY_ENABLE_REFLECTION_BUFFERS UNITY_USE_DITHER_MASK_FOR_ALPHABLENDED_SHADOWS UNITY_PBS_USE_BRDF1 UNITY_SPECCUBE_BOX_PROJECTION UNITY_SPECCUBE_BLENDING UNITY_ENABLE_DETAIL_NORMALMAP SHADER_API_DESKTOP UNITY_COLORSPACE_GAMMA UNITY_LIGHTMAP_RGBM_ENCODING ok=1
Cmd: compileSnippet
  api=9 type=1 insize=1138 outsize=0 kw=POINT _SMOOTHNESS_TEXTURE_ALBEDO_CHANNEL_A pd=UNITY_ENABLE_REFLECTION_BUFFERS UNITY_USE_DITHER_MASK_FOR_ALPHABLENDED_SHADOWS UNITY_PBS_USE_BRDF1 UNITY_SPECCUBE_BOX_PROJECTION UNITY_SPECCUBE_BLENDING UNITY_ENABLE_DETAIL_NORMALMAP SHADER_API_DESKTOP UNITY_COLORSPACE_GAMMA UNITY_LIGHTMAP_RGBM_ENCODING ok=1
Cmd: compileSnippet
  api=5 type=0 insize=809 outsize=1400 kw=SHADOWS_DEPTH pd=UNITY_ENABLE_REFLECTION_BUFFERS UNITY_USE_DITHER_MASK_FOR_ALPHABLENDED_SHADOWS UNITY_PBS_USE_BRDF1 UNITY_SPECCUBE_BOX_PROJECTION UNITY_SPECCUBE_BLENDING UNITY_ENABLE_DETAIL_NORMALMAP SHADER_API_DESKTOP UNITY_COLORSPACE_GAMMA UNITY_LIGHTMAP_RGBM_ENCODING ok=1
Cmd: compileSnippet
  api=9 type=0 insize=809 outsize=2000 kw=SHADOWS_CUBE _METALLICGLOSSMAP pd=UNITY_ENABLE_REFLECTION_BUFFERS UNITY_USE_DITHER_MASK_FOR_ALPHABLENDED_SHADOWS UNITY_PBS_USE_BRDF1 UNITY_SPECCUBE_BOX_PROJECTION UNITY_SPECCUBE_BLENDING UNITY_ENABLE_DETAIL_NORMALMAP SHADER_API_DESKTOP UNITY_COLORSPACE_GAMMA UNITY_LIGHTMAP_RGBM_ENCODING ok=1
Cmd: compileSnippet
  api=5 type=0 insize=809 outsize=1400 kw=SHADOWS_DEPTH _METALLICGLOSSMAP pd=UNITY_ENABLE_REFLECTION_BUFFERS UNITY_USE_DITHER_MASK_FOR_ALPHABLENDED_SHADOWS UNITY_PBS_USE_BRDF1 UNITY_SPECCUBE_BOX_PROJECTION UNITY_SPECCUBE_BLENDING UNITY_ENABLE_DETAIL_NORMALMAP SHADER_API_DESKTOP UNITY_COLORSPACE_GAMMA UNITY_LIGHTMAP_RGBM_ENCODING ok=1
Cmd: compileSnippet
  api=5 type=1 insize=809 outsize=0 kw=SHADOWS_DEPTH pd=UNITY_ENABLE_REFLECTION_BUFFERS UNITY_USE_DITHER_MASK_FOR_ALPHABLENDED_SHADOWS UNITY_PBS_USE_BRDF1 UNITY_SPECCUBE_BOX_PROJECTION UNITY_SPECCUBE_BLENDING UNITY_ENABLE_DETAIL_NORMALMAP SHADER_API_DESKTOP UNITY_COLORSPACE_GAMMA UNITY_LIGHTMAP_RGBM_ENCODING ok=1
Cmd: compileSnippet
  api=5 type=1 insize=809 outsize=0 kw=SHADOWS_CUBE _METALLICGLOSSMAP pd=UNITY_ENABLE_REFLECTION_BUFFERS UNITY_USE_DITHER_MASK_FOR_ALPHABLENDED_SHADOWS UNITY_PBS_USE_BRDF1 UNITY_SPECCUBE_BOX_PROJECTION UNITY_SPECCUBE_BLENDING UNITY_ENABLE_DETAIL_NORMALMAP SHADER_API_DESKTOP UNITY_COLORSPACE_GAMMA UNITY_LIGHTMAP_RGBM_ENCODING ok=1
Cmd: compileSnippet
  api=5 type=1 insize=809 outsize=0 kw=SHADOWS_DEPTH _METALLICGLOSSMAP pd=UNITY_ENABLE_REFLECTION_BUFFERS UNITY_USE_DITHER_MASK_FOR_ALPHABLENDED_SHADOWS UNITY_PBS_USE_BRDF1 UNITY_SPECCUBE_BOX_PROJECTION UNITY_SPECCUBE_BLENDING UNITY_ENABLE_DETAIL_NORMALMAP SHADER_API_DESKTOP UNITY_COLORSPACE_GAMMA UNITY_LIGHTMAP_RGBM_ENCODING ok=1
Cmd: compileSnippet
  api=5 type=0 insize=807 outsize=3369 kw= pd=UNITY_ENABLE_REFLECTION_BUFFERS UNITY_USE_DITHER_MASK_FOR_ALPHABLENDED_SHADOWS UNITY_PBS_USE_BRDF1 UNITY_SPECCUBE_BOX_PROJECTION UNITY_SPECCUBE_BLENDING UNITY_ENABLE_DETAIL_NORMALMAP SHADER_API_DESKTOP UNITY_COLORSPACE_GAMMA UNITY_LIGHTMAP_RGBM_ENCODING ok=1
Cmd: compileSnippet
  api=9 type=0 insize=807 outsize=4123 kw=_METALLICGLOSSMAP pd=UNITY_ENABLE_REFLECTION_BUFFERS UNITY_USE_DITHER_MASK_FOR_ALPHABLENDED_SHADOWS UNITY_PBS_USE_BRDF1 UNITY_SPECCUBE_BOX_PROJECTION UNITY_SPECCUBE_BLENDING UNITY_ENABLE_DETAIL_NORMALMAP SHADER_API_DESKTOP UNITY_COLORSPACE_GAMMA UNITY_LIGHTMAP_RGBM_ENCODING ok=1
Cmd: compileSnippet
  api=5 type=0 insize=807 outsize=3682 kw=_EMISSION _SMOOTHNESS_TEXTURE_ALBEDO_CHANNEL_A pd=UNITY_ENABLE_REFLECTION_BUFFERS UNITY_USE_DITHER_MASK_FOR_ALPHABLENDED_SHADOWS UNITY_PBS_USE_BRDF1 UNITY_SPECCUBE_BOX_PROJECTION UNITY_SPECCUBE_BLENDING UNITY_ENABLE_DETAIL_NORMALMAP SHADER_API_DESKTOP UNITY_COLORSPACE_GAMMA UNITY_LIGHTMAP_RGBM_ENCODING ok=1
Cmd: compileSnippet
  api=5 type=1 insize=807 outsize=0 kw= pd=UNITY_ENABLE_REFLECTION_BUFFERS UNITY_USE_DITHER_MASK_FOR_ALPHABLENDED_SHADOWS UNITY_PBS_USE_BRDF1 UNITY_SPECCUBE_BOX_PROJECTION UNITY_SPECCUBE_BLENDING UNITY_ENABLE_DETAIL_NORMALMAP SHADER_API_DESKTOP UNITY_COLORSPACE_GAMMA UNITY_LIGHTMAP_RGBM_ENCODING ok=1
Cmd: compileSnippet
  api=5 type=1 insize=807 outsize=0 kw=_METALLICGLOSSMAP pd=UNITY_ENABLE_REFLECTION_BUFFERS UNITY_USE_DITHER_MASK_FOR_ALPHABLENDED_SHADOWS UNITY_PBS_USE_BRDF1 UNITY_SPECCUBE_BOX_PROJECTION UNITY_SPECCUBE_BLENDING UNITY_ENABLE_DETAIL_NORMALMAP SHADER_API_DESKTOP UNITY_COLORSPACE_GAMMA UNITY_LIGHTMAP_RGBM_ENCODING ok=1
Cmd: compileSnippet
  api=5 type=1 insize=807 outsize=0 kw=_SMOOTHNESS_TEXTURE_ALBEDO_CHANNEL_A pd=UNITY_ENABLE_REFLECTION_BUFFERS UNITY_USE_DITHER_MASK_FOR_ALPHABLENDED_SHADOWS UNITY_PBS_USE_BRDF1 UNITY_SPECCUBE_BOX_PROJECTION UNITY_SPECCUBE_BLENDING UNITY_ENABLE_DETAIL_NORMALMAP SHADER_API_DESKTOP UNITY_COLORSPACE_GAMMA UNITY_LIGHTMAP_RGBM_ENCODING ok=1
Cmd: compileSnippet
  api=5 type=0 insize=2718 outsize=954 kw= pd=UNITY_ENABLE_REFLECTION_BUFFERS UNITY_USE_DITHER_MASK_FOR_ALPHABLENDED_SHADOWS UNITY_PBS_USE_BRDF1 UNITY_SPECCUBE_BOX_PROJECTION UNITY_SPECCUBE_BLENDING UNITY_ENABLE_DETAIL_NORMALMAP SHADER_API_DESKTOP UNITY_COLORSPACE_GAMMA UNITY_LIGHTMAP_RGBM_ENCODING ok=1
Cmd: compileSnippet
  api=5 type=1 insize=2718 outsize=0 kw= pd=UNITY_ENABLE_REFLECTION_BUFFERS UNITY_USE_DITHER_MASK_FOR_ALPHABLENDED_SHADOWS UNITY_PBS_USE_BRDF1 UNITY_SPECCUBE_BOX_PROJECTION UNITY_SPECCUBE_BLENDING UNITY_ENABLE_DETAIL_NORMALMAP SHADER_API_DESKTOP UNITY_COLORSPACE_GAMMA UNITY_LIGHTMAP_RGBM_ENCODING ok=1
Cmd: compileSnippet
  api=5 type=0 insize=1070 outsize=877 kw= pd=UNITY_ENABLE_REFLECTION_BUFFERS UNITY_USE_DITHER_MASK_FOR_ALPHABLENDED_SHADOWS UNITY_PBS_USE_BRDF1 UNITY_SPECCUBE_BOX_PROJECTION UNITY_SPECCUBE_BLENDING UNITY_ENABLE_DETAIL_NORMALMAP SHADER_API_DESKTOP UNITY_COLORSPACE_GAMMA UNITY_LIGHTMAP_RGBM_ENCODING ok=1
Cmd: compileSnippet
  api=5 type=1 insize=1070 outsize=0 kw= pd=UNITY_ENABLE_REFLECTION_BUFFERS UNITY_USE_DITHER_MASK_FOR_ALPHABLENDED_SHADOWS UNITY_PBS_USE_BRDF1 UNITY_SPECCUBE_BOX_PROJECTION UNITY_SPECCUBE_BLENDING UNITY_ENABLE_DETAIL_NORMALMAP SHADER_API_DESKTOP UNITY_COLORSPACE_GAMMA UNITY_LIGHTMAP_RGBM_ENCODING ok=1
Cmd: compileSnippet
  api=5 type=0 insize=1064 outsize=872 kw= pd=UNITY_ENABLE_REFLECTION_BUFFERS UNITY_USE_DITHER_MASK_FOR_ALPHABLENDED_SHADOWS UNITY_PBS_USE_BRDF1 UNITY_SPECCUBE_BOX_PROJECTION UNITY_SPECCUBE_BLENDING UNITY_ENABLE_DETAIL_NORMALMAP SHADER_API_DESKTOP UNITY_COLORSPACE_GAMMA UNITY_LIGHTMAP_RGBM_ENCODING ok=1
Cmd: compileSnippet
  api=5 type=1 insize=1064 outsize=0 kw= pd=UNITY_ENABLE_REFLECTION_BUFFERS UNITY_USE_DITHER_MASK_FOR_ALPHABLENDED_SHADOWS UNITY_PBS_USE_BRDF1 UNITY_SPECCUBE_BOX_PROJECTION UNITY_SPECCUBE_BLENDING UNITY_ENABLE_DETAIL_NORMALMAP SHADER_API_DESKTOP UNITY_COLORSPACE_GAMMA UNITY_LIGHTMAP_RGBM_ENCODING ok=1
Cmd: compileSnippet
  api=5 type=0 insize=1064 outsize=872 kw= pd=UNITY_ENABLE_REFLECTION_BUFFERS UNITY_USE_DITHER_MASK_FOR_ALPHABLENDED_SHADOWS UNITY_PBS_USE_BRDF1 UNITY_SPECCUBE_BOX_PROJECTION UNITY_SPECCUBE_BLENDING UNITY_ENABLE_DETAIL_NORMALMAP SHADER_API_DESKTOP UNITY_COLORSPACE_GAMMA UNITY_LIGHTMAP_RGBM_ENCODING ok=1
Cmd: compileSnippet
  api=5 type=1 insize=1064 outsize=0 kw= pd=UNITY_ENABLE_REFLECTION_BUFFERS UNITY_USE_DITHER_MASK_FOR_ALPHABLENDED_SHADOWS UNITY_PBS_USE_BRDF1 UNITY_SPECCUBE_BOX_PROJECTION UNITY_SPECCUBE_BLENDING UNITY_ENABLE_DETAIL_NORMALMAP SHADER_API_DESKTOP UNITY_COLORSPACE_GAMMA UNITY_LIGHTMAP_RGBM_ENCODING ok=1
Cmd: compileSnippet
  api=5 type=0 insize=1070 outsize=877 kw= pd=UNITY_ENABLE_REFLECTION_BUFFERS UNITY_USE_DITHER_MASK_FOR_ALPHABLENDED_SHADOWS UNITY_PBS_USE_BRDF1 UNITY_SPECCUBE_BOX_PROJECTION UNITY_SPECCUBE_BLENDING UNITY_ENABLE_DETAIL_NORMALMAP SHADER_API_DESKTOP UNITY_COLORSPACE_GAMMA UNITY_LIGHTMAP_RGBM_ENCODING ok=1
Cmd: compileSnippet
  api=5 type=1 insize=1070 outsize=0 kw= pd=UNITY_ENABLE_REFLECTION_BUFFERS UNITY_USE_DITHER_MASK_FOR_ALPHABLENDED_SHADOWS UNITY_PBS_USE_BRDF1 UNITY_SPECCUBE_BOX_PROJECTION UNITY_SPECCUBE_BLENDING UNITY_ENABLE_DETAIL_NORMALMAP SHADER_API_DESKTOP UNITY_COLORSPACE_GAMMA UNITY_LIGHTMAP_RGBM_ENCODING ok=1
Cmd: compileSnippet
  api=5 type=0 insize=1052 outsize=862 kw= pd=UNITY_ENABLE_REFLECTION_BUFFERS UNITY_USE_DITHER_MASK_FOR_ALPHABLENDED_SHADOWS UNITY_PBS_USE_BRDF1 UNITY_SPECCUBE_BOX_PROJECTION UNITY_SPECCUBE_BLENDING UNITY_ENABLE_DETAIL_NORMALMAP SHADER_API_DESKTOP UNITY_COLORSPACE_GAMMA UNITY_LIGHTMAP_RGBM_ENCODING ok=1
Cmd: compileSnippet
  api=5 type=1 insize=1052 outsize=0 kw= pd=UNITY_ENABLE_REFLECTION_BUFFERS UNITY_USE_DITHER_MASK_FOR_ALPHABLENDED_SHADOWS UNITY_PBS_USE_BRDF1 UNITY_SPECCUBE_BOX_PROJECTION UNITY_SPECCUBE_BLENDING UNITY_ENABLE_DETAIL_NORMALMAP SHADER_API_DESKTOP UNITY_COLORSPACE_GAMMA UNITY_LIGHTMAP_RGBM_ENCODING ok=1
Cmd: compileSnippet
  api=5 type=0 insize=1064 outsize=872 kw= pd=UNITY_ENABLE_REFLECTION_BUFFERS UNITY_USE_DITHER_MASK_FOR_ALPHABLENDED_SHADOWS UNITY_PBS_USE_BRDF1 UNITY_SPECCUBE_BOX_PROJECTION UNITY_SPECCUBE_BLENDING UNITY_ENABLE_DETAIL_NORMALMAP SHADER_API_DESKTOP UNITY_COLORSPACE_GAMMA UNITY_LIGHTMAP_RGBM_ENCODING ok=1
Cmd: compileSnippet
  api=5 type=1 insize=1064 outsize=0 kw= pd=UNITY_ENABLE_REFLECTION_BUFFERS UNITY_USE_DITHER_MASK_FOR_ALPHABLENDED_SHADOWS UNITY_PBS_USE_BRDF1 UNITY_SPECCUBE_BOX_PROJECTION UNITY_SPECCUBE_BLENDING UNITY_ENABLE_DETAIL_NORMALMAP SHADER_API_DESKTOP UNITY_COLORSPACE_GAMMA UNITY_LIGHTMAP_RGBM_ENCODING ok=1
Cmd: compileSnippet
  api=5 type=0 insize=1597 outsize=706 kw= pd=UNITY_ENABLE_REFLECTION_BUFFERS UNITY_USE_DITHER_MASK_FOR_ALPHABLENDED_SHADOWS UNITY_PBS_USE_BRDF1 UNITY_SPECCUBE_BOX_PROJECTION UNITY_SPECCUBE_BLENDING UNITY_ENABLE_DETAIL_NORMALMAP SHADER_API_DESKTOP UNITY_COLORSPACE_GAMMA UNITY_LIGHTMAP_RGBM_ENCODING ok=1
Cmd: compileSnippet
  api=5 type=1 insize=1597 outsize=0 kw= pd=UNITY_ENABLE_REFLECTION_BUFFERS UNITY_USE_DITHER_MASK_FOR_ALPHABLENDED_SHADOWS UNITY_PBS_USE_BRDF1 UNITY_SPECCUBE_BOX_PROJECTION UNITY_SPECCUBE_BLENDING UNITY_ENABLE_DETAIL_NORMALMAP SHADER_API_DESKTOP UNITY_COLORSPACE_GAMMA UNITY_LIGHTMAP_RGBM_ENCODING ok=1
Cmd: compileSnippet
  api=5 type=0 insize=1379 outsize=459 kw= pd=UNITY_ENABLE_REFLECTION_BUFFERS UNITY_USE_DITHER_MASK_FOR_ALPHABLENDED_SHADOWS UNITY_PBS_USE_BRDF1 UNITY_SPECCUBE_BOX_PROJECTION UNITY_SPECCUBE_BLENDING UNITY_ENABLE_DETAIL_NORMALMAP SHADER_API_DESKTOP UNITY_COLORSPACE_GAMMA UNITY_LIGHTMAP_RGBM_ENCODING ok=1
Cmd: compileSnippet
  api=5 type=1 insize=1379 outsize=0 kw= pd=UNITY_ENABLE_REFLECTION_BUFFERS UNITY_USE_DITHER_MASK_FOR_ALPHABLENDED_SHADOWS UNITY_PBS_USE_BRDF1 UNITY_SPECCUBE_BOX_PROJECTION UNITY_SPECCUBE_BLENDING UNITY_ENABLE_DETAIL_NORMALMAP SHADER_API_DESKTOP UNITY_COLORSPACE_GAMMA UNITY_LIGHTMAP_RGBM_ENCODING ok=1
Cmd: compileSnippet
  api=5 type=0 insize=5067 outsize=3776 kw= pd=UNITY_NO_DXT5nm UNITY_ENABLE_REFLECTION_BUFFERS UNITY_USE_DITHER_MASK_FOR_ALPHABLENDED_SHADOWS UNITY_PBS_USE_BRDF1 UNITY_SPECCUBE_BOX_PROJECTION UNITY_SPECCUBE_BLENDING UNITY_ENABLE_DETAIL_NORMALMAP SHADER_API_DESKTOP UNITY_COLORSPACE_GAMMA UNITY_LIGHTMAP_RGBM_ENCODING ok=1
Cmd: compileSnippet
  api=5 type=0 insize=5067 outsize=4696 kw=SPOT pd=UNITY_NO_DXT5nm UNITY_ENABLE_REFLECTION_BUFFERS UNITY_USE_DITHER_MASK_FOR_ALPHABLENDED_SHADOWS UNITY_PBS_USE_BRDF1 UNITY_SPECCUBE_BOX_PROJECTION UNITY_SPECCUBE_BLENDING UNITY_ENABLE_DETAIL_NORMALMAP SHADER_API_DESKTOP UNITY_COLORSPACE_GAMMA UNITY_LIGHTMAP_RGBM_ENCODING ok=1
Cmd: compileSnippet
  api=5 type=1 insize=5067 outsize=0 kw= pd=UNITY_NO_DXT5nm UNITY_ENABLE_REFLECTION_BUFFERS UNITY_USE_DITHER_MASK_FOR_ALPHABLENDED_SHADOWS UNITY_PBS_USE_BRDF1 UNITY_SPECCUBE_BOX_PROJECTION UNITY_SPECCUBE_BLENDING UNITY_ENABLE_DETAIL_NORMALMAP SHADER_API_DESKTOP UNITY_COLORSPACE_GAMMA UNITY_LIGHTMAP_RGBM_ENCODING ok=1
Cmd: compileSnippet
  api=5 type=1 insize=5067 outsize=0 kw=SPOT pd=UNITY_NO_DXT5nm UNITY_ENABLE_REFLECTION_BUFFERS UNITY_USE_DITHER_MASK_FOR_ALPHABLENDED_SHADOWS UNITY_PBS_USE_BRDF1 UNITY_SPECCUBE_BOX_PROJECTION UNITY_SPECCUBE_BLENDING UNITY_ENABLE_DETAIL_NORMALMAP SHADER_API_DESKTOP UNITY_COLORSPACE_GAMMA UNITY_LIGHTMAP_RGBM_ENCODING ok=1
Cmd: compileSnippet
  api=5 type=0 insize=2363 outsize=1593 kw= pd=UNITY_NO_DXT5nm UNITY_ENABLE_REFLECTION_BUFFERS UNITY_USE_DITHER_MASK_FOR_ALPHABLENDED_SHADOWS UNITY_PBS_USE_BRDF1 UNITY_SPECCUBE_BOX_PROJECTION UNITY_SPECCUBE_BLENDING UNITY_ENABLE_DETAIL_NORMALMAP SHADER_API_DESKTOP UNITY_COLORSPACE_GAMMA UNITY_LIGHTMAP_RGBM_ENCODING ok=1
Cmd: compileSnippet
  api=5 type=1 insize=2363 outsize=0 kw= pd=UNITY_NO_DXT5nm UNITY_ENABLE_REFLECTION_BUFFERS UNITY_USE_DITHER_MASK_FOR_ALPHABLENDED_SHADOWS UNITY_PBS_USE_BRDF1 UNITY_SPECCUBE_BOX_PROJECTION UNITY_SPECCUBE_BLENDING UNITY_ENABLE_DETAIL_NORMALMAP SHADER_API_DESKTOP UNITY_COLORSPACE_GAMMA UNITY_LIGHTMAP_RGBM_ENCODING ok=1
Cmd: compileSnippet
  api=5 type=0 insize=848 outsize=1400 kw=SHADOWS_DEPTH pd=UNITY_NO_DXT5nm UNITY_ENABLE_REFLECTION_BUFFERS UNITY_USE_DITHER_MASK_FOR_ALPHABLENDED_SHADOWS UNITY_PBS_USE_BRDF1 UNITY_SPECCUBE_BOX_PROJECTION UNITY_SPECCUBE_BLENDING UNITY_ENABLE_DETAIL_NORMALMAP SHADER_API_DESKTOP UNITY_COLORSPACE_GAMMA UNITY_LIGHTMAP_RGBM_ENCODING ok=1
Cmd: compileSnippet
  api=5 type=1 insize=848 outsize=0 kw=SHADOWS_DEPTH pd=UNITY_NO_DXT5nm UNITY_ENABLE_REFLECTION_BUFFERS UNITY_USE_DITHER_MASK_FOR_ALPHABLENDED_SHADOWS UNITY_PBS_USE_BRDF1 UNITY_SPECCUBE_BOX_PROJECTION UNITY_SPECCUBE_BLENDING UNITY_ENABLE_DETAIL_NORMALMAP SHADER_API_DESKTOP UNITY_COLORSPACE_GAMMA UNITY_LIGHTMAP_RGBM_ENCODING ok=1
Cmd: compileSnippet
  api=5 type=0 insize=14041 outsize=1826 kw=DIRECTIONAL pd=UNITY_NO_DXT5nm UNITY_ENABLE_REFLECTION_BUFFERS UNITY_USE_DITHER_MASK_FOR_ALPHABLENDED_SHADOWS UNITY_PBS_USE_BRDF1 UNITY_SPECCUBE_BOX_PROJECTION UNITY_SPECCUBE_BLENDING UNITY_ENABLE_DETAIL_NORMALMAP SHADER_API_DESKTOP UNITY_COLORSPACE_GAMMA UNITY_LIGHTMAP_RGBM_ENCODING ok=1
Cmd: compileSnippet
  api=5 type=0 insize=14041 outsize=2479 kw=DIRECTIONAL DYNAMICLIGHTMAP_ON pd=UNITY_NO_DXT5nm UNITY_ENABLE_REFLECTION_BUFFERS UNITY_USE_DITHER_MASK_FOR_ALPHABLENDED_SHADOWS UNITY_PBS_USE_BRDF1 UNITY_SPECCUBE_BOX_PROJECTION UNITY_SPECCUBE_BLENDING UNITY_ENABLE_DETAIL_NORMALMAP SHADER_API_DESKTOP UNITY_COLORSPACE_GAMMA UNITY_LIGHTMAP_RGBM_ENCODING ok=1
Cmd: compileSnippet
  api=5 type=0 insize=14041 outsize=3553 kw=DIRECTIONAL SHADOWS_SCREEN pd=UNITY_NO_DXT5nm UNITY_ENABLE_REFLECTION_BUFFERS UNITY_USE_DITHER_MASK_FOR_ALPHABLENDED_SHADOWS UNITY_PBS_USE_BRDF1 UNITY_SPECCUBE_BOX_PROJECTION UNITY_SPECCUBE_BLENDING UNITY_ENABLE_DETAIL_NORMALMAP SHADER_API_DESKTOP UNITY_COLORSPACE_GAMMA UNITY_LIGHTMAP_RGBM_ENCODING ok=1
Cmd: compileSnippet
  api=5 type=0 insize=14041 outsize=4119 kw=DIRECTIONAL SHADOWS_SCREEN DYNAMICLIGHTMAP_ON pd=UNITY_NO_DXT5nm UNITY_ENABLE_REFLECTION_BUFFERS UNITY_USE_DITHER_MASK_FOR_ALPHABLENDED_SHADOWS UNITY_PBS_USE_BRDF1 UNITY_SPECCUBE_BOX_PROJECTION UNITY_SPECCUBE_BLENDING UNITY_ENABLE_DETAIL_NORMALMAP SHADER_API_DESKTOP UNITY_COLORSPACE_GAMMA UNITY_LIGHTMAP_RGBM_ENCODING ok=1
Cmd: compileSnippet
  api=9 type=0 insize=14041 outsize=5365 kw=DIRECTIONAL SHADOWS_SCREEN DIRLIGHTMAP_COMBINED DYNAMICLIGHTMAP_ON pd=UNITY_NO_DXT5nm UNITY_ENABLE_REFLECTION_BUFFERS UNITY_USE_DITHER_MASK_FOR_ALPHABLENDED_SHADOWS UNITY_PBS_USE_BRDF1 UNITY_SPECCUBE_BOX_PROJECTION UNITY_SPECCUBE_BLENDING UNITY_ENABLE_DETAIL_NORMALMAP SHADER_API_DESKTOP UNITY_COLORSPACE_GAMMA UNITY_LIGHTMAP_RGBM_ENCODING ok=1
Cmd: compileSnippet
  api=5 type=0 insize=14041 outsize=2479 kw=DIRECTIONAL DYNAMICLIGHTMAP_ON VERTEXLIGHT_ON pd=UNITY_NO_DXT5nm UNITY_ENABLE_REFLECTION_BUFFERS UNITY_USE_DITHER_MASK_FOR_ALPHABLENDED_SHADOWS UNITY_PBS_USE_BRDF1 UNITY_SPECCUBE_BOX_PROJECTION UNITY_SPECCUBE_BLENDING UNITY_ENABLE_DETAIL_NORMALMAP SHADER_API_DESKTOP UNITY_COLORSPACE_GAMMA UNITY_LIGHTMAP_RGBM_ENCODING ok=1
Cmd: compileSnippet
  api=9 type=0 insize=14041 outsize=3637 kw=DIRECTIONAL DIRLIGHTMAP_COMBINED DYNAMICLIGHTMAP_ON VERTEXLIGHT_ON pd=UNITY_NO_DXT5nm UNITY_ENABLE_REFLECTION_BUFFERS UNITY_USE_DITHER_MASK_FOR_ALPHABLENDED_SHADOWS UNITY_PBS_USE_BRDF1 UNITY_SPECCUBE_BOX_PROJECTION UNITY_SPECCUBE_BLENDING UNITY_ENABLE_DETAIL_NORMALMAP SHADER_API_DESKTOP UNITY_COLORSPACE_GAMMA UNITY_LIGHTMAP_RGBM_ENCODING ok=1
Cmd: compileSnippet
  api=9 type=0 insize=14041 outsize=7302 kw=DIRECTIONAL SHADOWS_SCREEN LIGHTPROBE_SH VERTEXLIGHT_ON pd=UNITY_NO_DXT5nm UNITY_ENABLE_REFLECTION_BUFFERS UNITY_USE_DITHER_MASK_FOR_ALPHABLENDED_SHADOWS UNITY_PBS_USE_BRDF1 UNITY_SPECCUBE_BOX_PROJECTION UNITY_SPECCUBE_BLENDING UNITY_ENABLE_DETAIL_NORMALMAP SHADER_API_DESKTOP UNITY_COLORSPACE_GAMMA UNITY_LIGHTMAP_RGBM_ENCODING ok=1
Cmd: compileSnippet
  api=5 type=1 insize=14041 outsize=0 kw=DIRECTIONAL pd=UNITY_NO_DXT5nm UNITY_ENABLE_REFLECTION_BUFFERS UNITY_USE_DITHER_MASK_FOR_ALPHABLENDED_SHADOWS UNITY_PBS_USE_BRDF1 UNITY_SPECCUBE_BOX_PROJECTION UNITY_SPECCUBE_BLENDING UNITY_ENABLE_DETAIL_NORMALMAP SHADER_API_DESKTOP UNITY_COLORSPACE_GAMMA UNITY_LIGHTMAP_RGBM_ENCODING ok=1
Cmd: compileSnippet
  api=9 type=1 insize=14041 outsize=0 kw=DIRECTIONAL DYNAMICLIGHTMAP_ON pd=UNITY_NO_DXT5nm UNITY_ENABLE_REFLECTION_BUFFERS UNITY_USE_DITHER_MASK_FOR_ALPHABLENDED_SHADOWS UNITY_PBS_USE_BRDF1 UNITY_SPECCUBE_BOX_PROJECTION UNITY_SPECCUBE_BLENDING UNITY_ENABLE_DETAIL_NORMALMAP SHADER_API_DESKTOP UNITY_COLORSPACE_GAMMA UNITY_LIGHTMAP_RGBM_ENCODING ok=1
Cmd: compileSnippet
  api=9 type=1 insize=14041 outsize=0 kw=DIRECTIONAL SHADOWS_SCREEN LIGHTPROBE_SH pd=UNITY_NO_DXT5nm UNITY_ENABLE_REFLECTION_BUFFERS UNITY_USE_DITHER_MASK_FOR_ALPHABLENDED_SHADOWS UNITY_PBS_USE_BRDF1 UNITY_SPECCUBE_BOX_PROJECTION UNITY_SPECCUBE_BLENDING UNITY_ENABLE_DETAIL_NORMALMAP SHADER_API_DESKTOP UNITY_COLORSPACE_GAMMA UNITY_LIGHTMAP_RGBM_ENCODING ok=1
Cmd: compileSnippet
  api=5 type=1 insize=14041 outsize=0 kw=DIRECTIONAL SHADOWS_SCREEN DIRLIGHTMAP_COMBINED DYNAMICLIGHTMAP_ON pd=UNITY_NO_DXT5nm UNITY_ENABLE_REFLECTION_BUFFERS UNITY_USE_DITHER_MASK_FOR_ALPHABLENDED_SHADOWS UNITY_PBS_USE_BRDF1 UNITY_SPECCUBE_BOX_PROJECTION UNITY_SPECCUBE_BLENDING UNITY_ENABLE_DETAIL_NORMALMAP SHADER_API_DESKTOP UNITY_COLORSPACE_GAMMA UNITY_LIGHTMAP_RGBM_ENCODING ok=1
Cmd: compileSnippet
  api=5 type=0 insize=4034 outsize=2322 kw=POINT pd=UNITY_NO_DXT5nm UNITY_ENABLE_REFLECTION_BUFFERS UNITY_USE_DITHER_MASK_FOR_ALPHABLENDED_SHADOWS UNITY_PBS_USE_BRDF1 UNITY_SPECCUBE_BOX_PROJECTION UNITY_SPECCUBE_BLENDING UNITY_ENABLE_DETAIL_NORMALMAP SHADER_API_DESKTOP UNITY_COLORSPACE_GAMMA UNITY_LIGHTMAP_RGBM_ENCODING ok=1
Cmd: compileSnippet
  api=9 type=0 insize=4034 outsize=3567 kw=SPOT pd=UNITY_NO_DXT5nm UNITY_ENABLE_REFLECTION_BUFFERS UNITY_USE_DITHER_MASK_FOR_ALPHABLENDED_SHADOWS UNITY_PBS_USE_BRDF1 UNITY_SPECCUBE_BOX_PROJECTION UNITY_SPECCUBE_BLENDING UNITY_ENABLE_DETAIL_NORMALMAP SHADER_API_DESKTOP UNITY_COLORSPACE_GAMMA UNITY_LIGHTMAP_RGBM_ENCODING ok=1
Cmd: compileSnippet
  api=5 type=1 insize=4034 outsize=0 kw=POINT pd=UNITY_NO_DXT5nm UNITY_ENABLE_REFLECTION_BUFFERS UNITY_USE_DITHER_MASK_FOR_ALPHABLENDED_SHADOWS UNITY_PBS_USE_BRDF1 UNITY_SPECCUBE_BOX_PROJECTION UNITY_SPECCUBE_BLENDING UNITY_ENABLE_DETAIL_NORMALMAP SHADER_API_DESKTOP UNITY_COLORSPACE_GAMMA UNITY_LIGHTMAP_RGBM_ENCODING ok=1
Cmd: compileSnippet
  api=9 type=1 insize=4034 outsize=0 kw=SPOT pd=UNITY_NO_DXT5nm UNITY_ENABLE_REFLECTION_BUFFERS UNITY_USE_DITHER_MASK_FOR_ALPHABLENDED_SHADOWS UNITY_PBS_USE_BRDF1 UNITY_SPECCUBE_BOX_PROJECTION UNITY_SPECCUBE_BLENDING UNITY_ENABLE_DETAIL_NORMALMAP SHADER_API_DESKTOP UNITY_COLORSPACE_GAMMA UNITY_LIGHTMAP_RGBM_ENCODING ok=1
Cmd: compileSnippet
  api=5 type=0 insize=6193 outsize=936 kw= pd=UNITY_NO_DXT5nm UNITY_ENABLE_REFLECTION_BUFFERS UNITY_USE_DITHER_MASK_FOR_ALPHABLENDED_SHADOWS UNITY_PBS_USE_BRDF1 UNITY_SPECCUBE_BOX_PROJECTION UNITY_SPECCUBE_BLENDING UNITY_ENABLE_DETAIL_NORMALMAP SHADER_API_DESKTOP UNITY_COLORSPACE_GAMMA UNITY_LIGHTMAP_RGBM_ENCODING ok=1
Cmd: compileSnippet
  api=5 type=1 insize=6193 outsize=0 kw= pd=UNITY_NO_DXT5nm UNITY_ENABLE_REFLECTION_BUFFERS UNITY_USE_DITHER_MASK_FOR_ALPHABLENDED_SHADOWS UNITY_PBS_USE_BRDF1 UNITY_SPECCUBE_BOX_PROJECTION UNITY_SPECCUBE_BLENDING UNITY_ENABLE_DETAIL_NORMALMAP SHADER_API_DESKTOP UNITY_COLORSPACE_GAMMA UNITY_LIGHTMAP_RGBM_ENCODING ok=1
Cmd: compileSnippet
  api=5 type=0 insize=12043 outsize=3230 kw= pd=UNITY_NO_DXT5nm UNITY_ENABLE_REFLECTION_BUFFERS UNITY_USE_DITHER_MASK_FOR_ALPHABLENDED_SHADOWS UNITY_PBS_USE_BRDF1 UNITY_SPECCUBE_BOX_PROJECTION UNITY_SPECCUBE_BLENDING UNITY_ENABLE_DETAIL_NORMALMAP SHADER_API_DESKTOP UNITY_COLORSPACE_GAMMA UNITY_LIGHTMAP_RGBM_ENCODING ok=1
Cmd: compileSnippet
  api=5 type=0 insize=12043 outsize=3729 kw=DYNAMICLIGHTMAP_ON pd=UNITY_NO_DXT5nm UNITY_ENABLE_REFLECTION_BUFFERS UNITY_USE_DITHER_MASK_FOR_ALPHABLENDED_SHADOWS UNITY_PBS_USE_BRDF1 UNITY_SPECCUBE_BOX_PROJECTION UNITY_SPECCUBE_BLENDING UNITY_ENABLE_DETAIL_NORMALMAP SHADER_API_DESKTOP UNITY_COLORSPACE_GAMMA UNITY_LIGHTMAP_RGBM_ENCODING ok=1
Cmd: compileSnippet
  api=5 type=0 insize=12043 outsize=3200 kw=LIGHTPROBE_SH UNITY_HDR_ON pd=UNITY_NO_DXT5nm UNITY_ENABLE_REFLECTION_BUFFERS UNITY_USE_DITHER_MASK_FOR_ALPHABLENDED_SHADOWS UNITY_PBS_USE_BRDF1 UNITY_SPECCUBE_BOX_PROJECTION UNITY_SPECCUBE_BLENDING UNITY_ENABLE_DETAIL_NORMALMAP SHADER_API_DESKTOP UNITY_COLORSPACE_GAMMA UNITY_LIGHTMAP_RGBM_ENCODING ok=1
Cmd: compileSnippet
  api=9 type=0 insize=12043 outsize=4745 kw=DYNAMICLIGHTMAP_ON UNITY_HDR_ON pd=UNITY_NO_DXT5nm UNITY_ENABLE_REFLECTION_BUFFERS UNITY_USE_DITHER_MASK_FOR_ALPHABLENDED_SHADOWS UNITY_PBS_USE_BRDF1 UNITY_SPECCUBE_BOX_PROJECTION UNITY_SPECCUBE_BLENDING UNITY_ENABLE_DETAIL_NORMALMAP SHADER_API_DESKTOP UNITY_COLORSPACE_GAMMA UNITY_LIGHTMAP_RGBM_ENCODING ok=1
Cmd: compileSnippet
  api=5 type=1 insize=12043 outsize=0 kw= pd=UNITY_NO_DXT5nm UNITY_ENABLE_REFLECTION_BUFFERS UNITY_USE_DITHER_MASK_FOR_ALPHABLENDED_SHADOWS UNITY_PBS_USE_BRDF1 UNITY_SPECCUBE_BOX_PROJECTION UNITY_SPECCUBE_BLENDING UNITY_ENABLE_DETAIL_NORMALMAP SHADER_API_DESKTOP UNITY_COLORSPACE_GAMMA UNITY_LIGHTMAP_RGBM_ENCODING ok=1
Cmd: compileSnippet
  api=9 type=1 insize=12043 outsize=0 kw=DYNAMICLIGHTMAP_ON pd=UNITY_NO_DXT5nm UNITY_ENABLE_REFLECTION_BUFFERS UNITY_USE_DITHER_MASK_FOR_ALPHABLENDED_SHADOWS UNITY_PBS_USE_BRDF1 UNITY_SPECCUBE_BOX_PROJECTION UNITY_SPECCUBE_BLENDING UNITY_ENABLE_DETAIL_NORMALMAP SHADER_API_DESKTOP UNITY_COLORSPACE_GAMMA UNITY_LIGHTMAP_RGBM_ENCODING ok=1
Cmd: compileSnippet
  api=9 type=1 insize=12043 outsize=0 kw=DYNAMICLIGHTMAP_ON UNITY_HDR_ON pd=UNITY_NO_DXT5nm UNITY_ENABLE_REFLECTION_BUFFERS UNITY_USE_DITHER_MASK_FOR_ALPHABLENDED_SHADOWS UNITY_PBS_USE_BRDF1 UNITY_SPECCUBE_BOX_PROJECTION UNITY_SPECCUBE_BLENDING UNITY_ENABLE_DETAIL_NORMALMAP SHADER_API_DESKTOP UNITY_COLORSPACE_GAMMA UNITY_LIGHTMAP_RGBM_ENCODING ok=1
Cmd: compileSnippet
  api=5 type=0 insize=12319 outsize=2185 kw= pd=UNITY_NO_DXT5nm UNITY_ENABLE_REFLECTION_BUFFERS UNITY_USE_DITHER_MASK_FOR_ALPHABLENDED_SHADOWS UNITY_PBS_USE_BRDF1 UNITY_SPECCUBE_BOX_PROJECTION UNITY_SPECCUBE_BLENDING UNITY_ENABLE_DETAIL_NORMALMAP SHADER_API_DESKTOP UNITY_COLORSPACE_GAMMA UNITY_LIGHTMAP_RGBM_ENCODING ok=1
Cmd: compileSnippet
  api=5 type=0 insize=12319 outsize=2725 kw=DYNAMICLIGHTMAP_ON pd=UNITY_NO_DXT5nm UNITY_ENABLE_REFLECTION_BUFFERS UNITY_USE_DITHER_MASK_FOR_ALPHABLENDED_SHADOWS UNITY_PBS_USE_BRDF1 UNITY_SPECCUBE_BOX_PROJECTION UNITY_SPECCUBE_BLENDING UNITY_ENABLE_DETAIL_NORMALMAP SHADER_API_DESKTOP UNITY_COLORSPACE_GAMMA UNITY_LIGHTMAP_RGBM_ENCODING ok=1
Cmd: compileSnippet
  api=5 type=0 insize=12319 outsize=3350 kw=LIGHTPROBE_SH UNITY_HDR_ON pd=UNITY_NO_DXT5nm UNITY_ENABLE_REFLECTION_BUFFERS UNITY_USE_DITHER_MASK_FOR_ALPHABLENDED_SHADOWS UNITY_PBS_USE_BRDF1 UNITY_SPECCUBE_BOX_PROJECTION UNITY_SPECCUBE_BLENDING UNITY_ENABLE_DETAIL_NORMALMAP SHADER_API_DESKTOP UNITY_COLORSPACE_GAMMA UNITY_LIGHTMAP_RGBM_ENCODING ok=1
Cmd: compileSnippet
  api=5 type=0 insize=12319 outsize=3103 kw=DIRLIGHTMAP_COMBINED DYNAMICLIGHTMAP_ON UNITY_HDR_ON pd=UNITY_NO_DXT5nm UNITY_ENABLE_REFLECTION_BUFFERS UNITY_USE_DITHER_MASK_FOR_ALPHABLENDED_SHADOWS UNITY_PBS_USE_BRDF1 UNITY_SPECCUBE_BOX_PROJECTION UNITY_SPECCUBE_BLENDING UNITY_ENABLE_DETAIL_NORMALMAP SHADER_API_DESKTOP UNITY_COLORSPACE_GAMMA UNITY_LIGHTMAP_RGBM_ENCODING ok=1
Cmd: compileSnippet
  api=5 type=1 insize=12319 outsize=0 kw= pd=UNITY_NO_DXT5nm UNITY_ENABLE_REFLECTION_BUFFERS UNITY_USE_DITHER_MASK_FOR_ALPHABLENDED_SHADOWS UNITY_PBS_USE_BRDF1 UNITY_SPECCUBE_BOX_PROJECTION UNITY_SPECCUBE_BLENDING UNITY_ENABLE_DETAIL_NORMALMAP SHADER_API_DESKTOP UNITY_COLORSPACE_GAMMA UNITY_LIGHTMAP_RGBM_ENCODING ok=1
Cmd: compileSnippet
  api=5 type=1 insize=12319 outsize=0 kw=DYNAMICLIGHTMAP_ON pd=UNITY_NO_DXT5nm UNITY_ENABLE_REFLECTION_BUFFERS UNITY_USE_DITHER_MASK_FOR_ALPHABLENDED_SHADOWS UNITY_PBS_USE_BRDF1 UNITY_SPECCUBE_BOX_PROJECTION UNITY_SPECCUBE_BLENDING UNITY_ENABLE_DETAIL_NORMALMAP SHADER_API_DESKTOP UNITY_COLORSPACE_GAMMA UNITY_LIGHTMAP_RGBM_ENCODING ok=1
Cmd: compileSnippet
  api=9 type=1 insize=12319 outsize=0 kw=LIGHTPROBE_SH UNITY_HDR_ON pd=UNITY_NO_DXT5nm UNITY_ENABLE_REFLECTION_BUFFERS UNITY_USE_DITHER_MASK_FOR_ALPHABLENDED_SHADOWS UNITY_PBS_USE_BRDF1 UNITY_SPECCUBE_BOX_PROJECTION UNITY_SPECCUBE_BLENDING UNITY_ENABLE_DETAIL_NORMALMAP SHADER_API_DESKTOP UNITY_COLORSPACE_GAMMA UNITY_LIGHTMAP_RGBM_ENCODING ok=1
Cmd: compileSnippet
  api=5 type=0 insize=3594 outsize=2604 kw= pd=UNITY_NO_DXT5nm UNITY_ENABLE_REFLECTION_BUFFERS UNITY_USE_DITHER_MASK_FOR_ALPHABLENDED_SHADOWS UNITY_PBS_USE_BRDF1 UNITY_SPECCUBE_BOX_PROJECTION UNITY_SPECCUBE_BLENDING UNITY_ENABLE_DETAIL_NORMALMAP SHADER_API_DESKTOP UNITY_COLORSPACE_GAMMA UNITY_LIGHTMAP_RGBM_ENCODING ok=1
Cmd: compileSnippet
  api=5 type=1 insize=3594 outsize=0 kw= pd=UNITY_NO_DXT5nm UNITY_ENABLE_REFLECTION_BUFFERS UNITY_USE_DITHER_MASK_FOR_ALPHABLENDED_SHADOWS UNITY_PBS_USE_BRDF1 UNITY_SPECCUBE_BOX_PROJECTION UNITY_SPECCUBE_BLENDING UNITY_ENABLE_DETAIL_NORMALMAP SHADER_API_DESKTOP UNITY_COLORSPACE_GAMMA UNITY_LIGHTMAP_RGBM_ENCODING ok=1
Cmd: compileSnippet
  api=5 type=0 insize=1049 outsize=390 kw= pd=UNITY_NO_DXT5nm UNITY_ENABLE_REFLECTION_BUFFERS UNITY_USE_DITHER_MASK_FOR_ALPHABLENDED_SHADOWS UNITY_PBS_USE_BRDF1 UNITY_SPECCUBE_BOX_PROJECTION UNITY_SPECCUBE_BLENDING UNITY_ENABLE_DETAIL_NORMALMAP SHADER_API_DESKTOP UNITY_COLORSPACE_GAMMA UNITY_LIGHTMAP_RGBM_ENCODING ok=1
Cmd: compileSnippet
  api=5 type=1 insize=1049 outsize=0 kw= pd=UNITY_NO_DXT5nm UNITY_ENABLE_REFLECTION_BUFFERS UNITY_USE_DITHER_MASK_FOR_ALPHABLENDED_SHADOWS UNITY_PBS_USE_BRDF1 UNITY_SPECCUBE_BOX_PROJECTION UNITY_SPECCUBE_BLENDING UNITY_ENABLE_DETAIL_NORMALMAP SHADER_API_DESKTOP UNITY_COLORSPACE_GAMMA UNITY_LIGHTMAP_RGBM_ENCODING ok=1
Cmd: compileSnippet
  api=5 type=0 insize=818 outsize=1917 kw= pd=UNITY_NO_DXT5nm UNITY_ENABLE_REFLECTION_BUFFERS UNITY_USE_DITHER_MASK_FOR_ALPHABLENDED_SHADOWS UNITY_PBS_USE_BRDF1 UNITY_SPECCUBE_BOX_PROJECTION UNITY_SPECCUBE_BLENDING UNITY_ENABLE_DETAIL_NORMALMAP SHADER_API_DESKTOP UNITY_COLORSPACE_GAMMA UNITY_LIGHTMAP_RGBM_ENCODING ok=1
Cmd: compileSnippet
  api=5 type=1 insize=818 outsize=0 kw= pd=UNITY_NO_DXT5nm UNITY_ENABLE_REFLECTION_BUFFERS UNITY_USE_DITHER_MASK_FOR_ALPHABLENDED_SHADOWS UNITY_PBS_USE_BRDF1 UNITY_SPECCUBE_BOX_PROJECTION UNITY_SPECCUBE_BLENDING UNITY_ENABLE_DETAIL_NORMALMAP SHADER_API_DESKTOP UNITY_COLORSPACE_GAMMA UNITY_LIGHTMAP_RGBM_ENCODING ok=1
Cmd: compileSnippet
  api=5 type=0 insize=1083 outsize=2344 kw= pd=UNITY_NO_DXT5nm UNITY_ENABLE_REFLECTION_BUFFERS UNITY_USE_DITHER_MASK_FOR_ALPHABLENDED_SHADOWS UNITY_PBS_USE_BRDF1 UNITY_SPECCUBE_BOX_PROJECTION UNITY_SPECCUBE_BLENDING UNITY_ENABLE_DETAIL_NORMALMAP SHADER_API_DESKTOP UNITY_COLORSPACE_GAMMA UNITY_LIGHTMAP_RGBM_ENCODING ok=1
Cmd: compileSnippet
  api=5 type=1 insize=1083 outsize=0 kw= pd=UNITY_NO_DXT5nm UNITY_ENABLE_REFLECTION_BUFFERS UNITY_USE_DITHER_MASK_FOR_ALPHABLENDED_SHADOWS UNITY_PBS_USE_BRDF1 UNITY_SPECCUBE_BOX_PROJECTION UNITY_SPECCUBE_BLENDING UNITY_ENABLE_DETAIL_NORMALMAP SHADER_API_DESKTOP UNITY_COLORSPACE_GAMMA UNITY_LIGHTMAP_RGBM_ENCODING ok=1
Cmd: compileSnippet
  api=5 type=0 insize=966 outsize=3672 kw= pd=UNITY_NO_DXT5nm UNITY_ENABLE_REFLECTION_BUFFERS UNITY_USE_DITHER_MASK_FOR_ALPHABLENDED_SHADOWS UNITY_PBS_USE_BRDF1 UNITY_SPECCUBE_BOX_PROJECTION UNITY_SPECCUBE_BLENDING UNITY_ENABLE_DETAIL_NORMALMAP SHADER_API_DESKTOP UNITY_COLORSPACE_GAMMA UNITY_LIGHTMAP_RGBM_ENCODING ok=1
Cmd: compileSnippet
  api=5 type=1 insize=966 outsize=0 kw= pd=UNITY_NO_DXT5nm UNITY_ENABLE_REFLECTION_BUFFERS UNITY_USE_DITHER_MASK_FOR_ALPHABLENDED_SHADOWS UNITY_PBS_USE_BRDF1 UNITY_SPECCUBE_BOX_PROJECTION UNITY_SPECCUBE_BLENDING UNITY_ENABLE_DETAIL_NORMALMAP SHADER_API_DESKTOP UNITY_COLORSPACE_GAMMA UNITY_LIGHTMAP_RGBM_ENCODING ok=1
Cmd: compileSnippet
  api=5 type=0 insize=1090 outsize=4577 kw= pd=UNITY_NO_DXT5nm UNITY_ENABLE_REFLECTION_BUFFERS UNITY_USE_DITHER_MASK_FOR_ALPHABLENDED_SHADOWS UNITY_PBS_USE_BRDF1 UNITY_SPECCUBE_BOX_PROJECTION UNITY_SPECCUBE_BLENDING UNITY_ENABLE_DETAIL_NORMALMAP SHADER_API_DESKTOP UNITY_COLORSPACE_GAMMA UNITY_LIGHTMAP_RGBM_ENCODING ok=1
Cmd: compileSnippet
  api=5 type=1 insize=1090 outsize=0 kw= pd=UNITY_NO_DXT5nm UNITY_ENABLE_REFLECTION_BUFFERS UNITY_USE_DITHER_MASK_FOR_ALPHABLENDED_SHADOWS UNITY_PBS_USE_BRDF1 UNITY_SPECCUBE_BOX_PROJECTION UNITY_SPECCUBE_BLENDING UNITY_ENABLE_DETAIL_NORMALMAP SHADER_API_DESKTOP UNITY_COLORSPACE_GAMMA UNITY_LIGHTMAP_RGBM_ENCODING ok=1
Cmd: compileSnippet
  api=5 type=0 insize=1032 outsize=2660 kw= pd=UNITY_NO_DXT5nm UNITY_ENABLE_REFLECTION_BUFFERS UNITY_USE_DITHER_MASK_FOR_ALPHABLENDED_SHADOWS UNITY_PBS_USE_BRDF1 UNITY_SPECCUBE_BOX_PROJECTION UNITY_SPECCUBE_BLENDING UNITY_ENABLE_DETAIL_NORMALMAP SHADER_API_DESKTOP UNITY_COLORSPACE_GAMMA UNITY_LIGHTMAP_RGBM_ENCODING ok=1
Cmd: compileSnippet
  api=5 type=1 insize=1032 outsize=0 kw= pd=UNITY_NO_DXT5nm UNITY_ENABLE_REFLECTION_BUFFERS UNITY_USE_DITHER_MASK_FOR_ALPHABLENDED_SHADOWS UNITY_PBS_USE_BRDF1 UNITY_SPECCUBE_BOX_PROJECTION UNITY_SPECCUBE_BLENDING UNITY_ENABLE_DETAIL_NORMALMAP SHADER_API_DESKTOP UNITY_COLORSPACE_GAMMA UNITY_LIGHTMAP_RGBM_ENCODING ok=1
Cmd: compileSnippet
  api=5 type=0 insize=1241 outsize=3073 kw= pd=UNITY_NO_DXT5nm UNITY_ENABLE_REFLECTION_BUFFERS UNITY_USE_DITHER_MASK_FOR_ALPHABLENDED_SHADOWS UNITY_PBS_USE_BRDF1 UNITY_SPECCUBE_BOX_PROJECTION UNITY_SPECCUBE_BLENDING UNITY_ENABLE_DETAIL_NORMALMAP SHADER_API_DESKTOP UNITY_COLORSPACE_GAMMA UNITY_LIGHTMAP_RGBM_ENCODING ok=1
Cmd: compileSnippet
  api=5 type=1 insize=1241 outsize=0 kw= pd=UNITY_NO_DXT5nm UNITY_ENABLE_REFLECTION_BUFFERS UNITY_USE_DITHER_MASK_FOR_ALPHABLENDED_SHADOWS UNITY_PBS_USE_BRDF1 UNITY_SPECCUBE_BOX_PROJECTION UNITY_SPECCUBE_BLENDING UNITY_ENABLE_DETAIL_NORMALMAP SHADER_API_DESKTOP UNITY_COLORSPACE_GAMMA UNITY_LIGHTMAP_RGBM_ENCODING ok=1
Cmd: compileSnippet
  api=5 type=0 insize=1248 outsize=2981 kw= pd=UNITY_NO_DXT5nm UNITY_ENABLE_REFLECTION_BUFFERS UNITY_USE_DITHER_MASK_FOR_ALPHABLENDED_SHADOWS UNITY_PBS_USE_BRDF1 UNITY_SPECCUBE_BOX_PROJECTION UNITY_SPECCUBE_BLENDING UNITY_ENABLE_DETAIL_NORMALMAP SHADER_API_DESKTOP UNITY_COLORSPACE_GAMMA UNITY_LIGHTMAP_RGBM_ENCODING ok=1
Cmd: compileSnippet
  api=5 type=1 insize=1248 outsize=0 kw= pd=UNITY_NO_DXT5nm UNITY_ENABLE_REFLECTION_BUFFERS UNITY_USE_DITHER_MASK_FOR_ALPHABLENDED_SHADOWS UNITY_PBS_USE_BRDF1 UNITY_SPECCUBE_BOX_PROJECTION UNITY_SPECCUBE_BLENDING UNITY_ENABLE_DETAIL_NORMALMAP SHADER_API_DESKTOP UNITY_COLORSPACE_GAMMA UNITY_LIGHTMAP_RGBM_ENCODING ok=1
Cmd: compileSnippet
  api=5 type=0 insize=1110 outsize=2602 kw= pd=UNITY_NO_DXT5nm UNITY_ENABLE_REFLECTION_BUFFERS UNITY_USE_DITHER_MASK_FOR_ALPHABLENDED_SHADOWS UNITY_PBS_USE_BRDF1 UNITY_SPECCUBE_BOX_PROJECTION UNITY_SPECCUBE_BLENDING UNITY_ENABLE_DETAIL_NORMALMAP SHADER_API_DESKTOP UNITY_COLORSPACE_GAMMA UNITY_LIGHTMAP_RGBM_ENCODING ok=1
Cmd: compileSnippet
  api=5 type=1 insize=1110 outsize=0 kw= pd=UNITY_NO_DXT5nm UNITY_ENABLE_REFLECTION_BUFFERS UNITY_USE_DITHER_MASK_FOR_ALPHABLENDED_SHADOWS UNITY_PBS_USE_BRDF1 UNITY_SPECCUBE_BOX_PROJECTION UNITY_SPECCUBE_BLENDING UNITY_ENABLE_DETAIL_NORMALMAP SHADER_API_DESKTOP UNITY_COLORSPACE_GAMMA UNITY_LIGHTMAP_RGBM_ENCODING ok=1
Cmd: compileSnippet
  api=5 type=0 insize=1155 outsize=4862 kw= pd=UNITY_NO_DXT5nm UNITY_ENABLE_REFLECTION_BUFFERS UNITY_USE_DITHER_MASK_FOR_ALPHABLENDED_SHADOWS UNITY_PBS_USE_BRDF1 UNITY_SPECCUBE_BOX_PROJECTION UNITY_SPECCUBE_BLENDING UNITY_ENABLE_DETAIL_NORMALMAP SHADER_API_DESKTOP UNITY_COLORSPACE_GAMMA UNITY_LIGHTMAP_RGBM_ENCODING ok=1
Cmd: compileSnippet
  api=5 type=1 insize=1155 outsize=0 kw= pd=UNITY_NO_DXT5nm UNITY_ENABLE_REFLECTION_BUFFERS UNITY_USE_DITHER_MASK_FOR_ALPHABLENDED_SHADOWS UNITY_PBS_USE_BRDF1 UNITY_SPECCUBE_BOX_PROJECTION UNITY_SPECCUBE_BLENDING UNITY_ENABLE_DETAIL_NORMALMAP SHADER_API_DESKTOP UNITY_COLORSPACE_GAMMA UNITY_LIGHTMAP_RGBM_ENCODING ok=1
Cmd: compileSnippet
  api=5 type=0 insize=1142 outsize=4269 kw= pd=UNITY_NO_DXT5nm UNITY_ENABLE_REFLECTION_BUFFERS UNITY_USE_DITHER_MASK_FOR_ALPHABLENDED_SHADOWS UNITY_PBS_USE_BRDF1 UNITY_SPECCUBE_BOX_PROJECTION UNITY_SPECCUBE_BLENDING UNITY_ENABLE_DETAIL_NORMALMAP SHADER_API_DESKTOP UNITY_COLORSPACE_GAMMA UNITY_LIGHTMAP_RGBM_ENCODING ok=1
Cmd: compileSnippet
  api=5 type=1 insize=1142 outsize=0 kw= pd=UNITY_NO_DXT5nm UNITY_ENABLE_REFLECTION_BUFFERS UNITY_USE_DITHER_MASK_FOR_ALPHABLENDED_SHADOWS UNITY_PBS_USE_BRDF1 UNITY_SPECCUBE_BOX_PROJECTION UNITY_SPECCUBE_BLENDING UNITY_ENABLE_DETAIL_NORMALMAP SHADER_API_DESKTOP UNITY_COLORSPACE_GAMMA UNITY_LIGHTMAP_RGBM_ENCODING ok=1
Cmd: compileSnippet
  api=5 type=0 insize=1473 outsize=3788 kw=POINT pd=UNITY_NO_DXT5nm UNITY_ENABLE_REFLECTION_BUFFERS UNITY_USE_DITHER_MASK_FOR_ALPHABLENDED_SHADOWS UNITY_PBS_USE_BRDF1 UNITY_SPECCUBE_BOX_PROJECTION UNITY_SPECCUBE_BLENDING UNITY_ENABLE_DETAIL_NORMALMAP SHADER_API_DESKTOP UNITY_COLORSPACE_GAMMA UNITY_LIGHTMAP_RGBM_ENCODING ok=1
Cmd: compileSnippet
  api=9 type=0 insize=1473 outsize=6388 kw=SPOT pd=UNITY_NO_DXT5nm UNITY_ENABLE_REFLECTION_BUFFERS UNITY_USE_DITHER_MASK_FOR_ALPHABLENDED_SHADOWS UNITY_PBS_USE_BRDF1 UNITY_SPECCUBE_BOX_PROJECTION UNITY_SPECCUBE_BLENDING UNITY_ENABLE_DETAIL_NORMALMAP SHADER_API_DESKTOP UNITY_COLORSPACE_GAMMA UNITY_LIGHTMAP_RGBM_ENCODING ok=1
Cmd: compileSnippet
  api=9 type=0 insize=1473 outsize=7581 kw=SPOT SHADOWS_DEPTH pd=UNITY_NO_DXT5nm UNITY_ENABLE_REFLECTION_BUFFERS UNITY_USE_DITHER_MASK_FOR_ALPHABLENDED_SHADOWS UNITY_PBS_USE_BRDF1 UNITY_SPECCUBE_BOX_PROJECTION UNITY_SPECCUBE_BLENDING UNITY_ENABLE_DETAIL_NORMALMAP SHADER_API_DESKTOP UNITY_COLORSPACE_GAMMA UNITY_LIGHTMAP_RGBM_ENCODING ok=1
Cmd: compileSnippet
  api=9 type=0 insize=1473 outsize=5741 kw=DIRECTIONAL SHADOWS_SCREEN pd=UNITY_NO_DXT5nm UNITY_ENABLE_REFLECTION_BUFFERS UNITY_USE_DITHER_MASK_FOR_ALPHABLENDED_SHADOWS UNITY_PBS_USE_BRDF1 UNITY_SPECCUBE_BOX_PROJECTION UNITY_SPECCUBE_BLENDING UNITY_ENABLE_DETAIL_NORMALMAP SHADER_API_DESKTOP UNITY_COLORSPACE_GAMMA UNITY_LIGHTMAP_RGBM_ENCODING ok=1
Cmd: compileSnippet
  api=5 type=0 insize=1473 outsize=7002 kw=POINT SHADOWS_CUBE SHADOWS_SOFT pd=UNITY_NO_DXT5nm UNITY_ENABLE_REFLECTION_BUFFERS UNITY_USE_DITHER_MASK_FOR_ALPHABLENDED_SHADOWS UNITY_PBS_USE_BRDF1 UNITY_SPECCUBE_BOX_PROJECTION UNITY_SPECCUBE_BLENDING UNITY_ENABLE_DETAIL_NORMALMAP SHADER_API_DESKTOP UNITY_COLORSPACE_GAMMA UNITY_LIGHTMAP_RGBM_ENCODING ok=1
Cmd: compileSnippet
  api=9 type=0 insize=1473 outsize=7218 kw=POINT_COOKIE SHADOWS_CUBE pd=UNITY_NO_DXT5nm UNITY_ENABLE_REFLECTION_BUFFERS UNITY_USE_DITHER_MASK_FOR_ALPHABLENDED_SHADOWS UNITY_PBS_USE_BRDF1 UNITY_SPECCUBE_BOX_PROJECTION UNITY_SPECCUBE_BLENDING UNITY_ENABLE_DETAIL_NORMALMAP SHADER_API_DESKTOP UNITY_COLORSPACE_GAMMA UNITY_LIGHTMAP_RGBM_ENCODING ok=1
Cmd: compileSnippet
  api=5 type=1 insize=1473 outsize=0 kw=POINT pd=UNITY_NO_DXT5nm UNITY_ENABLE_REFLECTION_BUFFERS UNITY_USE_DITHER_MASK_FOR_ALPHABLENDED_SHADOWS UNITY_PBS_USE_BRDF1 UNITY_SPECCUBE_BOX_PROJECTION UNITY_SPECCUBE_BLENDING UNITY_ENABLE_DETAIL_NORMALMAP SHADER_API_DESKTOP UNITY_COLORSPACE_GAMMA UNITY_LIGHTMAP_RGBM_ENCODING ok=1
Cmd: compileSnippet
  api=5 type=1 insize=1473 outsize=0 kw=SPOT pd=UNITY_NO_DXT5nm UNITY_ENABLE_REFLECTION_BUFFERS UNITY_USE_DITHER_MASK_FOR_ALPHABLENDED_SHADOWS UNITY_PBS_USE_BRDF1 UNITY_SPECCUBE_BOX_PROJECTION UNITY_SPECCUBE_BLENDING UNITY_ENABLE_DETAIL_NORMALMAP SHADER_API_DESKTOP UNITY_COLORSPACE_GAMMA UNITY_LIGHTMAP_RGBM_ENCODING ok=1
Cmd: compileSnippet
  api=9 type=1 insize=1473 outsize=0 kw=DIRECTIONAL_COOKIE pd=UNITY_NO_DXT5nm UNITY_ENABLE_REFLECTION_BUFFERS UNITY_USE_DITHER_MASK_FOR_ALPHABLENDED_SHADOWS UNITY_PBS_USE_BRDF1 UNITY_SPECCUBE_BOX_PROJECTION UNITY_SPECCUBE_BLENDING UNITY_ENABLE_DETAIL_NORMALMAP SHADER_API_DESKTOP UNITY_COLORSPACE_GAMMA UNITY_LIGHTMAP_RGBM_ENCODING ok=1
Cmd: compileSnippet
  api=9 type=1 insize=1473 outsize=0 kw=DIRECTIONAL SHADOWS_SCREEN pd=UNITY_NO_DXT5nm UNITY_ENABLE_REFLECTION_BUFFERS UNITY_USE_DITHER_MASK_FOR_ALPHABLENDED_SHADOWS UNITY_PBS_USE_BRDF1 UNITY_SPECCUBE_BOX_PROJECTION UNITY_SPECCUBE_BLENDING UNITY_ENABLE_DETAIL_NORMALMAP SHADER_API_DESKTOP UNITY_COLORSPACE_GAMMA UNITY_LIGHTMAP_RGBM_ENCODING ok=1
Cmd: compileSnippet
  api=9 type=1 insize=1473 outsize=0 kw=POINT SHADOWS_CUBE pd=UNITY_NO_DXT5nm UNITY_ENABLE_REFLECTION_BUFFERS UNITY_USE_DITHER_MASK_FOR_ALPHABLENDED_SHADOWS UNITY_PBS_USE_BRDF1 UNITY_SPECCUBE_BOX_PROJECTION UNITY_SPECCUBE_BLENDING UNITY_ENABLE_DETAIL_NORMALMAP SHADER_API_DESKTOP UNITY_COLORSPACE_GAMMA UNITY_LIGHTMAP_RGBM_ENCODING ok=1
Cmd: compileSnippet
  api=5 type=1 insize=1473 outsize=0 kw=POINT SHADOWS_CUBE SHADOWS_SOFT pd=UNITY_NO_DXT5nm UNITY_ENABLE_REFLECTION_BUFFERS UNITY_USE_DITHER_MASK_FOR_ALPHABLENDED_SHADOWS UNITY_PBS_USE_BRDF1 UNITY_SPECCUBE_BOX_PROJECTION UNITY_SPECCUBE_BLENDING UNITY_ENABLE_DETAIL_NORMALMAP SHADER_API_DESKTOP UNITY_COLORSPACE_GAMMA UNITY_LIGHTMAP_RGBM_ENCODING ok=1
Cmd: compileSnippet
  api=5 type=0 insize=1466 outsize=3728 kw=POINT pd=UNITY_NO_DXT5nm UNITY_ENABLE_REFLECTION_BUFFERS UNITY_USE_DITHER_MASK_FOR_ALPHABLENDED_SHADOWS UNITY_PBS_USE_BRDF1 UNITY_SPECCUBE_BOX_PROJECTION UNITY_SPECCUBE_BLENDING UNITY_ENABLE_DETAIL_NORMALMAP SHADER_API_DESKTOP UNITY_COLORSPACE_GAMMA UNITY_LIGHTMAP_RGBM_ENCODING ok=1
Cmd: compileSnippet
  api=9 type=0 insize=1466 outsize=6379 kw=SPOT pd=UNITY_NO_DXT5nm UNITY_ENABLE_REFLECTION_BUFFERS UNITY_USE_DITHER_MASK_FOR_ALPHABLENDED_SHADOWS UNITY_PBS_USE_BRDF1 UNITY_SPECCUBE_BOX_PROJECTION UNITY_SPECCUBE_BLENDING UNITY_ENABLE_DETAIL_NORMALMAP SHADER_API_DESKTOP UNITY_COLORSPACE_GAMMA UNITY_LIGHTMAP_RGBM_ENCODING ok=1
Cmd: compileSnippet
  api=9 type=0 insize=1466 outsize=5744 kw=DIRECTIONAL_COOKIE pd=UNITY_NO_DXT5nm UNITY_ENABLE_REFLECTION_BUFFERS UNITY_USE_DITHER_MASK_FOR_ALPHABLENDED_SHADOWS UNITY_PBS_USE_BRDF1 UNITY_SPECCUBE_BOX_PROJECTION UNITY_SPECCUBE_BLENDING UNITY_ENABLE_DETAIL_NORMALMAP SHADER_API_DESKTOP UNITY_COLORSPACE_GAMMA UNITY_LIGHTMAP_RGBM_ENCODING ok=1
Cmd: compileSnippet
  api=5 type=0 insize=1466 outsize=4084 kw=DIRECTIONAL SHADOWS_SCREEN pd=UNITY_NO_DXT5nm UNITY_ENABLE_REFLECTION_BUFFERS UNITY_USE_DITHER_MASK_FOR_ALPHABLENDED_SHADOWS UNITY_PBS_USE_BRDF1 UNITY_SPECCUBE_BOX_PROJECTION UNITY_SPECCUBE_BLENDING UNITY_ENABLE_DETAIL_NORMALMAP SHADER_API_DESKTOP UNITY_COLORSPACE_GAMMA UNITY_LIGHTMAP_RGBM_ENCODING ok=1
Cmd: compileSnippet
  api=9 type=0 insize=1466 outsize=6329 kw=DIRECTIONAL_COOKIE SHADOWS_SCREEN pd=UNITY_NO_DXT5nm UNITY_ENABLE_REFLECTION_BUFFERS UNITY_USE_DITHER_MASK_FOR_ALPHABLENDED_SHADOWS UNITY_PBS_USE_BRDF1 UNITY_SPECCUBE_BOX_PROJECTION UNITY_SPECCUBE_BLENDING UNITY_ENABLE_DETAIL_NORMALMAP SHADER_API_DESKTOP UNITY_COLORSPACE_GAMMA UNITY_LIGHTMAP_RGBM_ENCODING ok=1
Cmd: compileSnippet
  api=5 type=0 insize=1466 outsize=5177 kw=POINT_COOKIE SHADOWS_CUBE pd=UNITY_NO_DXT5nm UNITY_ENABLE_REFLECTION_BUFFERS UNITY_USE_DITHER_MASK_FOR_ALPHABLENDED_SHADOWS UNITY_PBS_USE_BRDF1 UNITY_SPECCUBE_BOX_PROJECTION UNITY_SPECCUBE_BLENDING UNITY_ENABLE_DETAIL_NORMALMAP SHADER_API_DESKTOP UNITY_COLORSPACE_GAMMA UNITY_LIGHTMAP_RGBM_ENCODING ok=1
Cmd: compileSnippet
  api=9 type=0 insize=1466 outsize=8193 kw=POINT_COOKIE SHADOWS_CUBE SHADOWS_SOFT pd=UNITY_NO_DXT5nm UNITY_ENABLE_REFLECTION_BUFFERS UNITY_USE_DITHER_MASK_FOR_ALPHABLENDED_SHADOWS UNITY_PBS_USE_BRDF1 UNITY_SPECCUBE_BOX_PROJECTION UNITY_SPECCUBE_BLENDING UNITY_ENABLE_DETAIL_NORMALMAP SHADER_API_DESKTOP UNITY_COLORSPACE_GAMMA UNITY_LIGHTMAP_RGBM_ENCODING ok=1
Cmd: compileSnippet
  api=5 type=1 insize=1466 outsize=0 kw=POINT pd=UNITY_NO_DXT5nm UNITY_ENABLE_REFLECTION_BUFFERS UNITY_USE_DITHER_MASK_FOR_ALPHABLENDED_SHADOWS UNITY_PBS_USE_BRDF1 UNITY_SPECCUBE_BOX_PROJECTION UNITY_SPECCUBE_BLENDING UNITY_ENABLE_DETAIL_NORMALMAP SHADER_API_DESKTOP UNITY_COLORSPACE_GAMMA UNITY_LIGHTMAP_RGBM_ENCODING ok=1
Cmd: compileSnippet
  api=9 type=1 insize=1466 outsize=0 kw=SPOT pd=UNITY_NO_DXT5nm UNITY_ENABLE_REFLECTION_BUFFERS UNITY_USE_DITHER_MASK_FOR_ALPHABLENDED_SHADOWS UNITY_PBS_USE_BRDF1 UNITY_SPECCUBE_BOX_PROJECTION UNITY_SPECCUBE_BLENDING UNITY_ENABLE_DETAIL_NORMALMAP SHADER_API_DESKTOP UNITY_COLORSPACE_GAMMA UNITY_LIGHTMAP_RGBM_ENCODING ok=1
Cmd: compileSnippet
  api=5 type=1 insize=1466 outsize=0 kw=SPOT SHADOWS_DEPTH pd=UNITY_NO_DXT5nm UNITY_ENABLE_REFLECTION_BUFFERS UNITY_USE_DITHER_MASK_FOR_ALPHABLENDED_SHADOWS UNITY_PBS_USE_BRDF1 UNITY_SPECCUBE_BOX_PROJECTION UNITY_SPECCUBE_BLENDING UNITY_ENABLE_DETAIL_NORMALMAP SHADER_API_DESKTOP UNITY_COLORSPACE_GAMMA UNITY_LIGHTMAP_RGBM_ENCODING ok=1
Cmd: compileSnippet
  api=9 type=1 insize=1466 outsize=0 kw=SPOT SHADOWS_DEPTH SHADOWS_SOFT pd=UNITY_NO_DXT5nm UNITY_ENABLE_REFLECTION_BUFFERS UNITY_USE_DITHER_MASK_FOR_ALPHABLENDED_SHADOWS UNITY_PBS_USE_BRDF1 UNITY_SPECCUBE_BOX_PROJECTION UNITY_SPECCUBE_BLENDING UNITY_ENABLE_DETAIL_NORMALMAP SHADER_API_DESKTOP UNITY_COLORSPACE_GAMMA UNITY_LIGHTMAP_RGBM_ENCODING ok=1
Cmd: compileSnippet
  api=9 type=1 insize=1466 outsize=0 kw=POINT SHADOWS_CUBE pd=UNITY_NO_DXT5nm UNITY_ENABLE_REFLECTION_BUFFERS UNITY_USE_DITHER_MASK_FOR_ALPHABLENDED_SHADOWS UNITY_PBS_USE_BRDF1 UNITY_SPECCUBE_BOX_PROJECTION UNITY_SPECCUBE_BLENDING UNITY_ENABLE_DETAIL_NORMALMAP SHADER_API_DESKTOP UNITY_COLORSPACE_GAMMA UNITY_LIGHTMAP_RGBM_ENCODING ok=1
Cmd: compileSnippet
  api=5 type=1 insize=1466 outsize=0 kw=POINT_COOKIE SHADOWS_CUBE pd=UNITY_NO_DXT5nm UNITY_ENABLE_REFLECTION_BUFFERS UNITY_USE_DITHER_MASK_FOR_ALPHABLENDED_SHADOWS UNITY_PBS_USE_BRDF1 UNITY_SPECCUBE_BOX_PROJECTION UNITY_SPECCUBE_BLENDING UNITY_ENABLE_DETAIL_NORMALMAP SHADER_API_DESKTOP UNITY_COLORSPACE_GAMMA UNITY_LIGHTMAP_RGBM_ENCODING ok=1
Cmd: compileSnippet
  api=9 type=1 insize=1466 outsize=0 kw=POINT_COOKIE SHADOWS_CUBE SHADOWS_SOFT pd=UNITY_NO_DXT5nm UNITY_ENABLE_REFLECTION_BUFFERS UNITY_USE_DITHER_MASK_FOR_ALPHABLENDED_SHADOWS UNITY_PBS_USE_BRDF1 UNITY_SPECCUBE_BOX_PROJECTION UNITY_SPECCUBE_BLENDING UNITY_ENABLE_DETAIL_NORMALMAP SHADER_API_DESKTOP UNITY_COLORSPACE_GAMMA UNITY_LIGHTMAP_RGBM_ENCODING ok=1
Cmd: compileSnippet
  api=5 type=0 insize=11179 outsize=3711 kw= pd=UNITY_NO_DXT5nm UNITY_ENABLE_REFLECTION_BUFFERS UNITY_USE_DITHER_MASK_FOR_ALPHABLENDED_SHADOWS UNITY_PBS_USE_BRDF1 UNITY_SPECCUBE_BOX_PROJECTION UNITY_SPECCUBE_BLENDING UNITY_ENABLE_DETAIL_NORMALMAP SHADER_API_DESKTOP UNITY_COLORSPACE_GAMMA UNITY_LIGHTMAP_RGBM_ENCODING ok=1
Cmd: compileSnippet
  api=5 type=0 insize=11179 outsize=3090 kw=SHADOWS_SINGLE_CASCADE pd=UNITY_NO_DXT5nm UNITY_ENABLE_REFLECTION_BUFFERS UNITY_USE_DITHER_MASK_FOR_ALPHABLENDED_SHADOWS UNITY_PBS_USE_BRDF1 UNITY_SPECCUBE_BOX_PROJECTION UNITY_SPECCUBE_BLENDING UNITY_ENABLE_DETAIL_NORMALMAP SHADER_API_DESKTOP UNITY_COLORSPACE_GAMMA UNITY_LIGHTMAP_RGBM_ENCODING ok=1
Cmd: compileSnippet
  api=9 type=0 insize=11179 outsize=4078 kw=SHADOWS_SPLIT_SPHERES SHADOWS_SINGLE_CASCADE pd=UNITY_NO_DXT5nm UNITY_ENABLE_REFLECTION_BUFFERS UNITY_USE_DITHER_MASK_FOR_ALPHABLENDED_SHADOWS UNITY_PBS_USE_BRDF1 UNITY_SPECCUBE_BOX_PROJECTION UNITY_SPECCUBE_BLENDING UNITY_ENABLE_DETAIL_NORMALMAP SHADER_API_DESKTOP UNITY_COLORSPACE_GAMMA UNITY_LIGHTMAP_RGBM_ENCODING ok=1
Cmd: compileSnippet
  api=5 type=1 insize=11179 outsize=0 kw= pd=UNITY_NO_DXT5nm UNITY_ENABLE_REFLECTION_BUFFERS UNITY_USE_DITHER_MASK_FOR_ALPHABLENDED_SHADOWS UNITY_PBS_USE_BRDF1 UNITY_SPECCUBE_BOX_PROJECTION UNITY_SPECCUBE_BLENDING UNITY_ENABLE_DETAIL_NORMALMAP SHADER_API_DESKTOP UNITY_COLORSPACE_GAMMA UNITY_LIGHTMAP_RGBM_ENCODING ok=1
Cmd: compileSnippet
  api=5 type=1 insize=11179 outsize=0 kw=SHADOWS_SINGLE_CASCADE pd=UNITY_NO_DXT5nm UNITY_ENABLE_REFLECTION_BUFFERS UNITY_USE_DITHER_MASK_FOR_ALPHABLENDED_SHADOWS UNITY_PBS_USE_BRDF1 UNITY_SPECCUBE_BOX_PROJECTION UNITY_SPECCUBE_BLENDING UNITY_ENABLE_DETAIL_NORMALMAP SHADER_API_DESKTOP UNITY_COLORSPACE_GAMMA UNITY_LIGHTMAP_RGBM_ENCODING ok=1
Cmd: compileSnippet
  api=5 type=0 insize=11183 outsize=3716 kw= pd=UNITY_NO_DXT5nm UNITY_ENABLE_REFLECTION_BUFFERS UNITY_USE_DITHER_MASK_FOR_ALPHABLENDED_SHADOWS UNITY_PBS_USE_BRDF1 UNITY_SPECCUBE_BOX_PROJECTION UNITY_SPECCUBE_BLENDING UNITY_ENABLE_DETAIL_NORMALMAP SHADER_API_DESKTOP UNITY_COLORSPACE_GAMMA UNITY_LIGHTMAP_RGBM_ENCODING ok=1
Cmd: compileSnippet
  api=9 type=0 insize=11183 outsize=3917 kw=SHADOWS_SINGLE_CASCADE pd=UNITY_NO_DXT5nm UNITY_ENABLE_REFLECTION_BUFFERS UNITY_USE_DITHER_MASK_FOR_ALPHABLENDED_SHADOWS UNITY_PBS_USE_BRDF1 UNITY_SPECCUBE_BOX_PROJECTION UNITY_SPECCUBE_BLENDING UNITY_ENABLE_DETAIL_NORMALMAP SHADER_API_DESKTOP UNITY_COLORSPACE_GAMMA UNITY_LIGHTMAP_RGBM_ENCODING ok=1
Cmd: compileSnippet
  api=5 type=1 insize=11183 outsize=0 kw= pd=UNITY_NO_DXT5nm UNITY_ENABLE_REFLECTION_BUFFERS UNITY_USE_DITHER_MASK_FOR_ALPHABLENDED_SHADOWS UNITY_PBS_USE_BRDF1 UNITY_SPECCUBE_BOX_PROJECTION UNITY_SPECCUBE_BLENDING UNITY_ENABLE_DETAIL_NORMALMAP SHADER_API_DESKTOP UNITY_COLORSPACE_GAMMA UNITY_LIGHTMAP_RGBM_ENCODING ok=1
Cmd: compileSnippet
  api=9 type=1 insize=11183 outsize=0 kw=SHADOWS_SINGLE_CASCADE pd=UNITY_NO_DXT5nm UNITY_ENABLE_REFLECTION_BUFFERS UNITY_USE_DITHER_MASK_FOR_ALPHABLENDED_SHADOWS UNITY_PBS_USE_BRDF1 UNITY_SPECCUBE_BOX_PROJECTION UNITY_SPECCUBE_BLENDING UNITY_ENABLE_DETAIL_NORMALMAP SHADER_API_DESKTOP UNITY_COLORSPACE_GAMMA UNITY_LIGHTMAP_RGBM_ENCODING ok=1
Cmd: compileSnippet
  api=5 type=0 insize=11209 outsize=7168 kw= pd=UNITY_NO_DXT5nm UNITY_ENABLE_REFLECTION_BUFFERS UNITY_USE_DITHER_MASK_FOR_ALPHABLENDED_SHADOWS UNITY_PBS_USE_BRDF1 UNITY_SPECCUBE_BOX_PROJECTION UNITY_SPECCUBE_BLENDING UNITY_ENABLE_DETAIL_NORMALMAP SHADER_API_DESKTOP UNITY_COLORSPACE_GAMMA UNITY_LIGHTMAP_RGBM_ENCODING ok=1
Cmd: compileSnippet
  api=5 type=0 insize=11209 outsize=6521 kw=SHADOWS_SINGLE_CASCADE pd=UNITY_NO_DXT5nm UNITY_ENABLE_REFLECTION_BUFFERS UNITY_USE_DITHER_MASK_FOR_ALPHABLENDED_SHADOWS UNITY_PBS_USE_BRDF1 UNITY_SPECCUBE_BOX_PROJECTION UNITY_SPECCUBE_BLENDING UNITY_ENABLE_DETAIL_NORMALMAP SHADER_API_DESKTOP UNITY_COLORSPACE_GAMMA UNITY_LIGHTMAP_RGBM_ENCODING ok=1
Cmd: compileSnippet
  api=5 type=1 insize=11209 outsize=0 kw= pd=UNITY_NO_DXT5nm UNITY_ENABLE_REFLECTION_BUFFERS UNITY_USE_DITHER_MASK_FOR_ALPHABLENDED_SHADOWS UNITY_PBS_USE_BRDF1 UNITY_SPECCUBE_BOX_PROJECTION UNITY_SPECCUBE_BLENDING UNITY_ENABLE_DETAIL_NORMALMAP SHADER_API_DESKTOP UNITY_COLORSPACE_GAMMA UNITY_LIGHTMAP_RGBM_ENCODING ok=1
Cmd: compileSnippet
  api=5 type=1 insize=11209 outsize=0 kw=SHADOWS_SINGLE_CASCADE pd=UNITY_NO_DXT5nm UNITY_ENABLE_REFLECTION_BUFFERS UNITY_USE_DITHER_MASK_FOR_ALPHABLENDED_SHADOWS UNITY_PBS_USE_BRDF1 UNITY_SPECCUBE_BOX_PROJECTION UNITY_SPECCUBE_BLENDING UNITY_ENABLE_DETAIL_NORMALMAP SHADER_API_DESKTOP UNITY_COLORSPACE_GAMMA UNITY_LIGHTMAP_RGBM_ENCODING ok=1
Cmd: compileSnippet
  api=5 type=0 insize=11213 outsize=7197 kw= pd=UNITY_NO_DXT5nm UNITY_ENABLE_REFLECTION_BUFFERS UNITY_USE_DITHER_MASK_FOR_ALPHABLENDED_SHADOWS UNITY_PBS_USE_BRDF1 UNITY_SPECCUBE_BOX_PROJECTION UNITY_SPECCUBE_BLENDING UNITY_ENABLE_DETAIL_NORMALMAP SHADER_API_DESKTOP UNITY_COLORSPACE_GAMMA UNITY_LIGHTMAP_RGBM_ENCODING ok=1
Cmd: compileSnippet
  api=5 type=0 insize=11213 outsize=6573 kw=SHADOWS_SINGLE_CASCADE pd=UNITY_NO_DXT5nm UNITY_ENABLE_REFLECTION_BUFFERS UNITY_USE_DITHER_MASK_FOR_ALPHABLENDED_SHADOWS UNITY_PBS_USE_BRDF1 UNITY_SPECCUBE_BOX_PROJECTION UNITY_SPECCUBE_BLENDING UNITY_ENABLE_DETAIL_NORMALMAP SHADER_API_DESKTOP UNITY_COLORSPACE_GAMMA UNITY_LIGHTMAP_RGBM_ENCODING ok=1
Cmd: compileSnippet
  api=5 type=1 insize=11213 outsize=0 kw= pd=UNITY_NO_DXT5nm UNITY_ENABLE_REFLECTION_BUFFERS UNITY_USE_DITHER_MASK_FOR_ALPHABLENDED_SHADOWS UNITY_PBS_USE_BRDF1 UNITY_SPECCUBE_BOX_PROJECTION UNITY_SPECCUBE_BLENDING UNITY_ENABLE_DETAIL_NORMALMAP SHADER_API_DESKTOP UNITY_COLORSPACE_GAMMA UNITY_LIGHTMAP_RGBM_ENCODING ok=1
Cmd: compileSnippet
  api=5 type=1 insize=11213 outsize=0 kw=SHADOWS_SINGLE_CASCADE pd=UNITY_NO_DXT5nm UNITY_ENABLE_REFLECTION_BUFFERS UNITY_USE_DITHER_MASK_FOR_ALPHABLENDED_SHADOWS UNITY_PBS_USE_BRDF1 UNITY_SPECCUBE_BOX_PROJECTION UNITY_SPECCUBE_BLENDING UNITY_ENABLE_DETAIL_NORMALMAP SHADER_API_DESKTOP UNITY_COLORSPACE_GAMMA UNITY_LIGHTMAP_RGBM_ENCODING ok=1
Cmd: compileSnippet
  api=5 type=0 insize=1306 outsize=1827 kw= pd=UNITY_NO_DXT5nm UNITY_ENABLE_REFLECTION_BUFFERS UNITY_USE_DITHER_MASK_FOR_ALPHABLENDED_SHADOWS UNITY_PBS_USE_BRDF1 UNITY_SPECCUBE_BOX_PROJECTION UNITY_SPECCUBE_BLENDING UNITY_ENABLE_DETAIL_NORMALMAP SHADER_API_DESKTOP UNITY_COLORSPACE_GAMMA UNITY_LIGHTMAP_RGBM_ENCODING ok=1
Cmd: compileSnippet
  api=5 type=1 insize=1306 outsize=0 kw= pd=UNITY_NO_DXT5nm UNITY_ENABLE_REFLECTION_BUFFERS UNITY_USE_DITHER_MASK_FOR_ALPHABLENDED_SHADOWS UNITY_PBS_USE_BRDF1 UNITY_SPECCUBE_BOX_PROJECTION UNITY_SPECCUBE_BLENDING UNITY_ENABLE_DETAIL_NORMALMAP SHADER_API_DESKTOP UNITY_COLORSPACE_GAMMA UNITY_LIGHTMAP_RGBM_ENCODING ok=1
Cmd: compileSnippet
  api=5 type=0 insize=1486 outsize=728 kw= pd=UNITY_NO_DXT5nm UNITY_ENABLE_REFLECTION_BUFFERS UNITY_USE_DITHER_MASK_FOR_ALPHABLENDED_SHADOWS UNITY_PBS_USE_BRDF1 UNITY_SPECCUBE_BOX_PROJECTION UNITY_SPECCUBE_BLENDING UNITY_ENABLE_DETAIL_NORMALMAP SHADER_API_DESKTOP UNITY_COLORSPACE_GAMMA UNITY_LIGHTMAP_RGBM_ENCODING ok=1
Cmd: compileSnippet
  api=5 type=1 insize=1486 outsize=0 kw= pd=UNITY_NO_DXT5nm UNITY_ENABLE_REFLECTION_BUFFERS UNITY_USE_DITHER_MASK_FOR_ALPHABLENDED_SHADOWS UNITY_PBS_USE_BRDF1 UNITY_SPECCUBE_BOX_PROJECTION UNITY_SPECCUBE_BLENDING UNITY_ENABLE_DETAIL_NORMALMAP SHADER_API_DESKTOP UNITY_COLORSPACE_GAMMA UNITY_LIGHTMAP_RGBM_ENCODING ok=1
Cmd: compileSnippet
  api=5 type=0 insize=1509 outsize=697 kw= pd=UNITY_NO_DXT5nm UNITY_ENABLE_REFLECTION_BUFFERS UNITY_USE_DITHER_MASK_FOR_ALPHABLENDED_SHADOWS UNITY_PBS_USE_BRDF1 UNITY_SPECCUBE_BOX_PROJECTION UNITY_SPECCUBE_BLENDING UNITY_ENABLE_DETAIL_NORMALMAP SHADER_API_DESKTOP UNITY_COLORSPACE_GAMMA UNITY_LIGHTMAP_RGBM_ENCODING ok=1
Cmd: compileSnippet
  api=5 type=1 insize=1509 outsize=0 kw= pd=UNITY_NO_DXT5nm UNITY_ENABLE_REFLECTION_BUFFERS UNITY_USE_DITHER_MASK_FOR_ALPHABLENDED_SHADOWS UNITY_PBS_USE_BRDF1 UNITY_SPECCUBE_BOX_PROJECTION UNITY_SPECCUBE_BLENDING UNITY_ENABLE_DETAIL_NORMALMAP SHADER_API_DESKTOP UNITY_COLORSPACE_GAMMA UNITY_LIGHTMAP_RGBM_ENCODING ok=1
Cmd: compileSnippet
  api=5 type=0 insize=1805 outsize=1527 kw= pd=UNITY_NO_DXT5nm UNITY_ENABLE_REFLECTION_BUFFERS UNITY_USE_DITHER_MASK_FOR_ALPHABLENDED_SHADOWS UNITY_PBS_USE_BRDF1 UNITY_SPECCUBE_BOX_PROJECTION UNITY_SPECCUBE_BLENDING UNITY_ENABLE_DETAIL_NORMALMAP SHADER_API_DESKTOP UNITY_COLORSPACE_GAMMA UNITY_LIGHTMAP_RGBM_ENCODING ok=1
Cmd: compileSnippet
  api=5 type=1 insize=1805 outsize=0 kw= pd=UNITY_NO_DXT5nm UNITY_ENABLE_REFLECTION_BUFFERS UNITY_USE_DITHER_MASK_FOR_ALPHABLENDED_SHADOWS UNITY_PBS_USE_BRDF1 UNITY_SPECCUBE_BOX_PROJECTION UNITY_SPECCUBE_BLENDING UNITY_ENABLE_DETAIL_NORMALMAP SHADER_API_DESKTOP UNITY_COLORSPACE_GAMMA UNITY_LIGHTMAP_RGBM_ENCODING ok=1
Cmd: compileSnippet
  api=5 type=0 insize=2008 outsize=6115 kw=POINT pd=UNITY_NO_DXT5nm UNITY_ENABLE_REFLECTION_BUFFERS UNITY_USE_DITHER_MASK_FOR_ALPHABLENDED_SHADOWS UNITY_PBS_USE_BRDF1 UNITY_SPECCUBE_BOX_PROJECTION UNITY_SPECCUBE_BLENDING UNITY_ENABLE_DETAIL_NORMALMAP SHADER_API_DESKTOP UNITY_COLORSPACE_GAMMA UNITY_LIGHTMAP_RGBM_ENCODING ok=1
Cmd: compileSnippet
  api=9 type=0 insize=2008 outsize=8560 kw=SPOT pd=UNITY_NO_DXT5nm UNITY_ENABLE_REFLECTION_BUFFERS UNITY_USE_DITHER_MASK_FOR_ALPHABLENDED_SHADOWS UNITY_PBS_USE_BRDF1 UNITY_SPECCUBE_BOX_PROJECTION UNITY_SPECCUBE_BLENDING UNITY_ENABLE_DETAIL_NORMALMAP SHADER_API_DESKTOP UNITY_COLORSPACE_GAMMA UNITY_LIGHTMAP_RGBM_ENCODING ok=1
Cmd: compileSnippet
  api=5 type=0 insize=2008 outsize=7727 kw=SPOT SHADOWS_DEPTH pd=UNITY_NO_DXT5nm UNITY_ENABLE_REFLECTION_BUFFERS UNITY_USE_DITHER_MASK_FOR_ALPHABLENDED_SHADOWS UNITY_PBS_USE_BRDF1 UNITY_SPECCUBE_BOX_PROJECTION UNITY_SPECCUBE_BLENDING UNITY_ENABLE_DETAIL_NORMALMAP SHADER_API_DESKTOP UNITY_COLORSPACE_GAMMA UNITY_LIGHTMAP_RGBM_ENCODING ok=1
Cmd: compileSnippet
  api=9 type=0 insize=2008 outsize=10792 kw=SPOT SHADOWS_DEPTH SHADOWS_SOFT pd=UNITY_NO_DXT5nm UNITY_ENABLE_REFLECTION_BUFFERS UNITY_USE_DITHER_MASK_FOR_ALPHABLENDED_SHADOWS UNITY_PBS_USE_BRDF1 UNITY_SPECCUBE_BOX_PROJECTION UNITY_SPECCUBE_BLENDING UNITY_ENABLE_DETAIL_NORMALMAP SHADER_API_DESKTOP UNITY_COLORSPACE_GAMMA UNITY_LIGHTMAP_RGBM_ENCODING ok=1
Cmd: compileSnippet
  api=9 type=0 insize=2008 outsize=9237 kw=POINT SHADOWS_CUBE pd=UNITY_NO_DXT5nm UNITY_ENABLE_REFLECTION_BUFFERS UNITY_USE_DITHER_MASK_FOR_ALPHABLENDED_SHADOWS UNITY_PBS_USE_BRDF1 UNITY_SPECCUBE_BOX_PROJECTION UNITY_SPECCUBE_BLENDING UNITY_ENABLE_DETAIL_NORMALMAP SHADER_API_DESKTOP UNITY_COLORSPACE_GAMMA UNITY_LIGHTMAP_RGBM_ENCODING ok=1
Cmd: compileSnippet
  api=5 type=0 insize=2008 outsize=9832 kw=POINT_COOKIE SHADOWS_CUBE SHADOWS_SOFT pd=UNITY_NO_DXT5nm UNITY_ENABLE_REFLECTION_BUFFERS UNITY_USE_DITHER_MASK_FOR_ALPHABLENDED_SHADOWS UNITY_PBS_USE_BRDF1 UNITY_SPECCUBE_BOX_PROJECTION UNITY_SPECCUBE_BLENDING UNITY_ENABLE_DETAIL_NORMALMAP SHADER_API_DESKTOP UNITY_COLORSPACE_GAMMA UNITY_LIGHTMAP_RGBM_ENCODING ok=1
Cmd: compileSnippet
  api=5 type=0 insize=2008 outsize=6006 kw=POINT UNITY_HDR_ON pd=UNITY_NO_DXT5nm UNITY_ENABLE_REFLECTION_BUFFERS UNITY_USE_DITHER_MASK_FOR_ALPHABLENDED_SHADOWS UNITY_PBS_USE_BRDF1 UNITY_SPECCUBE_BOX_PROJECTION UNITY_SPECCUBE_BLENDING UNITY_ENABLE_DETAIL_NORMALMAP SHADER_API_DESKTOP UNITY_COLORSPACE_GAMMA UNITY_LIGHTMAP_RGBM_ENCODING ok=1
Cmd: compileSnippet
  api=9 type=0 insize=2008 outsize=7402 kw=DIRECTIONAL UNITY_HDR_ON pd=UNITY_NO_DXT5nm UNITY_ENABLE_REFLECTION_BUFFERS UNITY_USE_DITHER_MASK_FOR_ALPHABLENDED_SHADOWS UNITY_PBS_USE_BRDF1 UNITY_SPECCUBE_BOX_PROJECTION UNITY_SPECCUBE_BLENDING UNITY_ENABLE_DETAIL_NORMALMAP SHADER_API_DESKTOP UNITY_COLORSPACE_GAMMA UNITY_LIGHTMAP_RGBM_ENCODING ok=1
Cmd: compileSnippet
  api=5 type=0 insize=2008 outsize=6125 kw=DIRECTIONAL_COOKIE UNITY_HDR_ON pd=UNITY_NO_DXT5nm UNITY_ENABLE_REFLECTION_BUFFERS UNITY_USE_DITHER_MASK_FOR_ALPHABLENDED_SHADOWS UNITY_PBS_USE_BRDF1 UNITY_SPECCUBE_BOX_PROJECTION UNITY_SPECCUBE_BLENDING UNITY_ENABLE_DETAIL_NORMALMAP SHADER_API_DESKTOP UNITY_COLORSPACE_GAMMA UNITY_LIGHTMAP_RGBM_ENCODING ok=1
Cmd: compileSnippet
  api=9 type=0 insize=2008 outsize=10077 kw=SPOT SHADOWS_DEPTH UNITY_HDR_ON pd=UNITY_NO_DXT5nm UNITY_ENABLE_REFLECTION_BUFFERS UNITY_USE_DITHER_MASK_FOR_ALPHABLENDED_SHADOWS UNITY_PBS_USE_BRDF1 UNITY_SPECCUBE_BOX_PROJECTION UNITY_SPECCUBE_BLENDING UNITY_ENABLE_DETAIL_NORMALMAP SHADER_API_DESKTOP UNITY_COLORSPACE_GAMMA UNITY_LIGHTMAP_RGBM_ENCODING ok=1
Cmd: compileSnippet
  api=5 type=0 insize=2008 outsize=6869 kw=DIRECTIONAL_COOKIE SHADOWS_SCREEN UNITY_HDR_ON pd=UNITY_NO_DXT5nm UNITY_ENABLE_REFLECTION_BUFFERS UNITY_USE_DITHER_MASK_FOR_ALPHABLENDED_SHADOWS UNITY_PBS_USE_BRDF1 UNITY_SPECCUBE_BOX_PROJECTION UNITY_SPECCUBE_BLENDING UNITY_ENABLE_DETAIL_NORMALMAP SHADER_API_DESKTOP UNITY_COLORSPACE_GAMMA UNITY_LIGHTMAP_RGBM_ENCODING ok=1
Cmd: compileSnippet
  api=5 type=0 insize=2008 outsize=7289 kw=POINT SHADOWS_CUBE UNITY_HDR_ON pd=UNITY_NO_DXT5nm UNITY_ENABLE_REFLECTION_BUFFERS UNITY_USE_DITHER_MASK_FOR_ALPHABLENDED_SHADOWS UNITY_PBS_USE_BRDF1 UNITY_SPECCUBE_BOX_PROJECTION UNITY_SPECCUBE_BLENDING UNITY_ENABLE_DETAIL_NORMALMAP SHADER_API_DESKTOP UNITY_COLORSPACE_GAMMA UNITY_LIGHTMAP_RGBM_ENCODING ok=1
Cmd: compileSnippet
  api=5 type=0 insize=2008 outsize=7622 kw=POINT_COOKIE SHADOWS_CUBE UNITY_HDR_ON pd=UNITY_NO_DXT5nm UNITY_ENABLE_REFLECTION_BUFFERS UNITY_USE_DITHER_MASK_FOR_ALPHABLENDED_SHADOWS UNITY_PBS_USE_BRDF1 UNITY_SPECCUBE_BOX_PROJECTION UNITY_SPECCUBE_BLENDING UNITY_ENABLE_DETAIL_NORMALMAP SHADER_API_DESKTOP UNITY_COLORSPACE_GAMMA UNITY_LIGHTMAP_RGBM_ENCODING ok=1
Cmd: compileSnippet
  api=9 type=0 insize=2008 outsize=10671 kw=POINT_COOKIE SHADOWS_CUBE SHADOWS_SOFT UNITY_HDR_ON pd=UNITY_NO_DXT5nm UNITY_ENABLE_REFLECTION_BUFFERS UNITY_USE_DITHER_MASK_FOR_ALPHABLENDED_SHADOWS UNITY_PBS_USE_BRDF1 UNITY_SPECCUBE_BOX_PROJECTION UNITY_SPECCUBE_BLENDING UNITY_ENABLE_DETAIL_NORMALMAP SHADER_API_DESKTOP UNITY_COLORSPACE_GAMMA UNITY_LIGHTMAP_RGBM_ENCODING ok=1
Cmd: compileSnippet
  api=5 type=1 insize=2008 outsize=0 kw=POINT pd=UNITY_NO_DXT5nm UNITY_ENABLE_REFLECTION_BUFFERS UNITY_USE_DITHER_MASK_FOR_ALPHABLENDED_SHADOWS UNITY_PBS_USE_BRDF1 UNITY_SPECCUBE_BOX_PROJECTION UNITY_SPECCUBE_BLENDING UNITY_ENABLE_DETAIL_NORMALMAP SHADER_API_DESKTOP UNITY_COLORSPACE_GAMMA UNITY_LIGHTMAP_RGBM_ENCODING ok=1
Cmd: compileSnippet
  api=5 type=1 insize=2008 outsize=0 kw=SPOT pd=UNITY_NO_DXT5nm UNITY_ENABLE_REFLECTION_BUFFERS UNITY_USE_DITHER_MASK_FOR_ALPHABLENDED_SHADOWS UNITY_PBS_USE_BRDF1 UNITY_SPECCUBE_BOX_PROJECTION UNITY_SPECCUBE_BLENDING UNITY_ENABLE_DETAIL_NORMALMAP SHADER_API_DESKTOP UNITY_COLORSPACE_GAMMA UNITY_LIGHTMAP_RGBM_ENCODING ok=1
Cmd: compileSnippet
  api=9 type=1 insize=2008 outsize=0 kw=DIRECTIONAL_COOKIE pd=UNITY_NO_DXT5nm UNITY_ENABLE_REFLECTION_BUFFERS UNITY_USE_DITHER_MASK_FOR_ALPHABLENDED_SHADOWS UNITY_PBS_USE_BRDF1 UNITY_SPECCUBE_BOX_PROJECTION UNITY_SPECCUBE_BLENDING UNITY_ENABLE_DETAIL_NORMALMAP SHADER_API_DESKTOP UNITY_COLORSPACE_GAMMA UNITY_LIGHTMAP_RGBM_ENCODING ok=1
Cmd: compileSnippet
  api=5 type=1 insize=2008 outsize=0 kw=SPOT SHADOWS_DEPTH SHADOWS_SOFT pd=UNITY_NO_DXT5nm UNITY_ENABLE_REFLECTION_BUFFERS UNITY_USE_DITHER_MASK_FOR_ALPHABLENDED_SHADOWS UNITY_PBS_USE_BRDF1 UNITY_SPECCUBE_BOX_PROJECTION UNITY_SPECCUBE_BLENDING UNITY_ENABLE_DETAIL_NORMALMAP SHADER_API_DESKTOP UNITY_COLORSPACE_GAMMA UNITY_LIGHTMAP_RGBM_ENCODING ok=1
Cmd: compileSnippet
  api=9 type=1 insize=2008 outsize=0 kw=DIRECTIONAL_COOKIE SHADOWS_SCREEN pd=UNITY_NO_DXT5nm UNITY_ENABLE_REFLECTION_BUFFERS UNITY_USE_DITHER_MASK_FOR_ALPHABLENDED_SHADOWS UNITY_PBS_USE_BRDF1 UNITY_SPECCUBE_BOX_PROJECTION UNITY_SPECCUBE_BLENDING UNITY_ENABLE_DETAIL_NORMALMAP SHADER_API_DESKTOP UNITY_COLORSPACE_GAMMA UNITY_LIGHTMAP_RGBM_ENCODING ok=1
Cmd: compileSnippet
  api=9 type=1 insize=2008 outsize=0 kw=POINT SHADOWS_CUBE SHADOWS_SOFT pd=UNITY_NO_DXT5nm UNITY_ENABLE_REFLECTION_BUFFERS UNITY_USE_DITHER_MASK_FOR_ALPHABLENDED_SHADOWS UNITY_PBS_USE_BRDF1 UNITY_SPECCUBE_BOX_PROJECTION UNITY_SPECCUBE_BLENDING UNITY_ENABLE_DETAIL_NORMALMAP SHADER_API_DESKTOP UNITY_COLORSPACE_GAMMA UNITY_LIGHTMAP_RGBM_ENCODING ok=1
Cmd: compileSnippet
  api=9 type=1 insize=2008 outsize=0 kw=POINT_COOKIE SHADOWS_CUBE pd=UNITY_NO_DXT5nm UNITY_ENABLE_REFLECTION_BUFFERS UNITY_USE_DITHER_MASK_FOR_ALPHABLENDED_SHADOWS UNITY_PBS_USE_BRDF1 UNITY_SPECCUBE_BOX_PROJECTION UNITY_SPECCUBE_BLENDING UNITY_ENABLE_DETAIL_NORMALMAP SHADER_API_DESKTOP UNITY_COLORSPACE_GAMMA UNITY_LIGHTMAP_RGBM_ENCODING ok=1
Cmd: compileSnippet
  api=5 type=1 insize=2008 outsize=0 kw=DIRECTIONAL UNITY_HDR_ON pd=UNITY_NO_DXT5nm UNITY_ENABLE_REFLECTION_BUFFERS UNITY_USE_DITHER_MASK_FOR_ALPHABLENDED_SHADOWS UNITY_PBS_USE_BRDF1 UNITY_SPECCUBE_BOX_PROJECTION UNITY_SPECCUBE_BLENDING UNITY_ENABLE_DETAIL_NORMALMAP SHADER_API_DESKTOP UNITY_COLORSPACE_GAMMA UNITY_LIGHTMAP_RGBM_ENCODING ok=1
Cmd: compileSnippet
  api=9 type=1 insize=2008 outsize=0 kw=POINT_COOKIE UNITY_HDR_ON pd=UNITY_NO_DXT5nm UNITY_ENABLE_REFLECTION_BUFFERS UNITY_USE_DITHER_MASK_FOR_ALPHABLENDED_SHADOWS UNITY_PBS_USE_BRDF1 UNITY_SPECCUBE_BOX_PROJECTION UNITY_SPECCUBE_BLENDING UNITY_ENABLE_DETAIL_NORMALMAP SHADER_API_DESKTOP UNITY_COLORSPACE_GAMMA UNITY_LIGHTMAP_RGBM_ENCODING ok=1
Cmd: compileSnippet
  api=5 type=1 insize=2008 outsize=0 kw=SPOT SHADOWS_DEPTH UNITY_HDR_ON pd=UNITY_NO_DXT5nm UNITY_ENABLE_REFLECTION_BUFFERS UNITY_USE_DITHER_MASK_FOR_ALPHABLENDED_SHADOWS UNITY_PBS_USE_BRDF1 UNITY_SPECCUBE_BOX_PROJECTION UNITY_SPECCUBE_BLENDING UNITY_ENABLE_DETAIL_NORMALMAP SHADER_API_DESKTOP UNITY_COLORSPACE_GAMMA UNITY_LIGHTMAP_RGBM_ENCODING ok=1
Cmd: compileSnippet
  api=9 type=1 insize=2008 outsize=0 kw=SPOT SHADOWS_DEPTH SHADOWS_SOFT UNITY_HDR_ON pd=UNITY_NO_DXT5nm UNITY_ENABLE_REFLECTION_BUFFERS UNITY_USE_DITHER_MASK_FOR_ALPHABLENDED_SHADOWS UNITY_PBS_USE_BRDF1 UNITY_SPECCUBE_BOX_PROJECTION UNITY_SPECCUBE_BLENDING UNITY_ENABLE_DETAIL_NORMALMAP SHADER_API_DESKTOP UNITY_COLORSPACE_GAMMA UNITY_LIGHTMAP_RGBM_ENCODING ok=1
Cmd: compileSnippet
  api=9 type=1 insize=2008 outsize=0 kw=DIRECTIONAL_COOKIE SHADOWS_SCREEN UNITY_HDR_ON pd=UNITY_NO_DXT5nm UNITY_ENABLE_REFLECTION_BUFFERS UNITY_USE_DITHER_MASK_FOR_ALPHABLENDED_SHADOWS UNITY_PBS_USE_BRDF1 UNITY_SPECCUBE_BOX_PROJECTION UNITY_SPECCUBE_BLENDING UNITY_ENABLE_DETAIL_NORMALMAP SHADER_API_DESKTOP UNITY_COLORSPACE_GAMMA UNITY_LIGHTMAP_RGBM_ENCODING ok=1
Cmd: compileSnippet
  api=9 type=1 insize=2008 outsize=0 kw=POINT SHADOWS_CUBE SHADOWS_SOFT UNITY_HDR_ON pd=UNITY_NO_DXT5nm UNITY_ENABLE_REFLECTION_BUFFERS UNITY_USE_DITHER_MASK_FOR_ALPHABLENDED_SHADOWS UNITY_PBS_USE_BRDF1 UNITY_SPECCUBE_BOX_PROJECTION UNITY_SPECCUBE_BLENDING UNITY_ENABLE_DETAIL_NORMALMAP SHADER_API_DESKTOP UNITY_COLORSPACE_GAMMA UNITY_LIGHTMAP_RGBM_ENCODING ok=1
Cmd: compileSnippet
  api=9 type=1 insize=2008 outsize=0 kw=POINT_COOKIE SHADOWS_CUBE SHADOWS_SOFT UNITY_HDR_ON pd=UNITY_NO_DXT5nm UNITY_ENABLE_REFLECTION_BUFFERS UNITY_USE_DITHER_MASK_FOR_ALPHABLENDED_SHADOWS UNITY_PBS_USE_BRDF1 UNITY_SPECCUBE_BOX_PROJECTION UNITY_SPECCUBE_BLENDING UNITY_ENABLE_DETAIL_NORMALMAP SHADER_API_DESKTOP UNITY_COLORSPACE_GAMMA UNITY_LIGHTMAP_RGBM_ENCODING ok=1
Cmd: compileSnippet
  api=5 type=1 insize=909 outsize=0 kw= pd=UNITY_NO_DXT5nm UNITY_ENABLE_REFLECTION_BUFFERS UNITY_USE_DITHER_MASK_FOR_ALPHABLENDED_SHADOWS UNITY_PBS_USE_BRDF1 UNITY_SPECCUBE_BOX_PROJECTION UNITY_SPECCUBE_BLENDING UNITY_ENABLE_DETAIL_NORMALMAP SHADER_API_DESKTOP UNITY_COLORSPACE_GAMMA UNITY_LIGHTMAP_RGBM_ENCODING ok=1
Cmd: compileSnippet
  api=5 type=0 insize=3459 outsize=7465 kw= pd=UNITY_NO_DXT5nm UNITY_ENABLE_REFLECTION_BUFFERS UNITY_USE_DITHER_MASK_FOR_ALPHABLENDED_SHADOWS UNITY_PBS_USE_BRDF1 UNITY_SPECCUBE_BOX_PROJECTION UNITY_SPECCUBE_BLENDING UNITY_ENABLE_DETAIL_NORMALMAP SHADER_API_DESKTOP UNITY_COLORSPACE_GAMMA UNITY_LIGHTMAP_RGBM_ENCODING ok=1
Cmd: compileSnippet
  api=5 type=1 insize=3459 outsize=0 kw= pd=UNITY_NO_DXT5nm UNITY_ENABLE_REFLECTION_BUFFERS UNITY_USE_DITHER_MASK_FOR_ALPHABLENDED_SHADOWS UNITY_PBS_USE_BRDF1 UNITY_SPECCUBE_BOX_PROJECTION UNITY_SPECCUBE_BLENDING UNITY_ENABLE_DETAIL_NORMALMAP SHADER_API_DESKTOP UNITY_COLORSPACE_GAMMA UNITY_LIGHTMAP_RGBM_ENCODING ok=1
Cmd: compileSnippet
  api=5 type=0 insize=1128 outsize=1037 kw= pd=UNITY_NO_DXT5nm UNITY_ENABLE_REFLECTION_BUFFERS UNITY_USE_DITHER_MASK_FOR_ALPHABLENDED_SHADOWS UNITY_PBS_USE_BRDF1 UNITY_SPECCUBE_BOX_PROJECTION UNITY_SPECCUBE_BLENDING UNITY_ENABLE_DETAIL_NORMALMAP SHADER_API_DESKTOP UNITY_COLORSPACE_GAMMA UNITY_LIGHTMAP_RGBM_ENCODING ok=1
Cmd: compileSnippet
  api=5 type=1 insize=1128 outsize=0 kw= pd=UNITY_NO_DXT5nm UNITY_ENABLE_REFLECTION_BUFFERS UNITY_USE_DITHER_MASK_FOR_ALPHABLENDED_SHADOWS UNITY_PBS_USE_BRDF1 UNITY_SPECCUBE_BOX_PROJECTION UNITY_SPECCUBE_BLENDING UNITY_ENABLE_DETAIL_NORMALMAP SHADER_API_DESKTOP UNITY_COLORSPACE_GAMMA UNITY_LIGHTMAP_RGBM_ENCODING ok=1
Cmd: compileSnippet
  api=5 type=0 insize=5715 outsize=1745 kw= pd=UNITY_NO_DXT5nm UNITY_ENABLE_REFLECTION_BUFFERS UNITY_USE_DITHER_MASK_FOR_ALPHABLENDED_SHADOWS UNITY_PBS_USE_BRDF1 UNITY_SPECCUBE_BOX_PROJECTION UNITY_SPECCUBE_BLENDING UNITY_ENABLE_DETAIL_NORMALMAP SHADER_API_DESKTOP UNITY_COLORSPACE_GAMMA UNITY_LIGHTMAP_RGBM_ENCODING ok=1
Cmd: compileSnippet
  api=5 type=1 insize=5715 outsize=0 kw= pd=UNITY_NO_DXT5nm UNITY_ENABLE_REFLECTION_BUFFERS UNITY_USE_DITHER_MASK_FOR_ALPHABLENDED_SHADOWS UNITY_PBS_USE_BRDF1 UNITY_SPECCUBE_BOX_PROJECTION UNITY_SPECCUBE_BLENDING UNITY_ENABLE_DETAIL_NORMALMAP SHADER_API_DESKTOP UNITY_COLORSPACE_GAMMA UNITY_LIGHTMAP_RGBM_ENCODING ok=1
Cmd: compileSnippet
  api=5 type=0 insize=5727 outsize=1868 kw= pd=UNITY_NO_DXT5nm UNITY_ENABLE_REFLECTION_BUFFERS UNITY_USE_DITHER_MASK_FOR_ALPHABLENDED_SHADOWS UNITY_PBS_USE_BRDF1 UNITY_SPECCUBE_BOX_PROJECTION UNITY_SPECCUBE_BLENDING UNITY_ENABLE_DETAIL_NORMALMAP SHADER_API_DESKTOP UNITY_COLORSPACE_GAMMA UNITY_LIGHTMAP_RGBM_ENCODING ok=1
Cmd: compileSnippet
  api=5 type=1 insize=5727 outsize=0 kw= pd=UNITY_NO_DXT5nm UNITY_ENABLE_REFLECTION_BUFFERS UNITY_USE_DITHER_MASK_FOR_ALPHABLENDED_SHADOWS UNITY_PBS_USE_BRDF1 UNITY_SPECCUBE_BOX_PROJECTION UNITY_SPECCUBE_BLENDING UNITY_ENABLE_DETAIL_NORMALMAP SHADER_API_DESKTOP UNITY_COLORSPACE_GAMMA UNITY_LIGHTMAP_RGBM_ENCODING ok=1
Cmd: compileSnippet
  api=5 type=0 insize=5736 outsize=1984 kw= pd=UNITY_NO_DXT5nm UNITY_ENABLE_REFLECTION_BUFFERS UNITY_USE_DITHER_MASK_FOR_ALPHABLENDED_SHADOWS UNITY_PBS_USE_BRDF1 UNITY_SPECCUBE_BOX_PROJECTION UNITY_SPECCUBE_BLENDING UNITY_ENABLE_DETAIL_NORMALMAP SHADER_API_DESKTOP UNITY_COLORSPACE_GAMMA UNITY_LIGHTMAP_RGBM_ENCODING ok=1
Cmd: compileSnippet
  api=5 type=0 insize=1494 outsize=840 kw= pd=UNITY_NO_DXT5nm UNITY_ENABLE_REFLECTION_BUFFERS UNITY_USE_DITHER_MASK_FOR_ALPHABLENDED_SHADOWS UNITY_PBS_USE_BRDF1 UNITY_SPECCUBE_BOX_PROJECTION UNITY_SPECCUBE_BLENDING UNITY_ENABLE_DETAIL_NORMALMAP SHADER_API_DESKTOP UNITY_COLORSPACE_GAMMA UNITY_LIGHTMAP_RGBM_ENCODING ok=1
Cmd: compileSnippet
  api=5 type=1 insize=1494 outsize=0 kw= pd=UNITY_NO_DXT5nm UNITY_ENABLE_REFLECTION_BUFFERS UNITY_USE_DITHER_MASK_FOR_ALPHABLENDED_SHADOWS UNITY_PBS_USE_BRDF1 UNITY_SPECCUBE_BOX_PROJECTION UNITY_SPECCUBE_BLENDING UNITY_ENABLE_DETAIL_NORMALMAP SHADER_API_DESKTOP UNITY_COLORSPACE_GAMMA UNITY_LIGHTMAP_RGBM_ENCODING ok=1
Cmd: compileSnippet
  api=5 type=0 insize=1799 outsize=917 kw= pd=UNITY_NO_DXT5nm UNITY_ENABLE_REFLECTION_BUFFERS UNITY_USE_DITHER_MASK_FOR_ALPHABLENDED_SHADOWS UNITY_PBS_USE_BRDF1 UNITY_SPECCUBE_BOX_PROJECTION UNITY_SPECCUBE_BLENDING UNITY_ENABLE_DETAIL_NORMALMAP SHADER_API_DESKTOP UNITY_COLORSPACE_GAMMA UNITY_LIGHTMAP_RGBM_ENCODING ok=1
Cmd: compileSnippet
  api=5 type=1 insize=1799 outsize=0 kw= pd=UNITY_NO_DXT5nm UNITY_ENABLE_REFLECTION_BUFFERS UNITY_USE_DITHER_MASK_FOR_ALPHABLENDED_SHADOWS UNITY_PBS_USE_BRDF1 UNITY_SPECCUBE_BOX_PROJECTION UNITY_SPECCUBE_BLENDING UNITY_ENABLE_DETAIL_NORMALMAP SHADER_API_DESKTOP UNITY_COLORSPACE_GAMMA UNITY_LIGHTMAP_RGBM_ENCODING ok=1
Cmd: compileSnippet
  api=5 type=1 insize=1380 outsize=0 kw= pd=UNITY_NO_DXT5nm UNITY_ENABLE_REFLECTION_BUFFERS UNITY_USE_DITHER_MASK_FOR_ALPHABLENDED_SHADOWS UNITY_PBS_USE_BRDF1 UNITY_SPECCUBE_BOX_PROJECTION UNITY_SPECCUBE_BLENDING UNITY_ENABLE_DETAIL_NORMALMAP SHADER_API_DESKTOP UNITY_COLORSPACE_GAMMA UNITY_LIGHTMAP_RGBM_ENCODING ok=1
Cmd: compileSnippet
  api=5 type=0 insize=1594 outsize=1424 kw= pd=UNITY_NO_DXT5nm UNITY_ENABLE_REFLECTION_BUFFERS UNITY_USE_DITHER_MASK_FOR_ALPHABLENDED_SHADOWS UNITY_PBS_USE_BRDF1 UNITY_SPECCUBE_BOX_PROJECTION UNITY_SPECCUBE_BLENDING UNITY_ENABLE_DETAIL_NORMALMAP SHADER_API_DESKTOP UNITY_COLORSPACE_GAMMA UNITY_LIGHTMAP_RGBM_ENCODING ok=1
Cmd: compileSnippet
  api=5 type=0 insize=1594 outsize=1424 kw= pd=UNITY_NO_DXT5nm UNITY_ENABLE_REFLECTION_BUFFERS UNITY_USE_DITHER_MASK_FOR_ALPHABLENDED_SHADOWS UNITY_PBS_USE_BRDF1 UNITY_SPECCUBE_BOX_PROJECTION UNITY_SPECCUBE_BLENDING UNITY_ENABLE_DETAIL_NORMALMAP SHADER_API_DESKTOP UNITY_COLORSPACE_GAMMA UNITY_LIGHTMAP_RGBM_ENCODING ok=1
Cmd: compileSnippet
  api=5 type=1 insize=1594 outsize=0 kw= pd=UNITY_NO_DXT5nm UNITY_ENABLE_REFLECTION_BUFFERS UNITY_USE_DITHER_MASK_FOR_ALPHABLENDED_SHADOWS UNITY_PBS_USE_BRDF1 UNITY_SPECCUBE_BOX_PROJECTION UNITY_SPECCUBE_BLENDING UNITY_ENABLE_DETAIL_NORMALMAP SHADER_API_DESKTOP UNITY_COLORSPACE_GAMMA UNITY_LIGHTMAP_RGBM_ENCODING ok=1
Cmd: compileSnippet
  api=5 type=0 insize=1605 outsize=1419 kw= pd=UNITY_NO_DXT5nm UNITY_ENABLE_REFLECTION_BUFFERS UNITY_USE_DITHER_MASK_FOR_ALPHABLENDED_SHADOWS UNITY_PBS_USE_BRDF1 UNITY_SPECCUBE_BOX_PROJECTION UNITY_SPECCUBE_BLENDING UNITY_ENABLE_DETAIL_NORMALMAP SHADER_API_DESKTOP UNITY_COLORSPACE_GAMMA UNITY_LIGHTMAP_RGBM_ENCODING ok=1
Cmd: compileSnippet
  api=5 type=1 insize=1605 outsize=0 kw= pd=UNITY_NO_DXT5nm UNITY_ENABLE_REFLECTION_BUFFERS UNITY_USE_DITHER_MASK_FOR_ALPHABLENDED_SHADOWS UNITY_PBS_USE_BRDF1 UNITY_SPECCUBE_BOX_PROJECTION UNITY_SPECCUBE_BLENDING UNITY_ENABLE_DETAIL_NORMALMAP SHADER_API_DESKTOP UNITY_COLORSPACE_GAMMA UNITY_LIGHTMAP_RGBM_ENCODING ok=1
Cmd: compileSnippet
  api=5 type=0 insize=1605 outsize=1419 kw= pd=UNITY_NO_DXT5nm UNITY_ENABLE_REFLECTION_BUFFERS UNITY_USE_DITHER_MASK_FOR_ALPHABLENDED_SHADOWS UNITY_PBS_USE_BRDF1 UNITY_SPECCUBE_BOX_PROJECTION UNITY_SPECCUBE_BLENDING UNITY_ENABLE_DETAIL_NORMALMAP SHADER_API_DESKTOP UNITY_COLORSPACE_GAMMA UNITY_LIGHTMAP_RGBM_ENCODING ok=1
Cmd: compileSnippet
  api=5 type=1 insize=1605 outsize=0 kw= pd=UNITY_NO_DXT5nm UNITY_ENABLE_REFLECTION_BUFFERS UNITY_USE_DITHER_MASK_FOR_ALPHABLENDED_SHADOWS UNITY_PBS_USE_BRDF1 UNITY_SPECCUBE_BOX_PROJECTION UNITY_SPECCUBE_BLENDING UNITY_ENABLE_DETAIL_NORMALMAP SHADER_API_DESKTOP UNITY_COLORSPACE_GAMMA UNITY_LIGHTMAP_RGBM_ENCODING ok=1
Cmd: compileSnippet
  api=5 type=0 insize=1245 outsize=823 kw= pd=UNITY_NO_DXT5nm UNITY_ENABLE_REFLECTION_BUFFERS UNITY_USE_DITHER_MASK_FOR_ALPHABLENDED_SHADOWS UNITY_PBS_USE_BRDF1 UNITY_SPECCUBE_BOX_PROJECTION UNITY_SPECCUBE_BLENDING UNITY_ENABLE_DETAIL_NORMALMAP SHADER_API_DESKTOP UNITY_COLORSPACE_GAMMA UNITY_LIGHTMAP_RGBM_ENCODING ok=1
Cmd: compileSnippet
  api=5 type=1 insize=1245 outsize=0 kw= pd=UNITY_NO_DXT5nm UNITY_ENABLE_REFLECTION_BUFFERS UNITY_USE_DITHER_MASK_FOR_ALPHABLENDED_SHADOWS UNITY_PBS_USE_BRDF1 UNITY_SPECCUBE_BOX_PROJECTION UNITY_SPECCUBE_BLENDING UNITY_ENABLE_DETAIL_NORMALMAP SHADER_API_DESKTOP UNITY_COLORSPACE_GAMMA UNITY_LIGHTMAP_RGBM_ENCODING ok=1
Cmd: compileSnippet
  api=5 type=0 insize=1245 outsize=823 kw= pd=UNITY_NO_DXT5nm UNITY_ENABLE_REFLECTION_BUFFERS UNITY_USE_DITHER_MASK_FOR_ALPHABLENDED_SHADOWS UNITY_PBS_USE_BRDF1 UNITY_SPECCUBE_BOX_PROJECTION UNITY_SPECCUBE_BLENDING UNITY_ENABLE_DETAIL_NORMALMAP SHADER_API_DESKTOP UNITY_COLORSPACE_GAMMA UNITY_LIGHTMAP_RGBM_ENCODING ok=1
Cmd: compileSnippet
  api=5 type=1 insize=1245 outsize=0 kw= pd=UNITY_NO_DXT5nm UNITY_ENABLE_REFLECTION_BUFFERS UNITY_USE_DITHER_MASK_FOR_ALPHABLENDED_SHADOWS UNITY_PBS_USE_BRDF1 UNITY_SPECCUBE_BOX_PROJECTION UNITY_SPECCUBE_BLENDING UNITY_ENABLE_DETAIL_NORMALMAP SHADER_API_DESKTOP UNITY_COLORSPACE_GAMMA UNITY_LIGHTMAP_RGBM_ENCODING ok=1
Cmd: compileSnippet
  api=5 type=0 insize=1631 outsize=1384 kw= pd=UNITY_NO_DXT5nm UNITY_ENABLE_REFLECTION_BUFFERS UNITY_USE_DITHER_MASK_FOR_ALPHABLENDED_SHADOWS UNITY_PBS_USE_BRDF1 UNITY_SPECCUBE_BOX_PROJECTION UNITY_SPECCUBE_BLENDING UNITY_ENABLE_DETAIL_NORMALMAP SHADER_API_DESKTOP UNITY_COLORSPACE_GAMMA UNITY_LIGHTMAP_RGBM_ENCODING ok=1
Cmd: compileSnippet
  api=5 type=1 insize=1631 outsize=0 kw= pd=UNITY_NO_DXT5nm UNITY_ENABLE_REFLECTION_BUFFERS UNITY_USE_DITHER_MASK_FOR_ALPHABLENDED_SHADOWS UNITY_PBS_USE_BRDF1 UNITY_SPECCUBE_BOX_PROJECTION UNITY_SPECCUBE_BLENDING UNITY_ENABLE_DETAIL_NORMALMAP SHADER_API_DESKTOP UNITY_COLORSPACE_GAMMA UNITY_LIGHTMAP_RGBM_ENCODING ok=1
Cmd: compileSnippet
  api=5 type=0 insize=1631 outsize=1384 kw= pd=UNITY_NO_DXT5nm UNITY_ENABLE_REFLECTION_BUFFERS UNITY_USE_DITHER_MASK_FOR_ALPHABLENDED_SHADOWS UNITY_PBS_USE_BRDF1 UNITY_SPECCUBE_BOX_PROJECTION UNITY_SPECCUBE_BLENDING UNITY_ENABLE_DETAIL_NORMALMAP SHADER_API_DESKTOP UNITY_COLORSPACE_GAMMA UNITY_LIGHTMAP_RGBM_ENCODING ok=1
Cmd: compileSnippet
  api=5 type=1 insize=1631 outsize=0 kw= pd=UNITY_NO_DXT5nm UNITY_ENABLE_REFLECTION_BUFFERS UNITY_USE_DITHER_MASK_FOR_ALPHABLENDED_SHADOWS UNITY_PBS_USE_BRDF1 UNITY_SPECCUBE_BOX_PROJECTION UNITY_SPECCUBE_BLENDING UNITY_ENABLE_DETAIL_NORMALMAP SHADER_API_DESKTOP UNITY_COLORSPACE_GAMMA UNITY_LIGHTMAP_RGBM_ENCODING ok=1
Cmd: compileSnippet
  api=5 type=0 insize=4303 outsize=5831 kw= pd=UNITY_NO_DXT5nm UNITY_ENABLE_REFLECTION_BUFFERS UNITY_USE_DITHER_MASK_FOR_ALPHABLENDED_SHADOWS UNITY_PBS_USE_BRDF1 UNITY_SPECCUBE_BOX_PROJECTION UNITY_SPECCUBE_BLENDING UNITY_ENABLE_DETAIL_NORMALMAP SHADER_API_DESKTOP UNITY_COLORSPACE_GAMMA UNITY_LIGHTMAP_RGBM_ENCODING ok=1
Cmd: compileSnippet
  api=5 type=1 insize=4303 outsize=0 kw= pd=UNITY_NO_DXT5nm UNITY_ENABLE_REFLECTION_BUFFERS UNITY_USE_DITHER_MASK_FOR_ALPHABLENDED_SHADOWS UNITY_PBS_USE_BRDF1 UNITY_SPECCUBE_BOX_PROJECTION UNITY_SPECCUBE_BLENDING UNITY_ENABLE_DETAIL_NORMALMAP SHADER_API_DESKTOP UNITY_COLORSPACE_GAMMA UNITY_LIGHTMAP_RGBM_ENCODING ok=1
Cmd: compileSnippet
  api=5 type=0 insize=4303 outsize=5831 kw= pd=UNITY_NO_DXT5nm UNITY_ENABLE_REFLECTION_BUFFERS UNITY_USE_DITHER_MASK_FOR_ALPHABLENDED_SHADOWS UNITY_PBS_USE_BRDF1 UNITY_SPECCUBE_BOX_PROJECTION UNITY_SPECCUBE_BLENDING UNITY_ENABLE_DETAIL_NORMALMAP SHADER_API_DESKTOP UNITY_COLORSPACE_GAMMA UNITY_LIGHTMAP_RGBM_ENCODING ok=1
Cmd: compileSnippet
  api=5 type=0 insize=629 outsize=955 kw= pd=UNITY_NO_DXT5nm UNITY_ENABLE_REFLECTION_BUFFERS UNITY_USE_DITHER_MASK_FOR_ALPHABLENDED_SHADOWS UNITY_PBS_USE_BRDF1 UNITY_SPECCUBE_BOX_PROJECTION UNITY_SPECCUBE_BLENDING UNITY_ENABLE_DETAIL_NORMALMAP SHADER_API_DESKTOP UNITY_COLORSPACE_GAMMA UNITY_LIGHTMAP_RGBM_ENCODING ok=1
Cmd: compileSnippet
  api=5 type=1 insize=629 outsize=0 kw= pd=UNITY_NO_DXT5nm UNITY_ENABLE_REFLECTION_BUFFERS UNITY_USE_DITHER_MASK_FOR_ALPHABLENDED_SHADOWS UNITY_PBS_USE_BRDF1 UNITY_SPECCUBE_BOX_PROJECTION UNITY_SPECCUBE_BLENDING UNITY_ENABLE_DETAIL_NORMALMAP SHADER_API_DESKTOP UNITY_COLORSPACE_GAMMA UNITY_LIGHTMAP_RGBM_ENCODING ok=1
Cmd: compileSnippet
  api=5 type=0 insize=1745 outsize=754 kw= pd=UNITY_NO_DXT5nm UNITY_ENABLE_REFLECTION_BUFFERS UNITY_USE_DITHER_MASK_FOR_ALPHABLENDED_SHADOWS UNITY_PBS_USE_BRDF1 UNITY_SPECCUBE_BOX_PROJECTION UNITY_SPECCUBE_BLENDING UNITY_ENABLE_DETAIL_NORMALMAP SHADER_API_DESKTOP UNITY_COLORSPACE_GAMMA UNITY_LIGHTMAP_RGBM_ENCODING ok=1
Cmd: compileSnippet
  api=5 type=1 insize=1745 outsize=0 kw= pd=UNITY_NO_DXT5nm UNITY_ENABLE_REFLECTION_BUFFERS UNITY_USE_DITHER_MASK_FOR_ALPHABLENDED_SHADOWS UNITY_PBS_USE_BRDF1 UNITY_SPECCUBE_BOX_PROJECTION UNITY_SPECCUBE_BLENDING UNITY_ENABLE_DETAIL_NORMALMAP SHADER_API_DESKTOP UNITY_COLORSPACE_GAMMA UNITY_LIGHTMAP_RGBM_ENCODING ok=1
Cmd: compileSnippet
  api=5 type=0 insize=2133 outsize=1084 kw= pd=UNITY_NO_DXT5nm UNITY_ENABLE_REFLECTION_BUFFERS UNITY_USE_DITHER_MASK_FOR_ALPHABLENDED_SHADOWS UNITY_PBS_USE_BRDF1 UNITY_SPECCUBE_BOX_PROJECTION UNITY_SPECCUBE_BLENDING UNITY_ENABLE_DETAIL_NORMALMAP SHADER_API_DESKTOP UNITY_COLORSPACE_GAMMA UNITY_LIGHTMAP_RGBM_ENCODING ok=1
Cmd: compileSnippet
  api=5 type=0 insize=2133 outsize=1491 kw=UNITY_UI_CLIP_RECT pd=UNITY_NO_DXT5nm UNITY_ENABLE_REFLECTION_BUFFERS UNITY_USE_DITHER_MASK_FOR_ALPHABLENDED_SHADOWS UNITY_PBS_USE_BRDF1 UNITY_SPECCUBE_BOX_PROJECTION UNITY_SPECCUBE_BLENDING UNITY_ENABLE_DETAIL_NORMALMAP SHADER_API_DESKTOP UNITY_COLORSPACE_GAMMA UNITY_LIGHTMAP_RGBM_ENCODING ok=1
Cmd: compileSnippet
  api=5 type=1 insize=2133 outsize=0 kw= pd=UNITY_NO_DXT5nm UNITY_ENABLE_REFLECTION_BUFFERS UNITY_USE_DITHER_MASK_FOR_ALPHABLENDED_SHADOWS UNITY_PBS_USE_BRDF1 UNITY_SPECCUBE_BOX_PROJECTION UNITY_SPECCUBE_BLENDING UNITY_ENABLE_DETAIL_NORMALMAP SHADER_API_DESKTOP UNITY_COLORSPACE_GAMMA UNITY_LIGHTMAP_RGBM_ENCODING ok=1
Cmd: compileSnippet
  api=5 type=1 insize=2133 outsize=0 kw=UNITY_UI_CLIP_RECT pd=UNITY_NO_DXT5nm UNITY_ENABLE_REFLECTION_BUFFERS UNITY_USE_DITHER_MASK_FOR_ALPHABLENDED_SHADOWS UNITY_PBS_USE_BRDF1 UNITY_SPECCUBE_BOX_PROJECTION UNITY_SPECCUBE_BLENDING UNITY_ENABLE_DETAIL_NORMALMAP SHADER_API_DESKTOP UNITY_COLORSPACE_GAMMA UNITY_LIGHTMAP_RGBM_ENCODING ok=1
Cmd: compileSnippet
  api=5 type=0 insize=8332 outsize=1122 kw= pd=UNITY_NO_DXT5nm UNITY_ENABLE_REFLECTION_BUFFERS UNITY_USE_DITHER_MASK_FOR_ALPHABLENDED_SHADOWS UNITY_PBS_USE_BRDF1 UNITY_SPECCUBE_BOX_PROJECTION UNITY_SPECCUBE_BLENDING UNITY_ENABLE_DETAIL_NORMALMAP SHADER_API_DESKTOP UNITY_COLORSPACE_GAMMA UNITY_LIGHTMAP_RGBM_ENCODING ok=1
Cmd: compileSnippet
  api=5 type=1 insize=8332 outsize=0 kw= pd=UNITY_NO_DXT5nm UNITY_ENABLE_REFLECTION_BUFFERS UNITY_USE_DITHER_MASK_FOR_ALPHABLENDED_SHADOWS UNITY_PBS_USE_BRDF1 UNITY_SPECCUBE_BOX_PROJECTION UNITY_SPECCUBE_BLENDING UNITY_ENABLE_DETAIL_NORMALMAP SHADER_API_DESKTOP UNITY_COLORSPACE_GAMMA UNITY_LIGHTMAP_RGBM_ENCODING ok=1
Cmd: compileSnippet
  api=5 type=0 insize=8332 outsize=1122 kw= pd=UNITY_NO_DXT5nm UNITY_ENABLE_REFLECTION_BUFFERS UNITY_USE_DITHER_MASK_FOR_ALPHABLENDED_SHADOWS UNITY_PBS_USE_BRDF1 UNITY_SPECCUBE_BOX_PROJECTION UNITY_SPECCUBE_BLENDING UNITY_ENABLE_DETAIL_NORMALMAP SHADER_API_DESKTOP UNITY_COLORSPACE_GAMMA UNITY_LIGHTMAP_RGBM_ENCODING ok=1
Cmd: compileSnippet
  api=5 type=1 insize=8332 outsize=0 kw= pd=UNITY_NO_DXT5nm UNITY_ENABLE_REFLECTION_BUFFERS UNITY_USE_DITHER_MASK_FOR_ALPHABLENDED_SHADOWS UNITY_PBS_USE_BRDF1 UNITY_SPECCUBE_BOX_PROJECTION UNITY_SPECCUBE_BLENDING UNITY_ENABLE_DETAIL_NORMALMAP SHADER_API_DESKTOP UNITY_COLORSPACE_GAMMA UNITY_LIGHTMAP_RGBM_ENCODING ok=1
Cmd: compileSnippet
  api=5 type=0 insize=874 outsize=1020 kw= pd=UNITY_NO_DXT5nm UNITY_ENABLE_REFLECTION_BUFFERS UNITY_USE_DITHER_MASK_FOR_ALPHABLENDED_SHADOWS UNITY_PBS_USE_BRDF1 UNITY_SPECCUBE_BOX_PROJECTION UNITY_SPECCUBE_BLENDING UNITY_ENABLE_DETAIL_NORMALMAP SHADER_API_DESKTOP UNITY_COLORSPACE_GAMMA UNITY_LIGHTMAP_RGBM_ENCODING ok=1
Cmd: compileSnippet
  api=5 type=1 insize=874 outsize=0 kw= pd=UNITY_NO_DXT5nm UNITY_ENABLE_REFLECTION_BUFFERS UNITY_USE_DITHER_MASK_FOR_ALPHABLENDED_SHADOWS UNITY_PBS_USE_BRDF1 UNITY_SPECCUBE_BOX_PROJECTION UNITY_SPECCUBE_BLENDING UNITY_ENABLE_DETAIL_NORMALMAP SHADER_API_DESKTOP UNITY_COLORSPACE_GAMMA UNITY_LIGHTMAP_RGBM_ENCODING ok=1
Cmd: compileSnippet
  api=5 type=0 insize=874 outsize=1020 kw= pd=UNITY_NO_DXT5nm UNITY_ENABLE_REFLECTION_BUFFERS UNITY_USE_DITHER_MASK_FOR_ALPHABLENDED_SHADOWS UNITY_PBS_USE_BRDF1 UNITY_SPECCUBE_BOX_PROJECTION UNITY_SPECCUBE_BLENDING UNITY_ENABLE_DETAIL_NORMALMAP SHADER_API_DESKTOP UNITY_COLORSPACE_GAMMA UNITY_LIGHTMAP_RGBM_ENCODING ok=1
Cmd: compileSnippet
  api=5 type=1 insize=874 outsize=0 kw= pd=UNITY_NO_DXT5nm UNITY_ENABLE_REFLECTION_BUFFERS UNITY_USE_DITHER_MASK_FOR_ALPHABLENDED_SHADOWS UNITY_PBS_USE_BRDF1 UNITY_SPECCUBE_BOX_PROJECTION UNITY_SPECCUBE_BLENDING UNITY_ENABLE_DETAIL_NORMALMAP SHADER_API_DESKTOP UNITY_COLORSPACE_GAMMA UNITY_LIGHTMAP_RGBM_ENCODING ok=1
Cmd: compileSnippet
  api=5 type=0 insize=1152 outsize=1715 kw= pd=UNITY_NO_DXT5nm UNITY_ENABLE_REFLECTION_BUFFERS UNITY_USE_DITHER_MASK_FOR_ALPHABLENDED_SHADOWS UNITY_PBS_USE_BRDF1 UNITY_SPECCUBE_BOX_PROJECTION UNITY_SPECCUBE_BLENDING UNITY_ENABLE_DETAIL_NORMALMAP SHADER_API_DESKTOP UNITY_COLORSPACE_GAMMA UNITY_LIGHTMAP_RGBM_ENCODING ok=1
Cmd: compileSnippet
  api=5 type=1 insize=1152 outsize=0 kw= pd=UNITY_NO_DXT5nm UNITY_ENABLE_REFLECTION_BUFFERS UNITY_USE_DITHER_MASK_FOR_ALPHABLENDED_SHADOWS UNITY_PBS_USE_BRDF1 UNITY_SPECCUBE_BOX_PROJECTION UNITY_SPECCUBE_BLENDING UNITY_ENABLE_DETAIL_NORMALMAP SHADER_API_DESKTOP UNITY_COLORSPACE_GAMMA UNITY_LIGHTMAP_RGBM_ENCODING ok=1
Cmd: compileSnippet
  api=5 type=0 insize=1152 outsize=1715 kw= pd=UNITY_NO_DXT5nm UNITY_ENABLE_REFLECTION_BUFFERS UNITY_USE_DITHER_MASK_FOR_ALPHABLENDED_SHADOWS UNITY_PBS_USE_BRDF1 UNITY_SPECCUBE_BOX_PROJECTION UNITY_SPECCUBE_BLENDING UNITY_ENABLE_DETAIL_NORMALMAP SHADER_API_DESKTOP UNITY_COLORSPACE_GAMMA UNITY_LIGHTMAP_RGBM_ENCODING ok=1
Cmd: compileSnippet
  api=5 type=1 insize=1152 outsize=0 kw= pd=UNITY_NO_DXT5nm UNITY_ENABLE_REFLECTION_BUFFERS UNITY_USE_DITHER_MASK_FOR_ALPHABLENDED_SHADOWS UNITY_PBS_USE_BRDF1 UNITY_SPECCUBE_BOX_PROJECTION UNITY_SPECCUBE_BLENDING UNITY_ENABLE_DETAIL_NORMALMAP SHADER_API_DESKTOP UNITY_COLORSPACE_GAMMA UNITY_LIGHTMAP_RGBM_ENCODING ok=1
Cmd: compileSnippet
  api=5 type=0 insize=7599 outsize=1416 kw= pd=UNITY_NO_DXT5nm UNITY_ENABLE_REFLECTION_BUFFERS UNITY_USE_DITHER_MASK_FOR_ALPHABLENDED_SHADOWS UNITY_PBS_USE_BRDF1 UNITY_SPECCUBE_BOX_PROJECTION UNITY_SPECCUBE_BLENDING UNITY_ENABLE_DETAIL_NORMALMAP SHADER_API_DESKTOP UNITY_COLORSPACE_GAMMA UNITY_LIGHTMAP_RGBM_ENCODING ok=1
Cmd: compileSnippet
  api=5 type=1 insize=7599 outsize=0 kw= pd=UNITY_NO_DXT5nm UNITY_ENABLE_REFLECTION_BUFFERS UNITY_USE_DITHER_MASK_FOR_ALPHABLENDED_SHADOWS UNITY_PBS_USE_BRDF1 UNITY_SPECCUBE_BOX_PROJECTION UNITY_SPECCUBE_BLENDING UNITY_ENABLE_DETAIL_NORMALMAP SHADER_API_DESKTOP UNITY_COLORSPACE_GAMMA UNITY_LIGHTMAP_RGBM_ENCODING ok=1
Cmd: compileSnippet
  api=5 type=0 insize=7606 outsize=1610 kw= pd=UNITY_NO_DXT5nm UNITY_ENABLE_REFLECTION_BUFFERS UNITY_USE_DITHER_MASK_FOR_ALPHABLENDED_SHADOWS UNITY_PBS_USE_BRDF1 UNITY_SPECCUBE_BOX_PROJECTION UNITY_SPECCUBE_BLENDING UNITY_ENABLE_DETAIL_NORMALMAP SHADER_API_DESKTOP UNITY_COLORSPACE_GAMMA UNITY_LIGHTMAP_RGBM_ENCODING ok=1
Cmd: compileSnippet
  api=5 type=1 insize=7606 outsize=0 kw= pd=UNITY_NO_DXT5nm UNITY_ENABLE_REFLECTION_BUFFERS UNITY_USE_DITHER_MASK_FOR_ALPHABLENDED_SHADOWS UNITY_PBS_USE_BRDF1 UNITY_SPECCUBE_BOX_PROJECTION UNITY_SPECCUBE_BLENDING UNITY_ENABLE_DETAIL_NORMALMAP SHADER_API_DESKTOP UNITY_COLORSPACE_GAMMA UNITY_LIGHTMAP_RGBM_ENCODING ok=1
Cmd: compileSnippet
  api=5 type=0 insize=7597 outsize=1635 kw= pd=UNITY_NO_DXT5nm UNITY_ENABLE_REFLECTION_BUFFERS UNITY_USE_DITHER_MASK_FOR_ALPHABLENDED_SHADOWS UNITY_PBS_USE_BRDF1 UNITY_SPECCUBE_BOX_PROJECTION UNITY_SPECCUBE_BLENDING UNITY_ENABLE_DETAIL_NORMALMAP SHADER_API_DESKTOP UNITY_COLORSPACE_GAMMA UNITY_LIGHTMAP_RGBM_ENCODING ok=1
Cmd: compileSnippet
  api=5 type=1 insize=7597 outsize=0 kw= pd=UNITY_NO_DXT5nm UNITY_ENABLE_REFLECTION_BUFFERS UNITY_USE_DITHER_MASK_FOR_ALPHABLENDED_SHADOWS UNITY_PBS_USE_BRDF1 UNITY_SPECCUBE_BOX_PROJECTION UNITY_SPECCUBE_BLENDING UNITY_ENABLE_DETAIL_NORMALMAP SHADER_API_DESKTOP UNITY_COLORSPACE_GAMMA UNITY_LIGHTMAP_RGBM_ENCODING ok=1
Cmd: compileSnippet
  api=5 type=0 insize=7597 outsize=1000 kw= pd=UNITY_NO_DXT5nm UNITY_ENABLE_REFLECTION_BUFFERS UNITY_USE_DITHER_MASK_FOR_ALPHABLENDED_SHADOWS UNITY_PBS_USE_BRDF1 UNITY_SPECCUBE_BOX_PROJECTION UNITY_SPECCUBE_BLENDING UNITY_ENABLE_DETAIL_NORMALMAP SHADER_API_DESKTOP UNITY_COLORSPACE_GAMMA UNITY_LIGHTMAP_RGBM_ENCODING ok=1
Cmd: compileSnippet
  api=5 type=1 insize=7597 outsize=0 kw= pd=UNITY_NO_DXT5nm UNITY_ENABLE_REFLECTION_BUFFERS UNITY_USE_DITHER_MASK_FOR_ALPHABLENDED_SHADOWS UNITY_PBS_USE_BRDF1 UNITY_SPECCUBE_BOX_PROJECTION UNITY_SPECCUBE_BLENDING UNITY_ENABLE_DETAIL_NORMALMAP SHADER_API_DESKTOP UNITY_COLORSPACE_GAMMA UNITY_LIGHTMAP_RGBM_ENCODING ok=1
Cmd: compileSnippet
  api=5 type=0 insize=7601 outsize=978 kw= pd=UNITY_NO_DXT5nm UNITY_ENABLE_REFLECTION_BUFFERS UNITY_USE_DITHER_MASK_FOR_ALPHABLENDED_SHADOWS UNITY_PBS_USE_BRDF1 UNITY_SPECCUBE_BOX_PROJECTION UNITY_SPECCUBE_BLENDING UNITY_ENABLE_DETAIL_NORMALMAP SHADER_API_DESKTOP UNITY_COLORSPACE_GAMMA UNITY_LIGHTMAP_RGBM_ENCODING ok=1
Cmd: compileSnippet
  api=5 type=1 insize=7601 outsize=0 kw= pd=UNITY_NO_DXT5nm UNITY_ENABLE_REFLECTION_BUFFERS UNITY_USE_DITHER_MASK_FOR_ALPHABLENDED_SHADOWS UNITY_PBS_USE_BRDF1 UNITY_SPECCUBE_BOX_PROJECTION UNITY_SPECCUBE_BLENDING UNITY_ENABLE_DETAIL_NORMALMAP SHADER_API_DESKTOP UNITY_COLORSPACE_GAMMA UNITY_LIGHTMAP_RGBM_ENCODING ok=1
Cmd: compileSnippet
  api=5 type=0 insize=7600 outsize=1038 kw= pd=UNITY_NO_DXT5nm UNITY_ENABLE_REFLECTION_BUFFERS UNITY_USE_DITHER_MASK_FOR_ALPHABLENDED_SHADOWS UNITY_PBS_USE_BRDF1 UNITY_SPECCUBE_BOX_PROJECTION UNITY_SPECCUBE_BLENDING UNITY_ENABLE_DETAIL_NORMALMAP SHADER_API_DESKTOP UNITY_COLORSPACE_GAMMA UNITY_LIGHTMAP_RGBM_ENCODING ok=1
Cmd: compileSnippet
  api=5 type=1 insize=7600 outsize=0 kw= pd=UNITY_NO_DXT5nm UNITY_ENABLE_REFLECTION_BUFFERS UNITY_USE_DITHER_MASK_FOR_ALPHABLENDED_SHADOWS UNITY_PBS_USE_BRDF1 UNITY_SPECCUBE_BOX_PROJECTION UNITY_SPECCUBE_BLENDING UNITY_ENABLE_DETAIL_NORMALMAP SHADER_API_DESKTOP UNITY_COLORSPACE_GAMMA UNITY_LIGHTMAP_RGBM_ENCODING ok=1
Cmd: compileSnippet
  api=5 type=0 insize=7602 outsize=2108 kw= pd=UNITY_NO_DXT5nm UNITY_ENABLE_REFLECTION_BUFFERS UNITY_USE_DITHER_MASK_FOR_ALPHABLENDED_SHADOWS UNITY_PBS_USE_BRDF1 UNITY_SPECCUBE_BOX_PROJECTION UNITY_SPECCUBE_BLENDING UNITY_ENABLE_DETAIL_NORMALMAP SHADER_API_DESKTOP UNITY_COLORSPACE_GAMMA UNITY_LIGHTMAP_RGBM_ENCODING ok=1
Cmd: compileSnippet
  api=5 type=1 insize=7602 outsize=0 kw= pd=UNITY_NO_DXT5nm UNITY_ENABLE_REFLECTION_BUFFERS UNITY_USE_DITHER_MASK_FOR_ALPHABLENDED_SHADOWS UNITY_PBS_USE_BRDF1 UNITY_SPECCUBE_BOX_PROJECTION UNITY_SPECCUBE_BLENDING UNITY_ENABLE_DETAIL_NORMALMAP SHADER_API_DESKTOP UNITY_COLORSPACE_GAMMA UNITY_LIGHTMAP_RGBM_ENCODING ok=1
Cmd: compileSnippet
  api=5 type=0 insize=7600 outsize=2392 kw= pd=UNITY_NO_DXT5nm UNITY_ENABLE_REFLECTION_BUFFERS UNITY_USE_DITHER_MASK_FOR_ALPHABLENDED_SHADOWS UNITY_PBS_USE_BRDF1 UNITY_SPECCUBE_BOX_PROJECTION UNITY_SPECCUBE_BLENDING UNITY_ENABLE_DETAIL_NORMALMAP SHADER_API_DESKTOP UNITY_COLORSPACE_GAMMA UNITY_LIGHTMAP_RGBM_ENCODING ok=1
Cmd: compileSnippet
  api=5 type=1 insize=7600 outsize=0 kw= pd=UNITY_NO_DXT5nm UNITY_ENABLE_REFLECTION_BUFFERS UNITY_USE_DITHER_MASK_FOR_ALPHABLENDED_SHADOWS UNITY_PBS_USE_BRDF1 UNITY_SPECCUBE_BOX_PROJECTION UNITY_SPECCUBE_BLENDING UNITY_ENABLE_DETAIL_NORMALMAP SHADER_API_DESKTOP UNITY_COLORSPACE_GAMMA UNITY_LIGHTMAP_RGBM_ENCODING ok=1
Cmd: compileSnippet
  api=5 type=0 insize=7601 outsize=1303 kw= pd=UNITY_NO_DXT5nm UNITY_ENABLE_REFLECTION_BUFFERS UNITY_USE_DITHER_MASK_FOR_ALPHABLENDED_SHADOWS UNITY_PBS_USE_BRDF1 UNITY_SPECCUBE_BOX_PROJECTION UNITY_SPECCUBE_BLENDING UNITY_ENABLE_DETAIL_NORMALMAP SHADER_API_DESKTOP UNITY_COLORSPACE_GAMMA UNITY_LIGHTMAP_RGBM_ENCODING ok=1
Cmd: compileSnippet
  api=5 type=1 insize=7601 outsize=0 kw= pd=UNITY_NO_DXT5nm UNITY_ENABLE_REFLECTION_BUFFERS UNITY_USE_DITHER_MASK_FOR_ALPHABLENDED_SHADOWS UNITY_PBS_USE_BRDF1 UNITY_SPECCUBE_BOX_PROJECTION UNITY_SPECCUBE_BLENDING UNITY_ENABLE_DETAIL_NORMALMAP SHADER_API_DESKTOP UNITY_COLORSPACE_GAMMA UNITY_LIGHTMAP_RGBM_ENCODING ok=1
Cmd: compileSnippet
  api=5 type=0 insize=7599 outsize=1552 kw= pd=UNITY_NO_DXT5nm UNITY_ENABLE_REFLECTION_BUFFERS UNITY_USE_DITHER_MASK_FOR_ALPHABLENDED_SHADOWS UNITY_PBS_USE_BRDF1 UNITY_SPECCUBE_BOX_PROJECTION UNITY_SPECCUBE_BLENDING UNITY_ENABLE_DETAIL_NORMALMAP SHADER_API_DESKTOP UNITY_COLORSPACE_GAMMA UNITY_LIGHTMAP_RGBM_ENCODING ok=1
Cmd: compileSnippet
  api=5 type=1 insize=7599 outsize=0 kw= pd=UNITY_NO_DXT5nm UNITY_ENABLE_REFLECTION_BUFFERS UNITY_USE_DITHER_MASK_FOR_ALPHABLENDED_SHADOWS UNITY_PBS_USE_BRDF1 UNITY_SPECCUBE_BOX_PROJECTION UNITY_SPECCUBE_BLENDING UNITY_ENABLE_DETAIL_NORMALMAP SHADER_API_DESKTOP UNITY_COLORSPACE_GAMMA UNITY_LIGHTMAP_RGBM_ENCODING ok=1
Cmd: compileSnippet
  api=5 type=0 insize=1374 outsize=1070 kw= pd=UNITY_NO_DXT5nm UNITY_ENABLE_REFLECTION_BUFFERS UNITY_USE_DITHER_MASK_FOR_ALPHABLENDED_SHADOWS UNITY_PBS_USE_BRDF1 UNITY_SPECCUBE_BOX_PROJECTION UNITY_SPECCUBE_BLENDING UNITY_ENABLE_DETAIL_NORMALMAP SHADER_API_DESKTOP UNITY_COLORSPACE_GAMMA UNITY_LIGHTMAP_RGBM_ENCODING ok=1
Cmd: compileSnippet
  api=5 type=1 insize=1374 outsize=0 kw= pd=UNITY_NO_DXT5nm UNITY_ENABLE_REFLECTION_BUFFERS UNITY_USE_DITHER_MASK_FOR_ALPHABLENDED_SHADOWS UNITY_PBS_USE_BRDF1 UNITY_SPECCUBE_BOX_PROJECTION UNITY_SPECCUBE_BLENDING UNITY_ENABLE_DETAIL_NORMALMAP SHADER_API_DESKTOP UNITY_COLORSPACE_GAMMA UNITY_LIGHTMAP_RGBM_ENCODING ok=1
