Base path: /Applications/Unity/Unity.app/Contents
Cmd: initializeCompiler
Cmd: compileSnippet
  api=9 type=0 insize=1468 outsize=12874 kw=DIRECTIONAL pd=UNITY_ENABLE_REFLECTION_BUFFERS UNITY_USE_DITHER_MASK_FOR_ALPHABLENDED_SHADOWS UNITY_PBS_USE_BRDF1 UNITY_SPECCUBE_BOX_PROJECTION UNITY_SPECCUBE_BLENDING UNITY_ENABLE_DETAIL_NORMALMAP SHADER_API_DESKTOP UNITY_COLORSPACE_GAMMA UNITY_LIGHTMAP_RGBM_ENCODING ok=1
Cmd: compileSnippet
  api=9 type=0 insize=1468 outsize=14747 kw=DIRECTIONAL LIGHTPROBE_SH _EMISSION _ALPHABLEND_ON pd=UNITY_ENABLE_REFLECTION_BUFFERS UNITY_USE_DITHER_MASK_FOR_ALPHABLENDED_SHADOWS UNITY_PBS_USE_BRDF1 UNITY_SPECCUBE_BOX_PROJECTION UNITY_SPECCUBE_BLENDING UNITY_ENABLE_DETAIL_NORMALMAP SHADER_API_DESKTOP UNITY_COLORSPACE_GAMMA UNITY_LIGHTMAP_RGBM_ENCODING ok=1
Cmd: compileSnippet
  api=5 type=0 insize=1468 outsize=17537 kw=DIRECTIONAL LIGHTPROBE_SH _METALLICGLOSSMAP _PARALLAXMAP pd=UNITY_ENABLE_REFLECTION_BUFFERS UNITY_USE_DITHER_MASK_FOR_ALPHABLENDED_SHADOWS UNITY_PBS_USE_BRDF1 UNITY_SPECCUBE_BOX_PROJECTION UNITY_SPECCUBE_BLENDING UNITY_ENABLE_DETAIL_NORMALMAP SHADER_API_DESKTOP UNITY_COLORSPACE_GAMMA UNITY_LIGHTMAP_RGBM_ENCODING ok=1
Cmd: compileSnippet
  api=5 type=0 insize=1468 outsize=13821 kw=DIRECTIONAL LIGHTPROBE_SH _SMOOTHNESS_TEXTURE_ALBEDO_CHANNEL_A pd=UNITY_ENABLE_REFLECTION_BUFFERS UNITY_USE_DITHER_MASK_FOR_ALPHABLENDED_SHADOWS UNITY_PBS_USE_BRDF1 UNITY_SPECCUBE_BOX_PROJECTION UNITY_SPECCUBE_BLENDING UNITY_ENABLE_DETAIL_NORMALMAP SHADER_API_DESKTOP UNITY_COLORSPACE_GAMMA UNITY_LIGHTMAP_RGBM_ENCODING ok=1
Cmd: compileSnippet
  api=5 type=0 insize=1468 outsize=14015 kw=DIRECTIONAL LIGHTPROBE_SH _EMISSION _SMOOTHNESS_TEXTURE_ALBEDO_CHANNEL_A pd=UNITY_ENABLE_REFLECTION_BUFFERS UNITY_USE_DITHER_MASK_FOR_ALPHABLENDED_SHADOWS UNITY_PBS_USE_BRDF1 UNITY_SPECCUBE_BOX_PROJECTION UNITY_SPECCUBE_BLENDING UNITY_ENABLE_DETAIL_NORMALMAP SHADER_API_DESKTOP UNITY_COLORSPACE_GAMMA UNITY_LIGHTMAP_RGBM_ENCODING ok=1
Cmd: compileSnippet
  api=9 type=0 insize=1468 outsize=14447 kw=DIRECTIONAL LIGHTPROBE_SH pd=UNITY_ENABLE_REFLECTION_BUFFERS UNITY_USE_DITHER_MASK_FOR_ALPHABLENDED_SHADOWS UNITY_PBS_USE_BRDF1 UNITY_SPECCUBE_BOX_PROJECTION UNITY_SPECCUBE_BLENDING UNITY_ENABLE_DETAIL_NORMALMAP SHADER_API_DESKTOP UNITY_COLORSPACE_GAMMA UNITY_LIGHTMAP_RGBM_ENCODING ok=1
Cmd: compileSnippet
  api=5 type=0 insize=1468 outsize=13464 kw=DIRECTIONAL DYNAMICLIGHTMAP_ON _EMISSION _ALPHABLEND_ON pd=UNITY_ENABLE_REFLECTION_BUFFERS UNITY_USE_DITHER_MASK_FOR_ALPHABLENDED_SHADOWS UNITY_PBS_USE_BRDF1 UNITY_SPECCUBE_BOX_PROJECTION UNITY_SPECCUBE_BLENDING UNITY_ENABLE_DETAIL_NORMALMAP SHADER_API_DESKTOP UNITY_COLORSPACE_GAMMA UNITY_LIGHTMAP_RGBM_ENCODING ok=1
Cmd: compileSnippet
  api=5 type=0 insize=1468 outsize=13490 kw=DIRECTIONAL DYNAMICLIGHTMAP_ON _EMISSION _METALLICGLOSSMAP pd=UNITY_ENABLE_REFLECTION_BUFFERS UNITY_USE_DITHER_MASK_FOR_ALPHABLENDED_SHADOWS UNITY_PBS_USE_BRDF1 UNITY_SPECCUBE_BOX_PROJECTION UNITY_SPECCUBE_BLENDING UNITY_ENABLE_DETAIL_NORMALMAP SHADER_API_DESKTOP UNITY_COLORSPACE_GAMMA UNITY_LIGHTMAP_RGBM_ENCODING ok=1
Cmd: compileSnippet
  api=9 type=0 insize=1468 outsize=16365 kw=DIRECTIONAL DYNAMICLIGHTMAP_ON _METALLICGLOSSMAP _PARALLAXMAP pd=UNITY_ENABLE_REFLECTION_BUFFERS UNITY_USE_DITHER_MASK_FOR_ALPHABLENDED_SHADOWS UNITY_PBS_USE_BRDF1 UNITY_SPECCUBE_BOX_PROJECTION UNITY_SPECCUBE_BLENDING UNITY_ENABLE_DETAIL_NORMALMAP SHADER_API_DESKTOP UNITY_COLORSPACE_GAMMA UNITY_LIGHTMAP_RGBM_ENCODING ok=1
Cmd: compileSnippet
  api=5 type=0 insize=1468 outsize=13408 kw=DIRECTIONAL DYNAMICLIGHTMAP_ON _EMISSION _SMOOTHNESS_TEXTURE_ALBEDO_CHANNEL_A pd=UNITY_ENABLE_REFLECTION_BUFFERS UNITY_USE_DITHER_MASK_FOR_ALPHABLENDED_SHADOWS UNITY_PBS_USE_BRDF1 UNITY_SPECCUBE_BOX_PROJECTION UNITY_SPECCUBE_BLENDING UNITY_ENABLE_DETAIL_NORMALMAP SHADER_API_DESKTOP UNITY_COLORSPACE_GAMMA UNITY_LIGHTMAP_RGBM_ENCODING ok=1
Cmd: compileSnippet
  api=9 type=0 insize=1468 outsize=13618 kw=DIRECTIONAL DYNAMICLIGHTMAP_ON pd=UNITY_ENABLE_REFLECTION_BUFFERS UNITY_USE_DITHER_MASK_FOR_ALPHABLENDED_SHADOWS UNITY_PBS_USE_BRDF1 UNITY_SPECCUBE_BOX_PROJECTION UNITY_SPECCUBE_BLENDING UNITY_ENABLE_DETAIL_NORMALMAP SHADER_API_DESKTOP UNITY_COLORSPACE_GAMMA UNITY_LIGHTMAP_RGBM_ENCODING ok=1
Cmd: compileSnippet
  api=5 type=0 insize=1468 outsize=15655 kw=DIRECTIONAL DIRLIGHTMAP_COMBINED DYNAMICLIGHTMAP_ON _EMISSION _ALPHABLEND_ON pd=UNITY_ENABLE_REFLECTION_BUFFERS UNITY_USE_DITHER_MASK_FOR_ALPHABLENDED_SHADOWS UNITY_PBS_USE_BRDF1 UNITY_SPECCUBE_BOX_PROJECTION UNITY_SPECCUBE_BLENDING UNITY_ENABLE_DETAIL_NORMALMAP SHADER_API_DESKTOP UNITY_COLORSPACE_GAMMA UNITY_LIGHTMAP_RGBM_ENCODING ok=1
Cmd: compileSnippet
  api=9 type=0 insize=1468 outsize=14970 kw=DIRECTIONAL DIRLIGHTMAP_COMBINED DYNAMICLIGHTMAP_ON _METALLICGLOSSMAP pd=UNITY_ENABLE_REFLECTION_BUFFERS UNITY_USE_DITHER_MASK_FOR_ALPHABLENDED_SHADOWS UNITY_PBS_USE_BRDF1 UNITY_SPECCUBE_BOX_PROJECTION UNITY_SPECCUBE_BLENDING UNITY_ENABLE_DETAIL_NORMALMAP SHADER_API_DESKTOP UNITY_COLORSPACE_GAMMA UNITY_LIGHTMAP_RGBM_ENCODING ok=1
Cmd: compileSnippet
  api=5 type=0 insize=1468 outsize=17707 kw=DIRECTIONAL DIRLIGHTMAP_COMBINED DYNAMICLIGHTMAP_ON _EMISSION _METALLICGLOSSMAP _PARALLAXMAP pd=UNITY_ENABLE_REFLECTION_BUFFERS UNITY_USE_DITHER_MASK_FOR_ALPHABLENDED_SHADOWS UNITY_PBS_USE_BRDF1 UNITY_SPECCUBE_BOX_PROJECTION UNITY_SPECCUBE_BLENDING UNITY_ENABLE_DETAIL_NORMALMAP SHADER_API_DESKTOP UNITY_COLORSPACE_GAMMA UNITY_LIGHTMAP_RGBM_ENCODING ok=1
Cmd: compileSnippet
  api=9 type=0 insize=1468 outsize=14890 kw=DIRECTIONAL DIRLIGHTMAP_COMBINED DYNAMICLIGHTMAP_ON _SMOOTHNESS_TEXTURE_ALBEDO_CHANNEL_A pd=UNITY_ENABLE_REFLECTION_BUFFERS UNITY_USE_DITHER_MASK_FOR_ALPHABLENDED_SHADOWS UNITY_PBS_USE_BRDF1 UNITY_SPECCUBE_BOX_PROJECTION UNITY_SPECCUBE_BLENDING UNITY_ENABLE_DETAIL_NORMALMAP SHADER_API_DESKTOP UNITY_COLORSPACE_GAMMA UNITY_LIGHTMAP_RGBM_ENCODING ok=1
Cmd: compileSnippet
  api=9 type=0 insize=1468 outsize=14932 kw=DIRECTIONAL DIRLIGHTMAP_COMBINED DYNAMICLIGHTMAP_ON pd=UNITY_ENABLE_REFLECTION_BUFFERS UNITY_USE_DITHER_MASK_FOR_ALPHABLENDED_SHADOWS UNITY_PBS_USE_BRDF1 UNITY_SPECCUBE_BOX_PROJECTION UNITY_SPECCUBE_BLENDING UNITY_ENABLE_DETAIL_NORMALMAP SHADER_API_DESKTOP UNITY_COLORSPACE_GAMMA UNITY_LIGHTMAP_RGBM_ENCODING ok=1
Cmd: compileSnippet
  api=5 type=0 insize=1468 outsize=14293 kw=DIRECTIONAL SHADOWS_SCREEN _EMISSION _ALPHABLEND_ON pd=UNITY_ENABLE_REFLECTION_BUFFERS UNITY_USE_DITHER_MASK_FOR_ALPHABLENDED_SHADOWS UNITY_PBS_USE_BRDF1 UNITY_SPECCUBE_BOX_PROJECTION UNITY_SPECCUBE_BLENDING UNITY_ENABLE_DETAIL_NORMALMAP SHADER_API_DESKTOP UNITY_COLORSPACE_GAMMA UNITY_LIGHTMAP_RGBM_ENCODING ok=1
Cmd: compileSnippet
  api=9 type=0 insize=1468 outsize=14645 kw=DIRECTIONAL SHADOWS_SCREEN _METALLICGLOSSMAP pd=UNITY_ENABLE_REFLECTION_BUFFERS UNITY_USE_DITHER_MASK_FOR_ALPHABLENDED_SHADOWS UNITY_PBS_USE_BRDF1 UNITY_SPECCUBE_BOX_PROJECTION UNITY_SPECCUBE_BLENDING UNITY_ENABLE_DETAIL_NORMALMAP SHADER_API_DESKTOP UNITY_COLORSPACE_GAMMA UNITY_LIGHTMAP_RGBM_ENCODING ok=1
Cmd: compileSnippet
  api=5 type=0 insize=1468 outsize=18016 kw=DIRECTIONAL SHADOWS_SCREEN _EMISSION _METALLICGLOSSMAP _PARALLAXMAP pd=UNITY_ENABLE_REFLECTION_BUFFERS UNITY_USE_DITHER_MASK_FOR_ALPHABLENDED_SHADOWS UNITY_PBS_USE_BRDF1 UNITY_SPECCUBE_BOX_PROJECTION UNITY_SPECCUBE_BLENDING UNITY_ENABLE_DETAIL_NORMALMAP SHADER_API_DESKTOP UNITY_COLORSPACE_GAMMA UNITY_LIGHTMAP_RGBM_ENCODING ok=1
Cmd: compileSnippet
  api=9 type=0 insize=1468 outsize=14565 kw=DIRECTIONAL SHADOWS_SCREEN _SMOOTHNESS_TEXTURE_ALBEDO_CHANNEL_A pd=UNITY_ENABLE_REFLECTION_BUFFERS UNITY_USE_DITHER_MASK_FOR_ALPHABLENDED_SHADOWS UNITY_PBS_USE_BRDF1 UNITY_SPECCUBE_BOX_PROJECTION UNITY_SPECCUBE_BLENDING UNITY_ENABLE_DETAIL_NORMALMAP SHADER_API_DESKTOP UNITY_COLORSPACE_GAMMA UNITY_LIGHTMAP_RGBM_ENCODING ok=1
Cmd: compileSnippet
  api=5 type=0 insize=1468 outsize=15571 kw=DIRECTIONAL SHADOWS_SCREEN LIGHTPROBE_SH _EMISSION pd=UNITY_ENABLE_REFLECTION_BUFFERS UNITY_USE_DITHER_MASK_FOR_ALPHABLENDED_SHADOWS UNITY_PBS_USE_BRDF1 UNITY_SPECCUBE_BOX_PROJECTION UNITY_SPECCUBE_BLENDING UNITY_ENABLE_DETAIL_NORMALMAP SHADER_API_DESKTOP UNITY_COLORSPACE_GAMMA UNITY_LIGHTMAP_RGBM_ENCODING ok=1
Cmd: compileSnippet
  api=9 type=0 insize=1468 outsize=16009 kw=DIRECTIONAL SHADOWS_SCREEN LIGHTPROBE_SH _ALPHABLEND_ON pd=UNITY_ENABLE_REFLECTION_BUFFERS UNITY_USE_DITHER_MASK_FOR_ALPHABLENDED_SHADOWS UNITY_PBS_USE_BRDF1 UNITY_SPECCUBE_BOX_PROJECTION UNITY_SPECCUBE_BLENDING UNITY_ENABLE_DETAIL_NORMALMAP SHADER_API_DESKTOP UNITY_COLORSPACE_GAMMA UNITY_LIGHTMAP_RGBM_ENCODING ok=1
Cmd: compileSnippet
  api=5 type=0 insize=1468 outsize=15676 kw=DIRECTIONAL SHADOWS_SCREEN LIGHTPROBE_SH _EMISSION _METALLICGLOSSMAP pd=UNITY_ENABLE_REFLECTION_BUFFERS UNITY_USE_DITHER_MASK_FOR_ALPHABLENDED_SHADOWS UNITY_PBS_USE_BRDF1 UNITY_SPECCUBE_BOX_PROJECTION UNITY_SPECCUBE_BLENDING UNITY_ENABLE_DETAIL_NORMALMAP SHADER_API_DESKTOP UNITY_COLORSPACE_GAMMA UNITY_LIGHTMAP_RGBM_ENCODING ok=1
Cmd: compileSnippet
  api=9 type=0 insize=1468 outsize=18668 kw=DIRECTIONAL SHADOWS_SCREEN LIGHTPROBE_SH _METALLICGLOSSMAP _PARALLAXMAP pd=UNITY_ENABLE_REFLECTION_BUFFERS UNITY_USE_DITHER_MASK_FOR_ALPHABLENDED_SHADOWS UNITY_PBS_USE_BRDF1 UNITY_SPECCUBE_BOX_PROJECTION UNITY_SPECCUBE_BLENDING UNITY_ENABLE_DETAIL_NORMALMAP SHADER_API_DESKTOP UNITY_COLORSPACE_GAMMA UNITY_LIGHTMAP_RGBM_ENCODING ok=1
Cmd: compileSnippet
  api=5 type=0 insize=1468 outsize=15592 kw=DIRECTIONAL SHADOWS_SCREEN LIGHTPROBE_SH _EMISSION _SMOOTHNESS_TEXTURE_ALBEDO_CHANNEL_A pd=UNITY_ENABLE_REFLECTION_BUFFERS UNITY_USE_DITHER_MASK_FOR_ALPHABLENDED_SHADOWS UNITY_PBS_USE_BRDF1 UNITY_SPECCUBE_BOX_PROJECTION UNITY_SPECCUBE_BLENDING UNITY_ENABLE_DETAIL_NORMALMAP SHADER_API_DESKTOP UNITY_COLORSPACE_GAMMA UNITY_LIGHTMAP_RGBM_ENCODING ok=1
Cmd: compileSnippet
  api=9 type=0 insize=1468 outsize=16049 kw=DIRECTIONAL SHADOWS_SCREEN LIGHTPROBE_SH pd=UNITY_ENABLE_REFLECTION_BUFFERS UNITY_USE_DITHER_MASK_FOR_ALPHABLENDED_SHADOWS UNITY_PBS_USE_BRDF1 UNITY_SPECCUBE_BOX_PROJECTION UNITY_SPECCUBE_BLENDING UNITY_ENABLE_DETAIL_NORMALMAP SHADER_API_DESKTOP UNITY_COLORSPACE_GAMMA UNITY_LIGHTMAP_RGBM_ENCODING ok=1
Cmd: compileSnippet
  api=5 type=0 insize=1468 outsize=15043 kw=DIRECTIONAL SHADOWS_SCREEN DYNAMICLIGHTMAP_ON _EMISSION _ALPHABLEND_ON pd=UNITY_ENABLE_REFLECTION_BUFFERS UNITY_USE_DITHER_MASK_FOR_ALPHABLENDED_SHADOWS UNITY_PBS_USE_BRDF1 UNITY_SPECCUBE_BOX_PROJECTION UNITY_SPECCUBE_BLENDING UNITY_ENABLE_DETAIL_NORMALMAP SHADER_API_DESKTOP UNITY_COLORSPACE_GAMMA UNITY_LIGHTMAP_RGBM_ENCODING ok=1
Cmd: compileSnippet
  api=9 type=0 insize=1468 outsize=15390 kw=DIRECTIONAL SHADOWS_SCREEN DYNAMICLIGHTMAP_ON _METALLICGLOSSMAP pd=UNITY_ENABLE_REFLECTION_BUFFERS UNITY_USE_DITHER_MASK_FOR_ALPHABLENDED_SHADOWS UNITY_PBS_USE_BRDF1 UNITY_SPECCUBE_BOX_PROJECTION UNITY_SPECCUBE_BLENDING UNITY_ENABLE_DETAIL_NORMALMAP SHADER_API_DESKTOP UNITY_COLORSPACE_GAMMA UNITY_LIGHTMAP_RGBM_ENCODING ok=1
Cmd: compileSnippet
  api=5 type=0 insize=1468 outsize=18765 kw=DIRECTIONAL SHADOWS_SCREEN DYNAMICLIGHTMAP_ON _EMISSION _METALLICGLOSSMAP _PARALLAXMAP pd=UNITY_ENABLE_REFLECTION_BUFFERS UNITY_USE_DITHER_MASK_FOR_ALPHABLENDED_SHADOWS UNITY_PBS_USE_BRDF1 UNITY_SPECCUBE_BOX_PROJECTION UNITY_SPECCUBE_BLENDING UNITY_ENABLE_DETAIL_NORMALMAP SHADER_API_DESKTOP UNITY_COLORSPACE_GAMMA UNITY_LIGHTMAP_RGBM_ENCODING ok=1
Cmd: compileSnippet
  api=9 type=0 insize=1468 outsize=15310 kw=DIRECTIONAL SHADOWS_SCREEN DYNAMICLIGHTMAP_ON _SMOOTHNESS_TEXTURE_ALBEDO_CHANNEL_A pd=UNITY_ENABLE_REFLECTION_BUFFERS UNITY_USE_DITHER_MASK_FOR_ALPHABLENDED_SHADOWS UNITY_PBS_USE_BRDF1 UNITY_SPECCUBE_BOX_PROJECTION UNITY_SPECCUBE_BLENDING UNITY_ENABLE_DETAIL_NORMALMAP SHADER_API_DESKTOP UNITY_COLORSPACE_GAMMA UNITY_LIGHTMAP_RGBM_ENCODING ok=1
Cmd: compileSnippet
  api=5 type=0 insize=1468 outsize=17161 kw=DIRECTIONAL SHADOWS_SCREEN DIRLIGHTMAP_COMBINED DYNAMICLIGHTMAP_ON _EMISSION pd=UNITY_ENABLE_REFLECTION_BUFFERS UNITY_USE_DITHER_MASK_FOR_ALPHABLENDED_SHADOWS UNITY_PBS_USE_BRDF1 UNITY_SPECCUBE_BOX_PROJECTION UNITY_SPECCUBE_BLENDING UNITY_ENABLE_DETAIL_NORMALMAP SHADER_API_DESKTOP UNITY_COLORSPACE_GAMMA UNITY_LIGHTMAP_RGBM_ENCODING ok=1
Cmd: compileSnippet
  api=9 type=0 insize=1468 outsize=16478 kw=DIRECTIONAL SHADOWS_SCREEN DIRLIGHTMAP_COMBINED DYNAMICLIGHTMAP_ON _ALPHABLEND_ON pd=UNITY_ENABLE_REFLECTION_BUFFERS UNITY_USE_DITHER_MASK_FOR_ALPHABLENDED_SHADOWS UNITY_PBS_USE_BRDF1 UNITY_SPECCUBE_BOX_PROJECTION UNITY_SPECCUBE_BLENDING UNITY_ENABLE_DETAIL_NORMALMAP SHADER_API_DESKTOP UNITY_COLORSPACE_GAMMA UNITY_LIGHTMAP_RGBM_ENCODING ok=1
Cmd: compileSnippet
  api=5 type=0 insize=1468 outsize=17269 kw=DIRECTIONAL SHADOWS_SCREEN DIRLIGHTMAP_COMBINED DYNAMICLIGHTMAP_ON _EMISSION _METALLICGLOSSMAP pd=UNITY_ENABLE_REFLECTION_BUFFERS UNITY_USE_DITHER_MASK_FOR_ALPHABLENDED_SHADOWS UNITY_PBS_USE_BRDF1 UNITY_SPECCUBE_BOX_PROJECTION UNITY_SPECCUBE_BLENDING UNITY_ENABLE_DETAIL_NORMALMAP SHADER_API_DESKTOP UNITY_COLORSPACE_GAMMA UNITY_LIGHTMAP_RGBM_ENCODING ok=1
Cmd: compileSnippet
  api=9 type=0 insize=1468 outsize=18547 kw=DIRECTIONAL SHADOWS_SCREEN DIRLIGHTMAP_COMBINED DYNAMICLIGHTMAP_ON _METALLICGLOSSMAP _PARALLAXMAP pd=UNITY_ENABLE_REFLECTION_BUFFERS UNITY_USE_DITHER_MASK_FOR_ALPHABLENDED_SHADOWS UNITY_PBS_USE_BRDF1 UNITY_SPECCUBE_BOX_PROJECTION UNITY_SPECCUBE_BLENDING UNITY_ENABLE_DETAIL_NORMALMAP SHADER_API_DESKTOP UNITY_COLORSPACE_GAMMA UNITY_LIGHTMAP_RGBM_ENCODING ok=1
Cmd: compileSnippet
  api=5 type=0 insize=1468 outsize=17182 kw=DIRECTIONAL SHADOWS_SCREEN DIRLIGHTMAP_COMBINED DYNAMICLIGHTMAP_ON _EMISSION _SMOOTHNESS_TEXTURE_ALBEDO_CHANNEL_A pd=UNITY_ENABLE_REFLECTION_BUFFERS UNITY_USE_DITHER_MASK_FOR_ALPHABLENDED_SHADOWS UNITY_PBS_USE_BRDF1 UNITY_SPECCUBE_BOX_PROJECTION UNITY_SPECCUBE_BLENDING UNITY_ENABLE_DETAIL_NORMALMAP SHADER_API_DESKTOP UNITY_COLORSPACE_GAMMA UNITY_LIGHTMAP_RGBM_ENCODING ok=1
Cmd: compileSnippet
  api=9 type=0 insize=1468 outsize=16529 kw=DIRECTIONAL SHADOWS_SCREEN DIRLIGHTMAP_COMBINED DYNAMICLIGHTMAP_ON pd=UNITY_ENABLE_REFLECTION_BUFFERS UNITY_USE_DITHER_MASK_FOR_ALPHABLENDED_SHADOWS UNITY_PBS_USE_BRDF1 UNITY_SPECCUBE_BOX_PROJECTION UNITY_SPECCUBE_BLENDING UNITY_ENABLE_DETAIL_NORMALMAP SHADER_API_DESKTOP UNITY_COLORSPACE_GAMMA UNITY_LIGHTMAP_RGBM_ENCODING ok=1
Cmd: compileSnippet
  api=5 type=0 insize=1468 outsize=12714 kw=DIRECTIONAL _EMISSION VERTEXLIGHT_ON _ALPHABLEND_ON pd=UNITY_ENABLE_REFLECTION_BUFFERS UNITY_USE_DITHER_MASK_FOR_ALPHABLENDED_SHADOWS UNITY_PBS_USE_BRDF1 UNITY_SPECCUBE_BOX_PROJECTION UNITY_SPECCUBE_BLENDING UNITY_ENABLE_DETAIL_NORMALMAP SHADER_API_DESKTOP UNITY_COLORSPACE_GAMMA UNITY_LIGHTMAP_RGBM_ENCODING ok=1
Cmd: compileSnippet
  api=5 type=0 insize=1468 outsize=12740 kw=DIRECTIONAL _EMISSION VERTEXLIGHT_ON _METALLICGLOSSMAP pd=UNITY_ENABLE_REFLECTION_BUFFERS UNITY_USE_DITHER_MASK_FOR_ALPHABLENDED_SHADOWS UNITY_PBS_USE_BRDF1 UNITY_SPECCUBE_BOX_PROJECTION UNITY_SPECCUBE_BLENDING UNITY_ENABLE_DETAIL_NORMALMAP SHADER_API_DESKTOP UNITY_COLORSPACE_GAMMA UNITY_LIGHTMAP_RGBM_ENCODING ok=1
Cmd: compileSnippet
  api=9 type=0 insize=1468 outsize=15683 kw=DIRECTIONAL VERTEXLIGHT_ON _METALLICGLOSSMAP _PARALLAXMAP pd=UNITY_ENABLE_REFLECTION_BUFFERS UNITY_USE_DITHER_MASK_FOR_ALPHABLENDED_SHADOWS UNITY_PBS_USE_BRDF1 UNITY_SPECCUBE_BOX_PROJECTION UNITY_SPECCUBE_BLENDING UNITY_ENABLE_DETAIL_NORMALMAP SHADER_API_DESKTOP UNITY_COLORSPACE_GAMMA UNITY_LIGHTMAP_RGBM_ENCODING ok=1
Cmd: compileSnippet
  api=5 type=0 insize=1468 outsize=12662 kw=DIRECTIONAL _EMISSION VERTEXLIGHT_ON _SMOOTHNESS_TEXTURE_ALBEDO_CHANNEL_A pd=UNITY_ENABLE_REFLECTION_BUFFERS UNITY_USE_DITHER_MASK_FOR_ALPHABLENDED_SHADOWS UNITY_PBS_USE_BRDF1 UNITY_SPECCUBE_BOX_PROJECTION UNITY_SPECCUBE_BLENDING UNITY_ENABLE_DETAIL_NORMALMAP SHADER_API_DESKTOP UNITY_COLORSPACE_GAMMA UNITY_LIGHTMAP_RGBM_ENCODING ok=1
Cmd: compileSnippet
  api=9 type=0 insize=1468 outsize=12874 kw=DIRECTIONAL VERTEXLIGHT_ON pd=UNITY_ENABLE_REFLECTION_BUFFERS UNITY_USE_DITHER_MASK_FOR_ALPHABLENDED_SHADOWS UNITY_PBS_USE_BRDF1 UNITY_SPECCUBE_BOX_PROJECTION UNITY_SPECCUBE_BLENDING UNITY_ENABLE_DETAIL_NORMALMAP SHADER_API_DESKTOP UNITY_COLORSPACE_GAMMA UNITY_LIGHTMAP_RGBM_ENCODING ok=1
Cmd: compileSnippet
  api=5 type=0 insize=1468 outsize=16005 kw=DIRECTIONAL LIGHTPROBE_SH _EMISSION VERTEXLIGHT_ON _ALPHABLEND_ON pd=UNITY_ENABLE_REFLECTION_BUFFERS UNITY_USE_DITHER_MASK_FOR_ALPHABLENDED_SHADOWS UNITY_PBS_USE_BRDF1 UNITY_SPECCUBE_BOX_PROJECTION UNITY_SPECCUBE_BLENDING UNITY_ENABLE_DETAIL_NORMALMAP SHADER_API_DESKTOP UNITY_COLORSPACE_GAMMA UNITY_LIGHTMAP_RGBM_ENCODING ok=1
Cmd: compileSnippet
  api=5 type=0 insize=1468 outsize=15837 kw=DIRECTIONAL LIGHTPROBE_SH VERTEXLIGHT_ON _METALLICGLOSSMAP pd=UNITY_ENABLE_REFLECTION_BUFFERS UNITY_USE_DITHER_MASK_FOR_ALPHABLENDED_SHADOWS UNITY_PBS_USE_BRDF1 UNITY_SPECCUBE_BOX_PROJECTION UNITY_SPECCUBE_BLENDING UNITY_ENABLE_DETAIL_NORMALMAP SHADER_API_DESKTOP UNITY_COLORSPACE_GAMMA UNITY_LIGHTMAP_RGBM_ENCODING ok=1
Cmd: compileSnippet
  api=5 type=0 insize=1468 outsize=19475 kw=DIRECTIONAL LIGHTPROBE_SH VERTEXLIGHT_ON _METALLICGLOSSMAP _PARALLAXMAP pd=UNITY_ENABLE_REFLECTION_BUFFERS UNITY_USE_DITHER_MASK_FOR_ALPHABLENDED_SHADOWS UNITY_PBS_USE_BRDF1 UNITY_SPECCUBE_BOX_PROJECTION UNITY_SPECCUBE_BLENDING UNITY_ENABLE_DETAIL_NORMALMAP SHADER_API_DESKTOP UNITY_COLORSPACE_GAMMA UNITY_LIGHTMAP_RGBM_ENCODING ok=1
Cmd: compileSnippet
  api=9 type=0 insize=1468 outsize=18845 kw=DIRECTIONAL LIGHTPROBE_SH _EMISSION VERTEXLIGHT_ON _METALLICGLOSSMAP _PARALLAXMAP pd=UNITY_ENABLE_REFLECTION_BUFFERS UNITY_USE_DITHER_MASK_FOR_ALPHABLENDED_SHADOWS UNITY_PBS_USE_BRDF1 UNITY_SPECCUBE_BOX_PROJECTION UNITY_SPECCUBE_BLENDING UNITY_ENABLE_DETAIL_NORMALMAP SHADER_API_DESKTOP UNITY_COLORSPACE_GAMMA UNITY_LIGHTMAP_RGBM_ENCODING ok=1
Cmd: compileSnippet
  api=5 type=0 insize=1468 outsize=15735 kw=DIRECTIONAL LIGHTPROBE_SH VERTEXLIGHT_ON pd=UNITY_ENABLE_REFLECTION_BUFFERS UNITY_USE_DITHER_MASK_FOR_ALPHABLENDED_SHADOWS UNITY_PBS_USE_BRDF1 UNITY_SPECCUBE_BOX_PROJECTION UNITY_SPECCUBE_BLENDING UNITY_ENABLE_DETAIL_NORMALMAP SHADER_API_DESKTOP UNITY_COLORSPACE_GAMMA UNITY_LIGHTMAP_RGBM_ENCODING ok=1
Cmd: compileSnippet
  api=9 type=0 insize=1468 outsize=13818 kw=DIRECTIONAL DYNAMICLIGHTMAP_ON _EMISSION VERTEXLIGHT_ON pd=UNITY_ENABLE_REFLECTION_BUFFERS UNITY_USE_DITHER_MASK_FOR_ALPHABLENDED_SHADOWS UNITY_PBS_USE_BRDF1 UNITY_SPECCUBE_BOX_PROJECTION UNITY_SPECCUBE_BLENDING UNITY_ENABLE_DETAIL_NORMALMAP SHADER_API_DESKTOP UNITY_COLORSPACE_GAMMA UNITY_LIGHTMAP_RGBM_ENCODING ok=1
Cmd: compileSnippet
  api=5 type=0 insize=1468 outsize=13296 kw=DIRECTIONAL DYNAMICLIGHTMAP_ON VERTEXLIGHT_ON _METALLICGLOSSMAP pd=UNITY_ENABLE_REFLECTION_BUFFERS UNITY_USE_DITHER_MASK_FOR_ALPHABLENDED_SHADOWS UNITY_PBS_USE_BRDF1 UNITY_SPECCUBE_BOX_PROJECTION UNITY_SPECCUBE_BLENDING UNITY_ENABLE_DETAIL_NORMALMAP SHADER_API_DESKTOP UNITY_COLORSPACE_GAMMA UNITY_LIGHTMAP_RGBM_ENCODING ok=1
Cmd: compileSnippet
  api=9 type=0 insize=1468 outsize=13936 kw=DIRECTIONAL DYNAMICLIGHTMAP_ON _EMISSION VERTEXLIGHT_ON _METALLICGLOSSMAP pd=UNITY_ENABLE_REFLECTION_BUFFERS UNITY_USE_DITHER_MASK_FOR_ALPHABLENDED_SHADOWS UNITY_PBS_USE_BRDF1 UNITY_SPECCUBE_BOX_PROJECTION UNITY_SPECCUBE_BLENDING UNITY_ENABLE_DETAIL_NORMALMAP SHADER_API_DESKTOP UNITY_COLORSPACE_GAMMA UNITY_LIGHTMAP_RGBM_ENCODING ok=1
Cmd: compileSnippet
  api=5 type=0 insize=1468 outsize=13214 kw=DIRECTIONAL DYNAMICLIGHTMAP_ON VERTEXLIGHT_ON _SMOOTHNESS_TEXTURE_ALBEDO_CHANNEL_A pd=UNITY_ENABLE_REFLECTION_BUFFERS UNITY_USE_DITHER_MASK_FOR_ALPHABLENDED_SHADOWS UNITY_PBS_USE_BRDF1 UNITY_SPECCUBE_BOX_PROJECTION UNITY_SPECCUBE_BLENDING UNITY_ENABLE_DETAIL_NORMALMAP SHADER_API_DESKTOP UNITY_COLORSPACE_GAMMA UNITY_LIGHTMAP_RGBM_ENCODING ok=1
Cmd: compileSnippet
  api=9 type=0 insize=1468 outsize=13878 kw=DIRECTIONAL DYNAMICLIGHTMAP_ON _EMISSION VERTEXLIGHT_ON _SMOOTHNESS_TEXTURE_ALBEDO_CHANNEL_A pd=UNITY_ENABLE_REFLECTION_BUFFERS UNITY_USE_DITHER_MASK_FOR_ALPHABLENDED_SHADOWS UNITY_PBS_USE_BRDF1 UNITY_SPECCUBE_BOX_PROJECTION UNITY_SPECCUBE_BLENDING UNITY_ENABLE_DETAIL_NORMALMAP SHADER_API_DESKTOP UNITY_COLORSPACE_GAMMA UNITY_LIGHTMAP_RGBM_ENCODING ok=1
Cmd: compileSnippet
  api=5 type=0 insize=1468 outsize=15461 kw=DIRECTIONAL DIRLIGHTMAP_COMBINED DYNAMICLIGHTMAP_ON VERTEXLIGHT_ON _ALPHABLEND_ON pd=UNITY_ENABLE_REFLECTION_BUFFERS UNITY_USE_DITHER_MASK_FOR_ALPHABLENDED_SHADOWS UNITY_PBS_USE_BRDF1 UNITY_SPECCUBE_BOX_PROJECTION UNITY_SPECCUBE_BLENDING UNITY_ENABLE_DETAIL_NORMALMAP SHADER_API_DESKTOP UNITY_COLORSPACE_GAMMA UNITY_LIGHTMAP_RGBM_ENCODING ok=1
Cmd: compileSnippet
  api=9 type=0 insize=1468 outsize=15166 kw=DIRECTIONAL DIRLIGHTMAP_COMBINED DYNAMICLIGHTMAP_ON _EMISSION VERTEXLIGHT_ON _ALPHABLEND_ON pd=UNITY_ENABLE_REFLECTION_BUFFERS UNITY_USE_DITHER_MASK_FOR_ALPHABLENDED_SHADOWS UNITY_PBS_USE_BRDF1 UNITY_SPECCUBE_BOX_PROJECTION UNITY_SPECCUBE_BLENDING UNITY_ENABLE_DETAIL_NORMALMAP SHADER_API_DESKTOP UNITY_COLORSPACE_GAMMA UNITY_LIGHTMAP_RGBM_ENCODING ok=1
Cmd: compileSnippet
  api=5 type=0 insize=1468 outsize=17517 kw=DIRECTIONAL DIRLIGHTMAP_COMBINED DYNAMICLIGHTMAP_ON VERTEXLIGHT_ON _METALLICGLOSSMAP _PARALLAXMAP pd=UNITY_ENABLE_REFLECTION_BUFFERS UNITY_USE_DITHER_MASK_FOR_ALPHABLENDED_SHADOWS UNITY_PBS_USE_BRDF1 UNITY_SPECCUBE_BOX_PROJECTION UNITY_SPECCUBE_BLENDING UNITY_ENABLE_DETAIL_NORMALMAP SHADER_API_DESKTOP UNITY_COLORSPACE_GAMMA UNITY_LIGHTMAP_RGBM_ENCODING ok=1
Cmd: compileSnippet
  api=9 type=0 insize=1468 outsize=17163 kw=DIRECTIONAL DIRLIGHTMAP_COMBINED DYNAMICLIGHTMAP_ON _EMISSION VERTEXLIGHT_ON _METALLICGLOSSMAP _PARALLAXMAP pd=UNITY_ENABLE_REFLECTION_BUFFERS UNITY_USE_DITHER_MASK_FOR_ALPHABLENDED_SHADOWS UNITY_PBS_USE_BRDF1 UNITY_SPECCUBE_BOX_PROJECTION UNITY_SPECCUBE_BLENDING UNITY_ENABLE_DETAIL_NORMALMAP SHADER_API_DESKTOP UNITY_COLORSPACE_GAMMA UNITY_LIGHTMAP_RGBM_ENCODING ok=1
Cmd: compileSnippet
  api=5 type=0 insize=1468 outsize=15384 kw=DIRECTIONAL DIRLIGHTMAP_COMBINED DYNAMICLIGHTMAP_ON VERTEXLIGHT_ON pd=UNITY_ENABLE_REFLECTION_BUFFERS UNITY_USE_DITHER_MASK_FOR_ALPHABLENDED_SHADOWS UNITY_PBS_USE_BRDF1 UNITY_SPECCUBE_BOX_PROJECTION UNITY_SPECCUBE_BLENDING UNITY_ENABLE_DETAIL_NORMALMAP SHADER_API_DESKTOP UNITY_COLORSPACE_GAMMA UNITY_LIGHTMAP_RGBM_ENCODING ok=1
Cmd: compileSnippet
  api=9 type=0 insize=1468 outsize=14648 kw=DIRECTIONAL SHADOWS_SCREEN _EMISSION VERTEXLIGHT_ON pd=UNITY_ENABLE_REFLECTION_BUFFERS UNITY_USE_DITHER_MASK_FOR_ALPHABLENDED_SHADOWS UNITY_PBS_USE_BRDF1 UNITY_SPECCUBE_BOX_PROJECTION UNITY_SPECCUBE_BLENDING UNITY_ENABLE_DETAIL_NORMALMAP SHADER_API_DESKTOP UNITY_COLORSPACE_GAMMA UNITY_LIGHTMAP_RGBM_ENCODING ok=1
Cmd: compileSnippet
  api=5 type=0 insize=1468 outsize=14125 kw=DIRECTIONAL SHADOWS_SCREEN VERTEXLIGHT_ON _METALLICGLOSSMAP pd=UNITY_ENABLE_REFLECTION_BUFFERS UNITY_USE_DITHER_MASK_FOR_ALPHABLENDED_SHADOWS UNITY_PBS_USE_BRDF1 UNITY_SPECCUBE_BOX_PROJECTION UNITY_SPECCUBE_BLENDING UNITY_ENABLE_DETAIL_NORMALMAP SHADER_API_DESKTOP UNITY_COLORSPACE_GAMMA UNITY_LIGHTMAP_RGBM_ENCODING ok=1
Cmd: compileSnippet
  api=9 type=0 insize=1468 outsize=14823 kw=DIRECTIONAL SHADOWS_SCREEN _EMISSION VERTEXLIGHT_ON _METALLICGLOSSMAP pd=UNITY_ENABLE_REFLECTION_BUFFERS UNITY_USE_DITHER_MASK_FOR_ALPHABLENDED_SHADOWS UNITY_PBS_USE_BRDF1 UNITY_SPECCUBE_BOX_PROJECTION UNITY_SPECCUBE_BLENDING UNITY_ENABLE_DETAIL_NORMALMAP SHADER_API_DESKTOP UNITY_COLORSPACE_GAMMA UNITY_LIGHTMAP_RGBM_ENCODING ok=1
Cmd: compileSnippet
  api=5 type=0 insize=1468 outsize=14042 kw=DIRECTIONAL SHADOWS_SCREEN VERTEXLIGHT_ON _SMOOTHNESS_TEXTURE_ALBEDO_CHANNEL_A pd=UNITY_ENABLE_REFLECTION_BUFFERS UNITY_USE_DITHER_MASK_FOR_ALPHABLENDED_SHADOWS UNITY_PBS_USE_BRDF1 UNITY_SPECCUBE_BOX_PROJECTION UNITY_SPECCUBE_BLENDING UNITY_ENABLE_DETAIL_NORMALMAP SHADER_API_DESKTOP UNITY_COLORSPACE_GAMMA UNITY_LIGHTMAP_RGBM_ENCODING ok=1
Cmd: compileSnippet
  api=9 type=0 insize=1468 outsize=14765 kw=DIRECTIONAL SHADOWS_SCREEN _EMISSION VERTEXLIGHT_ON _SMOOTHNESS_TEXTURE_ALBEDO_CHANNEL_A pd=UNITY_ENABLE_REFLECTION_BUFFERS UNITY_USE_DITHER_MASK_FOR_ALPHABLENDED_SHADOWS UNITY_PBS_USE_BRDF1 UNITY_SPECCUBE_BOX_PROJECTION UNITY_SPECCUBE_BLENDING UNITY_ENABLE_DETAIL_NORMALMAP SHADER_API_DESKTOP UNITY_COLORSPACE_GAMMA UNITY_LIGHTMAP_RGBM_ENCODING ok=1
Cmd: compileSnippet
  api=5 type=0 insize=1468 outsize=17391 kw=DIRECTIONAL SHADOWS_SCREEN LIGHTPROBE_SH VERTEXLIGHT_ON _ALPHABLEND_ON pd=UNITY_ENABLE_REFLECTION_BUFFERS UNITY_USE_DITHER_MASK_FOR_ALPHABLENDED_SHADOWS UNITY_PBS_USE_BRDF1 UNITY_SPECCUBE_BOX_PROJECTION UNITY_SPECCUBE_BLENDING UNITY_ENABLE_DETAIL_NORMALMAP SHADER_API_DESKTOP UNITY_COLORSPACE_GAMMA UNITY_LIGHTMAP_RGBM_ENCODING ok=1
Cmd: compileSnippet
  api=9 type=0 insize=1468 outsize=17886 kw=DIRECTIONAL SHADOWS_SCREEN LIGHTPROBE_SH _EMISSION VERTEXLIGHT_ON _ALPHABLEND_ON pd=UNITY_ENABLE_REFLECTION_BUFFERS UNITY_USE_DITHER_MASK_FOR_ALPHABLENDED_SHADOWS UNITY_PBS_USE_BRDF1 UNITY_SPECCUBE_BOX_PROJECTION UNITY_SPECCUBE_BLENDING UNITY_ENABLE_DETAIL_NORMALMAP SHADER_API_DESKTOP UNITY_COLORSPACE_GAMMA UNITY_LIGHTMAP_RGBM_ENCODING ok=1
Cmd: compileSnippet
  api=5 type=0 insize=1468 outsize=21070 kw=DIRECTIONAL SHADOWS_SCREEN LIGHTPROBE_SH VERTEXLIGHT_ON _METALLICGLOSSMAP _PARALLAXMAP pd=UNITY_ENABLE_REFLECTION_BUFFERS UNITY_USE_DITHER_MASK_FOR_ALPHABLENDED_SHADOWS UNITY_PBS_USE_BRDF1 UNITY_SPECCUBE_BOX_PROJECTION UNITY_SPECCUBE_BLENDING UNITY_ENABLE_DETAIL_NORMALMAP SHADER_API_DESKTOP UNITY_COLORSPACE_GAMMA UNITY_LIGHTMAP_RGBM_ENCODING ok=1
Cmd: compileSnippet
  api=9 type=0 insize=1468 outsize=20425 kw=DIRECTIONAL SHADOWS_SCREEN LIGHTPROBE_SH _EMISSION VERTEXLIGHT_ON _METALLICGLOSSMAP _PARALLAXMAP pd=UNITY_ENABLE_REFLECTION_BUFFERS UNITY_USE_DITHER_MASK_FOR_ALPHABLENDED_SHADOWS UNITY_PBS_USE_BRDF1 UNITY_SPECCUBE_BOX_PROJECTION UNITY_SPECCUBE_BLENDING UNITY_ENABLE_DETAIL_NORMALMAP SHADER_API_DESKTOP UNITY_COLORSPACE_GAMMA UNITY_LIGHTMAP_RGBM_ENCODING ok=1
Cmd: compileSnippet
  api=5 type=0 insize=1468 outsize=17312 kw=DIRECTIONAL SHADOWS_SCREEN LIGHTPROBE_SH VERTEXLIGHT_ON pd=UNITY_ENABLE_REFLECTION_BUFFERS UNITY_USE_DITHER_MASK_FOR_ALPHABLENDED_SHADOWS UNITY_PBS_USE_BRDF1 UNITY_SPECCUBE_BOX_PROJECTION UNITY_SPECCUBE_BLENDING UNITY_ENABLE_DETAIL_NORMALMAP SHADER_API_DESKTOP UNITY_COLORSPACE_GAMMA UNITY_LIGHTMAP_RGBM_ENCODING ok=1
Cmd: compileSnippet
  api=9 type=0 insize=1468 outsize=15387 kw=DIRECTIONAL SHADOWS_SCREEN DYNAMICLIGHTMAP_ON _EMISSION VERTEXLIGHT_ON pd=UNITY_ENABLE_REFLECTION_BUFFERS UNITY_USE_DITHER_MASK_FOR_ALPHABLENDED_SHADOWS UNITY_PBS_USE_BRDF1 UNITY_SPECCUBE_BOX_PROJECTION UNITY_SPECCUBE_BLENDING UNITY_ENABLE_DETAIL_NORMALMAP SHADER_API_DESKTOP UNITY_COLORSPACE_GAMMA UNITY_LIGHTMAP_RGBM_ENCODING ok=1
Cmd: compileSnippet
  api=5 type=0 insize=1468 outsize=14875 kw=DIRECTIONAL SHADOWS_SCREEN DYNAMICLIGHTMAP_ON VERTEXLIGHT_ON _METALLICGLOSSMAP pd=UNITY_ENABLE_REFLECTION_BUFFERS UNITY_USE_DITHER_MASK_FOR_ALPHABLENDED_SHADOWS UNITY_PBS_USE_BRDF1 UNITY_SPECCUBE_BOX_PROJECTION UNITY_SPECCUBE_BLENDING UNITY_ENABLE_DETAIL_NORMALMAP SHADER_API_DESKTOP UNITY_COLORSPACE_GAMMA UNITY_LIGHTMAP_RGBM_ENCODING ok=1
Cmd: compileSnippet
  api=9 type=0 insize=1468 outsize=15568 kw=DIRECTIONAL SHADOWS_SCREEN DYNAMICLIGHTMAP_ON _EMISSION VERTEXLIGHT_ON _METALLICGLOSSMAP pd=UNITY_ENABLE_REFLECTION_BUFFERS UNITY_USE_DITHER_MASK_FOR_ALPHABLENDED_SHADOWS UNITY_PBS_USE_BRDF1 UNITY_SPECCUBE_BOX_PROJECTION UNITY_SPECCUBE_BLENDING UNITY_ENABLE_DETAIL_NORMALMAP SHADER_API_DESKTOP UNITY_COLORSPACE_GAMMA UNITY_LIGHTMAP_RGBM_ENCODING ok=1
Cmd: compileSnippet
  api=5 type=0 insize=1468 outsize=14791 kw=DIRECTIONAL SHADOWS_SCREEN DYNAMICLIGHTMAP_ON VERTEXLIGHT_ON _SMOOTHNESS_TEXTURE_ALBEDO_CHANNEL_A pd=UNITY_ENABLE_REFLECTION_BUFFERS UNITY_USE_DITHER_MASK_FOR_ALPHABLENDED_SHADOWS UNITY_PBS_USE_BRDF1 UNITY_SPECCUBE_BOX_PROJECTION UNITY_SPECCUBE_BLENDING UNITY_ENABLE_DETAIL_NORMALMAP SHADER_API_DESKTOP UNITY_COLORSPACE_GAMMA UNITY_LIGHTMAP_RGBM_ENCODING ok=1
Cmd: compileSnippet
  api=9 type=0 insize=1468 outsize=15510 kw=DIRECTIONAL SHADOWS_SCREEN DYNAMICLIGHTMAP_ON _EMISSION VERTEXLIGHT_ON _SMOOTHNESS_TEXTURE_ALBEDO_CHANNEL_A pd=UNITY_ENABLE_REFLECTION_BUFFERS UNITY_USE_DITHER_MASK_FOR_ALPHABLENDED_SHADOWS UNITY_PBS_USE_BRDF1 UNITY_SPECCUBE_BOX_PROJECTION UNITY_SPECCUBE_BLENDING UNITY_ENABLE_DETAIL_NORMALMAP SHADER_API_DESKTOP UNITY_COLORSPACE_GAMMA UNITY_LIGHTMAP_RGBM_ENCODING ok=1
Cmd: compileSnippet
  api=5 type=0 insize=1468 outsize=17049 kw=DIRECTIONAL SHADOWS_SCREEN DIRLIGHTMAP_COMBINED DYNAMICLIGHTMAP_ON VERTEXLIGHT_ON _ALPHABLEND_ON pd=UNITY_ENABLE_REFLECTION_BUFFERS UNITY_USE_DITHER_MASK_FOR_ALPHABLENDED_SHADOWS UNITY_PBS_USE_BRDF1 UNITY_SPECCUBE_BOX_PROJECTION UNITY_SPECCUBE_BLENDING UNITY_ENABLE_DETAIL_NORMALMAP SHADER_API_DESKTOP UNITY_COLORSPACE_GAMMA UNITY_LIGHTMAP_RGBM_ENCODING ok=1
Cmd: compileSnippet
  api=9 type=0 insize=1468 outsize=16863 kw=DIRECTIONAL SHADOWS_SCREEN DIRLIGHTMAP_COMBINED DYNAMICLIGHTMAP_ON _EMISSION VERTEXLIGHT_ON _ALPHABLEND_ON pd=UNITY_ENABLE_REFLECTION_BUFFERS UNITY_USE_DITHER_MASK_FOR_ALPHABLENDED_SHADOWS UNITY_PBS_USE_BRDF1 UNITY_SPECCUBE_BOX_PROJECTION UNITY_SPECCUBE_BLENDING UNITY_ENABLE_DETAIL_NORMALMAP SHADER_API_DESKTOP UNITY_COLORSPACE_GAMMA UNITY_LIGHTMAP_RGBM_ENCODING ok=1
Cmd: compileSnippet
  api=5 type=0 insize=1468 outsize=19108 kw=DIRECTIONAL SHADOWS_SCREEN DIRLIGHTMAP_COMBINED DYNAMICLIGHTMAP_ON VERTEXLIGHT_ON _METALLICGLOSSMAP _PARALLAXMAP pd=UNITY_ENABLE_REFLECTION_BUFFERS UNITY_USE_DITHER_MASK_FOR_ALPHABLENDED_SHADOWS UNITY_PBS_USE_BRDF1 UNITY_SPECCUBE_BOX_PROJECTION UNITY_SPECCUBE_BLENDING UNITY_ENABLE_DETAIL_NORMALMAP SHADER_API_DESKTOP UNITY_COLORSPACE_GAMMA UNITY_LIGHTMAP_RGBM_ENCODING ok=1
Cmd: compileSnippet
  api=9 type=0 insize=1468 outsize=18735 kw=DIRECTIONAL SHADOWS_SCREEN DIRLIGHTMAP_COMBINED DYNAMICLIGHTMAP_ON _EMISSION VERTEXLIGHT_ON _METALLICGLOSSMAP _PARALLAXMAP pd=UNITY_ENABLE_REFLECTION_BUFFERS UNITY_USE_DITHER_MASK_FOR_ALPHABLENDED_SHADOWS UNITY_PBS_USE_BRDF1 UNITY_SPECCUBE_BOX_PROJECTION UNITY_SPECCUBE_BLENDING UNITY_ENABLE_DETAIL_NORMALMAP SHADER_API_DESKTOP UNITY_COLORSPACE_GAMMA UNITY_LIGHTMAP_RGBM_ENCODING ok=1
Cmd: compileSnippet
  api=5 type=0 insize=1468 outsize=16967 kw=DIRECTIONAL SHADOWS_SCREEN DIRLIGHTMAP_COMBINED DYNAMICLIGHTMAP_ON VERTEXLIGHT_ON pd=UNITY_ENABLE_REFLECTION_BUFFERS UNITY_USE_DITHER_MASK_FOR_ALPHABLENDED_SHADOWS UNITY_PBS_USE_BRDF1 UNITY_SPECCUBE_BOX_PROJECTION UNITY_SPECCUBE_BLENDING UNITY_ENABLE_DETAIL_NORMALMAP SHADER_API_DESKTOP UNITY_COLORSPACE_GAMMA UNITY_LIGHTMAP_RGBM_ENCODING ok=1
Cmd: compileSnippet
  api=9 type=0 insize=1468 outsize=13074 kw=DIRECTIONAL _EMISSION pd=UNITY_ENABLE_REFLECTION_BUFFERS UNITY_USE_DITHER_MASK_FOR_ALPHABLENDED_SHADOWS UNITY_PBS_USE_BRDF1 UNITY_SPECCUBE_BOX_PROJECTION UNITY_SPECCUBE_BLENDING UNITY_ENABLE_DETAIL_NORMALMAP SHADER_API_DESKTOP UNITY_COLORSPACE_GAMMA UNITY_LIGHTMAP_RGBM_ENCODING ok=1
Cmd: compileSnippet
  api=5 type=0 insize=1468 outsize=12549 kw=DIRECTIONAL _METALLICGLOSSMAP pd=UNITY_ENABLE_REFLECTION_BUFFERS UNITY_USE_DITHER_MASK_FOR_ALPHABLENDED_SHADOWS UNITY_PBS_USE_BRDF1 UNITY_SPECCUBE_BOX_PROJECTION UNITY_SPECCUBE_BLENDING UNITY_ENABLE_DETAIL_NORMALMAP SHADER_API_DESKTOP UNITY_COLORSPACE_GAMMA UNITY_LIGHTMAP_RGBM_ENCODING ok=1
Cmd: compileSnippet
  api=9 type=0 insize=1468 outsize=13220 kw=DIRECTIONAL _EMISSION _METALLICGLOSSMAP pd=UNITY_ENABLE_REFLECTION_BUFFERS UNITY_USE_DITHER_MASK_FOR_ALPHABLENDED_SHADOWS UNITY_PBS_USE_BRDF1 UNITY_SPECCUBE_BOX_PROJECTION UNITY_SPECCUBE_BLENDING UNITY_ENABLE_DETAIL_NORMALMAP SHADER_API_DESKTOP UNITY_COLORSPACE_GAMMA UNITY_LIGHTMAP_RGBM_ENCODING ok=1
Cmd: compileSnippet
  api=5 type=0 insize=1468 outsize=12471 kw=DIRECTIONAL _SMOOTHNESS_TEXTURE_ALBEDO_CHANNEL_A pd=UNITY_ENABLE_REFLECTION_BUFFERS UNITY_USE_DITHER_MASK_FOR_ALPHABLENDED_SHADOWS UNITY_PBS_USE_BRDF1 UNITY_SPECCUBE_BOX_PROJECTION UNITY_SPECCUBE_BLENDING UNITY_ENABLE_DETAIL_NORMALMAP SHADER_API_DESKTOP UNITY_COLORSPACE_GAMMA UNITY_LIGHTMAP_RGBM_ENCODING ok=1
Cmd: compileSnippet
  api=9 type=0 insize=1468 outsize=13162 kw=DIRECTIONAL _EMISSION _SMOOTHNESS_TEXTURE_ALBEDO_CHANNEL_A pd=UNITY_ENABLE_REFLECTION_BUFFERS UNITY_USE_DITHER_MASK_FOR_ALPHABLENDED_SHADOWS UNITY_PBS_USE_BRDF1 UNITY_SPECCUBE_BOX_PROJECTION UNITY_SPECCUBE_BLENDING UNITY_ENABLE_DETAIL_NORMALMAP SHADER_API_DESKTOP UNITY_COLORSPACE_GAMMA UNITY_LIGHTMAP_RGBM_ENCODING ok=1
Cmd: compileSnippet
  api=5 type=1 insize=1468 outsize=0 kw=DIRECTIONAL LIGHTPROBE_SH _EMISSION pd=UNITY_ENABLE_REFLECTION_BUFFERS UNITY_USE_DITHER_MASK_FOR_ALPHABLENDED_SHADOWS UNITY_PBS_USE_BRDF1 UNITY_SPECCUBE_BOX_PROJECTION UNITY_SPECCUBE_BLENDING UNITY_ENABLE_DETAIL_NORMALMAP SHADER_API_DESKTOP UNITY_COLORSPACE_GAMMA UNITY_LIGHTMAP_RGBM_ENCODING ok=1
Cmd: compileSnippet
  api=9 type=1 insize=1468 outsize=0 kw=DIRECTIONAL LIGHTPROBE_SH _EMISSION _ALPHABLEND_ON pd=UNITY_ENABLE_REFLECTION_BUFFERS UNITY_USE_DITHER_MASK_FOR_ALPHABLENDED_SHADOWS UNITY_PBS_USE_BRDF1 UNITY_SPECCUBE_BOX_PROJECTION UNITY_SPECCUBE_BLENDING UNITY_ENABLE_DETAIL_NORMALMAP SHADER_API_DESKTOP UNITY_COLORSPACE_GAMMA UNITY_LIGHTMAP_RGBM_ENCODING ok=1
Cmd: compileSnippet
  api=9 type=1 insize=1468 outsize=0 kw=DIRECTIONAL LIGHTPROBE_SH _EMISSION _METALLICGLOSSMAP pd=UNITY_ENABLE_REFLECTION_BUFFERS UNITY_USE_DITHER_MASK_FOR_ALPHABLENDED_SHADOWS UNITY_PBS_USE_BRDF1 UNITY_SPECCUBE_BOX_PROJECTION UNITY_SPECCUBE_BLENDING UNITY_ENABLE_DETAIL_NORMALMAP SHADER_API_DESKTOP UNITY_COLORSPACE_GAMMA UNITY_LIGHTMAP_RGBM_ENCODING ok=1
Cmd: compileSnippet
  api=9 type=1 insize=1468 outsize=0 kw=DIRECTIONAL LIGHTPROBE_SH _EMISSION _METALLICGLOSSMAP _PARALLAXMAP pd=UNITY_ENABLE_REFLECTION_BUFFERS UNITY_USE_DITHER_MASK_FOR_ALPHABLENDED_SHADOWS UNITY_PBS_USE_BRDF1 UNITY_SPECCUBE_BOX_PROJECTION UNITY_SPECCUBE_BLENDING UNITY_ENABLE_DETAIL_NORMALMAP SHADER_API_DESKTOP UNITY_COLORSPACE_GAMMA UNITY_LIGHTMAP_RGBM_ENCODING ok=1
Cmd: compileSnippet
  api=9 type=1 insize=1468 outsize=0 kw=DIRECTIONAL LIGHTPROBE_SH _EMISSION _SMOOTHNESS_TEXTURE_ALBEDO_CHANNEL_A pd=UNITY_ENABLE_REFLECTION_BUFFERS UNITY_USE_DITHER_MASK_FOR_ALPHABLENDED_SHADOWS UNITY_PBS_USE_BRDF1 UNITY_SPECCUBE_BOX_PROJECTION UNITY_SPECCUBE_BLENDING UNITY_ENABLE_DETAIL_NORMALMAP SHADER_API_DESKTOP UNITY_COLORSPACE_GAMMA UNITY_LIGHTMAP_RGBM_ENCODING ok=1
Cmd: compileSnippet
  api=5 type=1 insize=1468 outsize=0 kw=DIRECTIONAL LIGHTPROBE_SH pd=UNITY_ENABLE_REFLECTION_BUFFERS UNITY_USE_DITHER_MASK_FOR_ALPHABLENDED_SHADOWS UNITY_PBS_USE_BRDF1 UNITY_SPECCUBE_BOX_PROJECTION UNITY_SPECCUBE_BLENDING UNITY_ENABLE_DETAIL_NORMALMAP SHADER_API_DESKTOP UNITY_COLORSPACE_GAMMA UNITY_LIGHTMAP_RGBM_ENCODING ok=1
Cmd: compileSnippet
  api=5 type=1 insize=1468 outsize=0 kw=DIRECTIONAL DYNAMICLIGHTMAP_ON _ALPHABLEND_ON pd=UNITY_ENABLE_REFLECTION_BUFFERS UNITY_USE_DITHER_MASK_FOR_ALPHABLENDED_SHADOWS UNITY_PBS_USE_BRDF1 UNITY_SPECCUBE_BOX_PROJECTION UNITY_SPECCUBE_BLENDING UNITY_ENABLE_DETAIL_NORMALMAP SHADER_API_DESKTOP UNITY_COLORSPACE_GAMMA UNITY_LIGHTMAP_RGBM_ENCODING ok=1
Cmd: compileSnippet
  api=5 type=1 insize=1468 outsize=0 kw=DIRECTIONAL DYNAMICLIGHTMAP_ON _METALLICGLOSSMAP pd=UNITY_ENABLE_REFLECTION_BUFFERS UNITY_USE_DITHER_MASK_FOR_ALPHABLENDED_SHADOWS UNITY_PBS_USE_BRDF1 UNITY_SPECCUBE_BOX_PROJECTION UNITY_SPECCUBE_BLENDING UNITY_ENABLE_DETAIL_NORMALMAP SHADER_API_DESKTOP UNITY_COLORSPACE_GAMMA UNITY_LIGHTMAP_RGBM_ENCODING ok=1
Cmd: compileSnippet
  api=5 type=1 insize=1468 outsize=0 kw=DIRECTIONAL DYNAMICLIGHTMAP_ON _METALLICGLOSSMAP _PARALLAXMAP pd=UNITY_ENABLE_REFLECTION_BUFFERS UNITY_USE_DITHER_MASK_FOR_ALPHABLENDED_SHADOWS UNITY_PBS_USE_BRDF1 UNITY_SPECCUBE_BOX_PROJECTION UNITY_SPECCUBE_BLENDING UNITY_ENABLE_DETAIL_NORMALMAP SHADER_API_DESKTOP UNITY_COLORSPACE_GAMMA UNITY_LIGHTMAP_RGBM_ENCODING ok=1
Cmd: compileSnippet
  api=9 type=1 insize=1468 outsize=0 kw=DIRECTIONAL DYNAMICLIGHTMAP_ON _EMISSION _SMOOTHNESS_TEXTURE_ALBEDO_CHANNEL_A pd=UNITY_ENABLE_REFLECTION_BUFFERS UNITY_USE_DITHER_MASK_FOR_ALPHABLENDED_SHADOWS UNITY_PBS_USE_BRDF1 UNITY_SPECCUBE_BOX_PROJECTION UNITY_SPECCUBE_BLENDING UNITY_ENABLE_DETAIL_NORMALMAP SHADER_API_DESKTOP UNITY_COLORSPACE_GAMMA UNITY_LIGHTMAP_RGBM_ENCODING ok=1
Cmd: compileSnippet
  api=9 type=1 insize=1468 outsize=0 kw=DIRECTIONAL DIRLIGHTMAP_COMBINED DYNAMICLIGHTMAP_ON _EMISSION pd=UNITY_ENABLE_REFLECTION_BUFFERS UNITY_USE_DITHER_MASK_FOR_ALPHABLENDED_SHADOWS UNITY_PBS_USE_BRDF1 UNITY_SPECCUBE_BOX_PROJECTION UNITY_SPECCUBE_BLENDING UNITY_ENABLE_DETAIL_NORMALMAP SHADER_API_DESKTOP UNITY_COLORSPACE_GAMMA UNITY_LIGHTMAP_RGBM_ENCODING ok=1
Cmd: compileSnippet
  api=9 type=1 insize=1468 outsize=0 kw=DIRECTIONAL DIRLIGHTMAP_COMBINED DYNAMICLIGHTMAP_ON _EMISSION _ALPHABLEND_ON pd=UNITY_ENABLE_REFLECTION_BUFFERS UNITY_USE_DITHER_MASK_FOR_ALPHABLENDED_SHADOWS UNITY_PBS_USE_BRDF1 UNITY_SPECCUBE_BOX_PROJECTION UNITY_SPECCUBE_BLENDING UNITY_ENABLE_DETAIL_NORMALMAP SHADER_API_DESKTOP UNITY_COLORSPACE_GAMMA UNITY_LIGHTMAP_RGBM_ENCODING ok=1
Cmd: compileSnippet
  api=9 type=1 insize=1468 outsize=0 kw=DIRECTIONAL DIRLIGHTMAP_COMBINED DYNAMICLIGHTMAP_ON _EMISSION _METALLICGLOSSMAP pd=UNITY_ENABLE_REFLECTION_BUFFERS UNITY_USE_DITHER_MASK_FOR_ALPHABLENDED_SHADOWS UNITY_PBS_USE_BRDF1 UNITY_SPECCUBE_BOX_PROJECTION UNITY_SPECCUBE_BLENDING UNITY_ENABLE_DETAIL_NORMALMAP SHADER_API_DESKTOP UNITY_COLORSPACE_GAMMA UNITY_LIGHTMAP_RGBM_ENCODING ok=1
Cmd: compileSnippet
  api=5 type=1 insize=1468 outsize=0 kw=DIRECTIONAL DIRLIGHTMAP_COMBINED DYNAMICLIGHTMAP_ON _EMISSION _METALLICGLOSSMAP _PARALLAXMAP pd=UNITY_ENABLE_REFLECTION_BUFFERS UNITY_USE_DITHER_MASK_FOR_ALPHABLENDED_SHADOWS UNITY_PBS_USE_BRDF1 UNITY_SPECCUBE_BOX_PROJECTION UNITY_SPECCUBE_BLENDING UNITY_ENABLE_DETAIL_NORMALMAP SHADER_API_DESKTOP UNITY_COLORSPACE_GAMMA UNITY_LIGHTMAP_RGBM_ENCODING ok=1
Cmd: compileSnippet
  api=9 type=1 insize=1468 outsize=0 kw=DIRECTIONAL DIRLIGHTMAP_COMBINED DYNAMICLIGHTMAP_ON _EMISSION _SMOOTHNESS_TEXTURE_ALBEDO_CHANNEL_A pd=UNITY_ENABLE_REFLECTION_BUFFERS UNITY_USE_DITHER_MASK_FOR_ALPHABLENDED_SHADOWS UNITY_PBS_USE_BRDF1 UNITY_SPECCUBE_BOX_PROJECTION UNITY_SPECCUBE_BLENDING UNITY_ENABLE_DETAIL_NORMALMAP SHADER_API_DESKTOP UNITY_COLORSPACE_GAMMA UNITY_LIGHTMAP_RGBM_ENCODING ok=1
Cmd: compileSnippet
  api=9 type=1 insize=1468 outsize=0 kw=DIRECTIONAL DIRLIGHTMAP_COMBINED DYNAMICLIGHTMAP_ON pd=UNITY_ENABLE_REFLECTION_BUFFERS UNITY_USE_DITHER_MASK_FOR_ALPHABLENDED_SHADOWS UNITY_PBS_USE_BRDF1 UNITY_SPECCUBE_BOX_PROJECTION UNITY_SPECCUBE_BLENDING UNITY_ENABLE_DETAIL_NORMALMAP SHADER_API_DESKTOP UNITY_COLORSPACE_GAMMA UNITY_LIGHTMAP_RGBM_ENCODING ok=1
Cmd: compileSnippet
  api=9 type=1 insize=1468 outsize=0 kw=DIRECTIONAL SHADOWS_SCREEN _ALPHABLEND_ON pd=UNITY_ENABLE_REFLECTION_BUFFERS UNITY_USE_DITHER_MASK_FOR_ALPHABLENDED_SHADOWS UNITY_PBS_USE_BRDF1 UNITY_SPECCUBE_BOX_PROJECTION UNITY_SPECCUBE_BLENDING UNITY_ENABLE_DETAIL_NORMALMAP SHADER_API_DESKTOP UNITY_COLORSPACE_GAMMA UNITY_LIGHTMAP_RGBM_ENCODING ok=1
Cmd: compileSnippet
  api=5 type=1 insize=1468 outsize=0 kw=DIRECTIONAL SHADOWS_SCREEN _METALLICGLOSSMAP pd=UNITY_ENABLE_REFLECTION_BUFFERS UNITY_USE_DITHER_MASK_FOR_ALPHABLENDED_SHADOWS UNITY_PBS_USE_BRDF1 UNITY_SPECCUBE_BOX_PROJECTION UNITY_SPECCUBE_BLENDING UNITY_ENABLE_DETAIL_NORMALMAP SHADER_API_DESKTOP UNITY_COLORSPACE_GAMMA UNITY_LIGHTMAP_RGBM_ENCODING ok=1
Cmd: compileSnippet
  api=5 type=1 insize=1468 outsize=0 kw=DIRECTIONAL SHADOWS_SCREEN _METALLICGLOSSMAP _PARALLAXMAP pd=UNITY_ENABLE_REFLECTION_BUFFERS UNITY_USE_DITHER_MASK_FOR_ALPHABLENDED_SHADOWS UNITY_PBS_USE_BRDF1 UNITY_SPECCUBE_BOX_PROJECTION UNITY_SPECCUBE_BLENDING UNITY_ENABLE_DETAIL_NORMALMAP SHADER_API_DESKTOP UNITY_COLORSPACE_GAMMA UNITY_LIGHTMAP_RGBM_ENCODING ok=1
Cmd: compileSnippet
  api=9 type=1 insize=1468 outsize=0 kw=DIRECTIONAL SHADOWS_SCREEN _SMOOTHNESS_TEXTURE_ALBEDO_CHANNEL_A pd=UNITY_ENABLE_REFLECTION_BUFFERS UNITY_USE_DITHER_MASK_FOR_ALPHABLENDED_SHADOWS UNITY_PBS_USE_BRDF1 UNITY_SPECCUBE_BOX_PROJECTION UNITY_SPECCUBE_BLENDING UNITY_ENABLE_DETAIL_NORMALMAP SHADER_API_DESKTOP UNITY_COLORSPACE_GAMMA UNITY_LIGHTMAP_RGBM_ENCODING ok=1
Cmd: compileSnippet
  api=9 type=1 insize=1468 outsize=0 kw=DIRECTIONAL SHADOWS_SCREEN pd=UNITY_ENABLE_REFLECTION_BUFFERS UNITY_USE_DITHER_MASK_FOR_ALPHABLENDED_SHADOWS UNITY_PBS_USE_BRDF1 UNITY_SPECCUBE_BOX_PROJECTION UNITY_SPECCUBE_BLENDING UNITY_ENABLE_DETAIL_NORMALMAP SHADER_API_DESKTOP UNITY_COLORSPACE_GAMMA UNITY_LIGHTMAP_RGBM_ENCODING ok=1
Cmd: compileSnippet
  api=5 type=1 insize=1468 outsize=0 kw=DIRECTIONAL SHADOWS_SCREEN LIGHTPROBE_SH _EMISSION _ALPHABLEND_ON pd=UNITY_ENABLE_REFLECTION_BUFFERS UNITY_USE_DITHER_MASK_FOR_ALPHABLENDED_SHADOWS UNITY_PBS_USE_BRDF1 UNITY_SPECCUBE_BOX_PROJECTION UNITY_SPECCUBE_BLENDING UNITY_ENABLE_DETAIL_NORMALMAP SHADER_API_DESKTOP UNITY_COLORSPACE_GAMMA UNITY_LIGHTMAP_RGBM_ENCODING ok=1
Cmd: compileSnippet
  api=9 type=1 insize=1468 outsize=0 kw=DIRECTIONAL SHADOWS_SCREEN LIGHTPROBE_SH _METALLICGLOSSMAP pd=UNITY_ENABLE_REFLECTION_BUFFERS UNITY_USE_DITHER_MASK_FOR_ALPHABLENDED_SHADOWS UNITY_PBS_USE_BRDF1 UNITY_SPECCUBE_BOX_PROJECTION UNITY_SPECCUBE_BLENDING UNITY_ENABLE_DETAIL_NORMALMAP SHADER_API_DESKTOP UNITY_COLORSPACE_GAMMA UNITY_LIGHTMAP_RGBM_ENCODING ok=1
Cmd: compileSnippet
  api=5 type=1 insize=1468 outsize=0 kw=DIRECTIONAL SHADOWS_SCREEN LIGHTPROBE_SH _METALLICGLOSSMAP _PARALLAXMAP pd=UNITY_ENABLE_REFLECTION_BUFFERS UNITY_USE_DITHER_MASK_FOR_ALPHABLENDED_SHADOWS UNITY_PBS_USE_BRDF1 UNITY_SPECCUBE_BOX_PROJECTION UNITY_SPECCUBE_BLENDING UNITY_ENABLE_DETAIL_NORMALMAP SHADER_API_DESKTOP UNITY_COLORSPACE_GAMMA UNITY_LIGHTMAP_RGBM_ENCODING ok=1
Cmd: compileSnippet
  api=5 type=1 insize=1468 outsize=0 kw=DIRECTIONAL SHADOWS_SCREEN LIGHTPROBE_SH _EMISSION _SMOOTHNESS_TEXTURE_ALBEDO_CHANNEL_A pd=UNITY_ENABLE_REFLECTION_BUFFERS UNITY_USE_DITHER_MASK_FOR_ALPHABLENDED_SHADOWS UNITY_PBS_USE_BRDF1 UNITY_SPECCUBE_BOX_PROJECTION UNITY_SPECCUBE_BLENDING UNITY_ENABLE_DETAIL_NORMALMAP SHADER_API_DESKTOP UNITY_COLORSPACE_GAMMA UNITY_LIGHTMAP_RGBM_ENCODING ok=1
Cmd: compileSnippet
  api=9 type=1 insize=1468 outsize=0 kw=DIRECTIONAL SHADOWS_SCREEN DYNAMICLIGHTMAP_ON _EMISSION pd=UNITY_ENABLE_REFLECTION_BUFFERS UNITY_USE_DITHER_MASK_FOR_ALPHABLENDED_SHADOWS UNITY_PBS_USE_BRDF1 UNITY_SPECCUBE_BOX_PROJECTION UNITY_SPECCUBE_BLENDING UNITY_ENABLE_DETAIL_NORMALMAP SHADER_API_DESKTOP UNITY_COLORSPACE_GAMMA UNITY_LIGHTMAP_RGBM_ENCODING ok=1
Cmd: compileSnippet
  api=5 type=1 insize=1468 outsize=0 kw=DIRECTIONAL SHADOWS_SCREEN DYNAMICLIGHTMAP_ON _EMISSION _ALPHABLEND_ON pd=UNITY_ENABLE_REFLECTION_BUFFERS UNITY_USE_DITHER_MASK_FOR_ALPHABLENDED_SHADOWS UNITY_PBS_USE_BRDF1 UNITY_SPECCUBE_BOX_PROJECTION UNITY_SPECCUBE_BLENDING UNITY_ENABLE_DETAIL_NORMALMAP SHADER_API_DESKTOP UNITY_COLORSPACE_GAMMA UNITY_LIGHTMAP_RGBM_ENCODING ok=1
Cmd: compileSnippet
  api=5 type=1 insize=1468 outsize=0 kw=DIRECTIONAL SHADOWS_SCREEN DYNAMICLIGHTMAP_ON _EMISSION _METALLICGLOSSMAP pd=UNITY_ENABLE_REFLECTION_BUFFERS UNITY_USE_DITHER_MASK_FOR_ALPHABLENDED_SHADOWS UNITY_PBS_USE_BRDF1 UNITY_SPECCUBE_BOX_PROJECTION UNITY_SPECCUBE_BLENDING UNITY_ENABLE_DETAIL_NORMALMAP SHADER_API_DESKTOP UNITY_COLORSPACE_GAMMA UNITY_LIGHTMAP_RGBM_ENCODING ok=1
Cmd: compileSnippet
  api=5 type=1 insize=1468 outsize=0 kw=DIRECTIONAL SHADOWS_SCREEN DYNAMICLIGHTMAP_ON _EMISSION _METALLICGLOSSMAP _PARALLAXMAP pd=UNITY_ENABLE_REFLECTION_BUFFERS UNITY_USE_DITHER_MASK_FOR_ALPHABLENDED_SHADOWS UNITY_PBS_USE_BRDF1 UNITY_SPECCUBE_BOX_PROJECTION UNITY_SPECCUBE_BLENDING UNITY_ENABLE_DETAIL_NORMALMAP SHADER_API_DESKTOP UNITY_COLORSPACE_GAMMA UNITY_LIGHTMAP_RGBM_ENCODING ok=1
Cmd: compileSnippet
  api=5 type=1 insize=1468 outsize=0 kw=DIRECTIONAL SHADOWS_SCREEN DYNAMICLIGHTMAP_ON _EMISSION _SMOOTHNESS_TEXTURE_ALBEDO_CHANNEL_A pd=UNITY_ENABLE_REFLECTION_BUFFERS UNITY_USE_DITHER_MASK_FOR_ALPHABLENDED_SHADOWS UNITY_PBS_USE_BRDF1 UNITY_SPECCUBE_BOX_PROJECTION UNITY_SPECCUBE_BLENDING UNITY_ENABLE_DETAIL_NORMALMAP SHADER_API_DESKTOP UNITY_COLORSPACE_GAMMA UNITY_LIGHTMAP_RGBM_ENCODING ok=1
Cmd: compileSnippet
  api=5 type=1 insize=1468 outsize=0 kw=DIRECTIONAL SHADOWS_SCREEN DIRLIGHTMAP_COMBINED DYNAMICLIGHTMAP_ON _EMISSION pd=UNITY_ENABLE_REFLECTION_BUFFERS UNITY_USE_DITHER_MASK_FOR_ALPHABLENDED_SHADOWS UNITY_PBS_USE_BRDF1 UNITY_SPECCUBE_BOX_PROJECTION UNITY_SPECCUBE_BLENDING UNITY_ENABLE_DETAIL_NORMALMAP SHADER_API_DESKTOP UNITY_COLORSPACE_GAMMA UNITY_LIGHTMAP_RGBM_ENCODING ok=1
Cmd: compileSnippet
  api=9 type=1 insize=1468 outsize=0 kw=DIRECTIONAL SHADOWS_SCREEN DIRLIGHTMAP_COMBINED DYNAMICLIGHTMAP_ON _EMISSION _ALPHABLEND_ON pd=UNITY_ENABLE_REFLECTION_BUFFERS UNITY_USE_DITHER_MASK_FOR_ALPHABLENDED_SHADOWS UNITY_PBS_USE_BRDF1 UNITY_SPECCUBE_BOX_PROJECTION UNITY_SPECCUBE_BLENDING UNITY_ENABLE_DETAIL_NORMALMAP SHADER_API_DESKTOP UNITY_COLORSPACE_GAMMA UNITY_LIGHTMAP_RGBM_ENCODING ok=1
Cmd: compileSnippet
  api=9 type=1 insize=1468 outsize=0 kw=DIRECTIONAL SHADOWS_SCREEN DIRLIGHTMAP_COMBINED DYNAMICLIGHTMAP_ON _EMISSION _METALLICGLOSSMAP pd=UNITY_ENABLE_REFLECTION_BUFFERS UNITY_USE_DITHER_MASK_FOR_ALPHABLENDED_SHADOWS UNITY_PBS_USE_BRDF1 UNITY_SPECCUBE_BOX_PROJECTION UNITY_SPECCUBE_BLENDING UNITY_ENABLE_DETAIL_NORMALMAP SHADER_API_DESKTOP UNITY_COLORSPACE_GAMMA UNITY_LIGHTMAP_RGBM_ENCODING ok=1
Cmd: compileSnippet
  api=5 type=1 insize=1468 outsize=0 kw=DIRECTIONAL SHADOWS_SCREEN DIRLIGHTMAP_COMBINED DYNAMICLIGHTMAP_ON _METALLICGLOSSMAP _PARALLAXMAP pd=UNITY_ENABLE_REFLECTION_BUFFERS UNITY_USE_DITHER_MASK_FOR_ALPHABLENDED_SHADOWS UNITY_PBS_USE_BRDF1 UNITY_SPECCUBE_BOX_PROJECTION UNITY_SPECCUBE_BLENDING UNITY_ENABLE_DETAIL_NORMALMAP SHADER_API_DESKTOP UNITY_COLORSPACE_GAMMA UNITY_LIGHTMAP_RGBM_ENCODING ok=1
Cmd: compileSnippet
  api=9 type=1 insize=1468 outsize=0 kw=DIRECTIONAL SHADOWS_SCREEN DIRLIGHTMAP_COMBINED DYNAMICLIGHTMAP_ON _SMOOTHNESS_TEXTURE_ALBEDO_CHANNEL_A pd=UNITY_ENABLE_REFLECTION_BUFFERS UNITY_USE_DITHER_MASK_FOR_ALPHABLENDED_SHADOWS UNITY_PBS_USE_BRDF1 UNITY_SPECCUBE_BOX_PROJECTION UNITY_SPECCUBE_BLENDING UNITY_ENABLE_DETAIL_NORMALMAP SHADER_API_DESKTOP UNITY_COLORSPACE_GAMMA UNITY_LIGHTMAP_RGBM_ENCODING ok=1
Cmd: compileSnippet
  api=5 type=1 insize=1468 outsize=0 kw=DIRECTIONAL SHADOWS_SCREEN DIRLIGHTMAP_COMBINED DYNAMICLIGHTMAP_ON pd=UNITY_ENABLE_REFLECTION_BUFFERS UNITY_USE_DITHER_MASK_FOR_ALPHABLENDED_SHADOWS UNITY_PBS_USE_BRDF1 UNITY_SPECCUBE_BOX_PROJECTION UNITY_SPECCUBE_BLENDING UNITY_ENABLE_DETAIL_NORMALMAP SHADER_API_DESKTOP UNITY_COLORSPACE_GAMMA UNITY_LIGHTMAP_RGBM_ENCODING ok=1
Cmd: compileSnippet
  api=5 type=1 insize=1468 outsize=0 kw=DIRECTIONAL _ALPHABLEND_ON pd=UNITY_ENABLE_REFLECTION_BUFFERS UNITY_USE_DITHER_MASK_FOR_ALPHABLENDED_SHADOWS UNITY_PBS_USE_BRDF1 UNITY_SPECCUBE_BOX_PROJECTION UNITY_SPECCUBE_BLENDING UNITY_ENABLE_DETAIL_NORMALMAP SHADER_API_DESKTOP UNITY_COLORSPACE_GAMMA UNITY_LIGHTMAP_RGBM_ENCODING ok=1
Cmd: compileSnippet
  api=9 type=1 insize=1468 outsize=0 kw=DIRECTIONAL _METALLICGLOSSMAP pd=UNITY_ENABLE_REFLECTION_BUFFERS UNITY_USE_DITHER_MASK_FOR_ALPHABLENDED_SHADOWS UNITY_PBS_USE_BRDF1 UNITY_SPECCUBE_BOX_PROJECTION UNITY_SPECCUBE_BLENDING UNITY_ENABLE_DETAIL_NORMALMAP SHADER_API_DESKTOP UNITY_COLORSPACE_GAMMA UNITY_LIGHTMAP_RGBM_ENCODING ok=1
Cmd: compileSnippet
  api=5 type=1 insize=1468 outsize=0 kw=DIRECTIONAL _METALLICGLOSSMAP _PARALLAXMAP pd=UNITY_ENABLE_REFLECTION_BUFFERS UNITY_USE_DITHER_MASK_FOR_ALPHABLENDED_SHADOWS UNITY_PBS_USE_BRDF1 UNITY_SPECCUBE_BOX_PROJECTION UNITY_SPECCUBE_BLENDING UNITY_ENABLE_DETAIL_NORMALMAP SHADER_API_DESKTOP UNITY_COLORSPACE_GAMMA UNITY_LIGHTMAP_RGBM_ENCODING ok=1
Cmd: compileSnippet
  api=9 type=1 insize=1468 outsize=0 kw=DIRECTIONAL _SMOOTHNESS_TEXTURE_ALBEDO_CHANNEL_A pd=UNITY_ENABLE_REFLECTION_BUFFERS UNITY_USE_DITHER_MASK_FOR_ALPHABLENDED_SHADOWS UNITY_PBS_USE_BRDF1 UNITY_SPECCUBE_BOX_PROJECTION UNITY_SPECCUBE_BLENDING UNITY_ENABLE_DETAIL_NORMALMAP SHADER_API_DESKTOP UNITY_COLORSPACE_GAMMA UNITY_LIGHTMAP_RGBM_ENCODING ok=1
Cmd: compileSnippet
  api=9 type=0 insize=1330 outsize=7455 kw=DIRECTIONAL _ALPHABLEND_ON pd=UNITY_ENABLE_REFLECTION_BUFFERS UNITY_USE_DITHER_MASK_FOR_ALPHABLENDED_SHADOWS UNITY_PBS_USE_BRDF1 UNITY_SPECCUBE_BOX_PROJECTION UNITY_SPECCUBE_BLENDING UNITY_ENABLE_DETAIL_NORMALMAP SHADER_API_DESKTOP UNITY_COLORSPACE_GAMMA UNITY_LIGHTMAP_RGBM_ENCODING ok=1
Cmd: compileSnippet
  api=5 type=0 insize=1330 outsize=10156 kw=DIRECTIONAL _METALLICGLOSSMAP _PARALLAXMAP pd=UNITY_ENABLE_REFLECTION_BUFFERS UNITY_USE_DITHER_MASK_FOR_ALPHABLENDED_SHADOWS UNITY_PBS_USE_BRDF1 UNITY_SPECCUBE_BOX_PROJECTION UNITY_SPECCUBE_BLENDING UNITY_ENABLE_DETAIL_NORMALMAP SHADER_API_DESKTOP UNITY_COLORSPACE_GAMMA UNITY_LIGHTMAP_RGBM_ENCODING ok=1
Cmd: compileSnippet
  api=5 type=0 insize=1330 outsize=6517 kw=DIRECTIONAL pd=UNITY_ENABLE_REFLECTION_BUFFERS UNITY_USE_DITHER_MASK_FOR_ALPHABLENDED_SHADOWS UNITY_PBS_USE_BRDF1 UNITY_SPECCUBE_BOX_PROJECTION UNITY_SPECCUBE_BLENDING UNITY_ENABLE_DETAIL_NORMALMAP SHADER_API_DESKTOP UNITY_COLORSPACE_GAMMA UNITY_LIGHTMAP_RGBM_ENCODING ok=1
Cmd: compileSnippet
  api=9 type=0 insize=1330 outsize=8562 kw=SPOT _ALPHABLEND_ON pd=UNITY_ENABLE_REFLECTION_BUFFERS UNITY_USE_DITHER_MASK_FOR_ALPHABLENDED_SHADOWS UNITY_PBS_USE_BRDF1 UNITY_SPECCUBE_BOX_PROJECTION UNITY_SPECCUBE_BLENDING UNITY_ENABLE_DETAIL_NORMALMAP SHADER_API_DESKTOP UNITY_COLORSPACE_GAMMA UNITY_LIGHTMAP_RGBM_ENCODING ok=1
Cmd: compileSnippet
  api=5 type=0 insize=1330 outsize=7669 kw=SPOT _SMOOTHNESS_TEXTURE_ALBEDO_CHANNEL_A pd=UNITY_ENABLE_REFLECTION_BUFFERS UNITY_USE_DITHER_MASK_FOR_ALPHABLENDED_SHADOWS UNITY_PBS_USE_BRDF1 UNITY_SPECCUBE_BOX_PROJECTION UNITY_SPECCUBE_BLENDING UNITY_ENABLE_DETAIL_NORMALMAP SHADER_API_DESKTOP UNITY_COLORSPACE_GAMMA UNITY_LIGHTMAP_RGBM_ENCODING ok=1
Cmd: compileSnippet
  api=9 type=0 insize=1330 outsize=8645 kw=SPOT pd=UNITY_ENABLE_REFLECTION_BUFFERS UNITY_USE_DITHER_MASK_FOR_ALPHABLENDED_SHADOWS UNITY_PBS_USE_BRDF1 UNITY_SPECCUBE_BOX_PROJECTION UNITY_SPECCUBE_BLENDING UNITY_ENABLE_DETAIL_NORMALMAP SHADER_API_DESKTOP UNITY_COLORSPACE_GAMMA UNITY_LIGHTMAP_RGBM_ENCODING ok=1
Cmd: compileSnippet
  api=5 type=0 insize=1330 outsize=11019 kw=POINT_COOKIE _METALLICGLOSSMAP _PARALLAXMAP pd=UNITY_ENABLE_REFLECTION_BUFFERS UNITY_USE_DITHER_MASK_FOR_ALPHABLENDED_SHADOWS UNITY_PBS_USE_BRDF1 UNITY_SPECCUBE_BOX_PROJECTION UNITY_SPECCUBE_BLENDING UNITY_ENABLE_DETAIL_NORMALMAP SHADER_API_DESKTOP UNITY_COLORSPACE_GAMMA UNITY_LIGHTMAP_RGBM_ENCODING ok=1
Cmd: compileSnippet
  api=9 type=0 insize=1330 outsize=8402 kw=POINT_COOKIE _SMOOTHNESS_TEXTURE_ALBEDO_CHANNEL_A pd=UNITY_ENABLE_REFLECTION_BUFFERS UNITY_USE_DITHER_MASK_FOR_ALPHABLENDED_SHADOWS UNITY_PBS_USE_BRDF1 UNITY_SPECCUBE_BOX_PROJECTION UNITY_SPECCUBE_BLENDING UNITY_ENABLE_DETAIL_NORMALMAP SHADER_API_DESKTOP UNITY_COLORSPACE_GAMMA UNITY_LIGHTMAP_RGBM_ENCODING ok=1
Cmd: compileSnippet
  api=5 type=0 insize=1330 outsize=7050 kw=DIRECTIONAL_COOKIE _METALLICGLOSSMAP pd=UNITY_ENABLE_REFLECTION_BUFFERS UNITY_USE_DITHER_MASK_FOR_ALPHABLENDED_SHADOWS UNITY_PBS_USE_BRDF1 UNITY_SPECCUBE_BOX_PROJECTION UNITY_SPECCUBE_BLENDING UNITY_ENABLE_DETAIL_NORMALMAP SHADER_API_DESKTOP UNITY_COLORSPACE_GAMMA UNITY_LIGHTMAP_RGBM_ENCODING ok=1
Cmd: compileSnippet
  api=9 type=0 insize=1330 outsize=11047 kw=DIRECTIONAL_COOKIE _METALLICGLOSSMAP _PARALLAXMAP pd=UNITY_ENABLE_REFLECTION_BUFFERS UNITY_USE_DITHER_MASK_FOR_ALPHABLENDED_SHADOWS UNITY_PBS_USE_BRDF1 UNITY_SPECCUBE_BOX_PROJECTION UNITY_SPECCUBE_BLENDING UNITY_ENABLE_DETAIL_NORMALMAP SHADER_API_DESKTOP UNITY_COLORSPACE_GAMMA UNITY_LIGHTMAP_RGBM_ENCODING ok=1
Cmd: compileSnippet
  api=5 type=0 insize=1330 outsize=9347 kw=SPOT SHADOWS_DEPTH _ALPHABLEND_ON pd=UNITY_ENABLE_REFLECTION_BUFFERS UNITY_USE_DITHER_MASK_FOR_ALPHABLENDED_SHADOWS UNITY_PBS_USE_BRDF1 UNITY_SPECCUBE_BOX_PROJECTION UNITY_SPECCUBE_BLENDING UNITY_ENABLE_DETAIL_NORMALMAP SHADER_API_DESKTOP UNITY_COLORSPACE_GAMMA UNITY_LIGHTMAP_RGBM_ENCODING ok=1
Cmd: compileSnippet
  api=9 type=0 insize=1330 outsize=10785 kw=SPOT SHADOWS_DEPTH _METALLICGLOSSMAP pd=UNITY_ENABLE_REFLECTION_BUFFERS UNITY_USE_DITHER_MASK_FOR_ALPHABLENDED_SHADOWS UNITY_PBS_USE_BRDF1 UNITY_SPECCUBE_BOX_PROJECTION UNITY_SPECCUBE_BLENDING UNITY_ENABLE_DETAIL_NORMALMAP SHADER_API_DESKTOP UNITY_COLORSPACE_GAMMA UNITY_LIGHTMAP_RGBM_ENCODING ok=1
Cmd: compileSnippet
  api=5 type=0 insize=1330 outsize=9273 kw=SPOT SHADOWS_DEPTH pd=UNITY_ENABLE_REFLECTION_BUFFERS UNITY_USE_DITHER_MASK_FOR_ALPHABLENDED_SHADOWS UNITY_PBS_USE_BRDF1 UNITY_SPECCUBE_BOX_PROJECTION UNITY_SPECCUBE_BLENDING UNITY_ENABLE_DETAIL_NORMALMAP SHADER_API_DESKTOP UNITY_COLORSPACE_GAMMA UNITY_LIGHTMAP_RGBM_ENCODING ok=1
Cmd: compileSnippet
  api=9 type=0 insize=1330 outsize=11190 kw=SPOT SHADOWS_DEPTH SHADOWS_SOFT _ALPHABLEND_ON pd=UNITY_ENABLE_REFLECTION_BUFFERS UNITY_USE_DITHER_MASK_FOR_ALPHABLENDED_SHADOWS UNITY_PBS_USE_BRDF1 UNITY_SPECCUBE_BOX_PROJECTION UNITY_SPECCUBE_BLENDING UNITY_ENABLE_DETAIL_NORMALMAP SHADER_API_DESKTOP UNITY_COLORSPACE_GAMMA UNITY_LIGHTMAP_RGBM_ENCODING ok=1
Cmd: compileSnippet
  api=5 type=0 insize=1330 outsize=10376 kw=SPOT SHADOWS_DEPTH SHADOWS_SOFT _SMOOTHNESS_TEXTURE_ALBEDO_CHANNEL_A pd=UNITY_ENABLE_REFLECTION_BUFFERS UNITY_USE_DITHER_MASK_FOR_ALPHABLENDED_SHADOWS UNITY_PBS_USE_BRDF1 UNITY_SPECCUBE_BOX_PROJECTION UNITY_SPECCUBE_BLENDING UNITY_ENABLE_DETAIL_NORMALMAP SHADER_API_DESKTOP UNITY_COLORSPACE_GAMMA UNITY_LIGHTMAP_RGBM_ENCODING ok=1
Cmd: compileSnippet
  api=9 type=0 insize=1330 outsize=11273 kw=SPOT SHADOWS_DEPTH SHADOWS_SOFT pd=UNITY_ENABLE_REFLECTION_BUFFERS UNITY_USE_DITHER_MASK_FOR_ALPHABLENDED_SHADOWS UNITY_PBS_USE_BRDF1 UNITY_SPECCUBE_BOX_PROJECTION UNITY_SPECCUBE_BLENDING UNITY_ENABLE_DETAIL_NORMALMAP SHADER_API_DESKTOP UNITY_COLORSPACE_GAMMA UNITY_LIGHTMAP_RGBM_ENCODING ok=1
Cmd: compileSnippet
  api=5 type=0 insize=1330 outsize=11713 kw=DIRECTIONAL SHADOWS_SCREEN _METALLICGLOSSMAP _PARALLAXMAP pd=UNITY_ENABLE_REFLECTION_BUFFERS UNITY_USE_DITHER_MASK_FOR_ALPHABLENDED_SHADOWS UNITY_PBS_USE_BRDF1 UNITY_SPECCUBE_BOX_PROJECTION UNITY_SPECCUBE_BLENDING UNITY_ENABLE_DETAIL_NORMALMAP SHADER_API_DESKTOP UNITY_COLORSPACE_GAMMA UNITY_LIGHTMAP_RGBM_ENCODING ok=1
Cmd: compileSnippet
  api=9 type=0 insize=1330 outsize=9199 kw=DIRECTIONAL SHADOWS_SCREEN _SMOOTHNESS_TEXTURE_ALBEDO_CHANNEL_A pd=UNITY_ENABLE_REFLECTION_BUFFERS UNITY_USE_DITHER_MASK_FOR_ALPHABLENDED_SHADOWS UNITY_PBS_USE_BRDF1 UNITY_SPECCUBE_BOX_PROJECTION UNITY_SPECCUBE_BLENDING UNITY_ENABLE_DETAIL_NORMALMAP SHADER_API_DESKTOP UNITY_COLORSPACE_GAMMA UNITY_LIGHTMAP_RGBM_ENCODING ok=1
Cmd: compileSnippet
  api=5 type=0 insize=1330 outsize=8500 kw=DIRECTIONAL_COOKIE SHADOWS_SCREEN _METALLICGLOSSMAP pd=UNITY_ENABLE_REFLECTION_BUFFERS UNITY_USE_DITHER_MASK_FOR_ALPHABLENDED_SHADOWS UNITY_PBS_USE_BRDF1 UNITY_SPECCUBE_BOX_PROJECTION UNITY_SPECCUBE_BLENDING UNITY_ENABLE_DETAIL_NORMALMAP SHADER_API_DESKTOP UNITY_COLORSPACE_GAMMA UNITY_LIGHTMAP_RGBM_ENCODING ok=1
Cmd: compileSnippet
  api=9 type=0 insize=1330 outsize=12635 kw=DIRECTIONAL_COOKIE SHADOWS_SCREEN _METALLICGLOSSMAP _PARALLAXMAP pd=UNITY_ENABLE_REFLECTION_BUFFERS UNITY_USE_DITHER_MASK_FOR_ALPHABLENDED_SHADOWS UNITY_PBS_USE_BRDF1 UNITY_SPECCUBE_BOX_PROJECTION UNITY_SPECCUBE_BLENDING UNITY_ENABLE_DETAIL_NORMALMAP SHADER_API_DESKTOP UNITY_COLORSPACE_GAMMA UNITY_LIGHTMAP_RGBM_ENCODING ok=1
Cmd: compileSnippet
  api=9 type=0 insize=1330 outsize=10063 kw=POINT SHADOWS_CUBE _ALPHABLEND_ON pd=UNITY_ENABLE_REFLECTION_BUFFERS UNITY_USE_DITHER_MASK_FOR_ALPHABLENDED_SHADOWS UNITY_PBS_USE_BRDF1 UNITY_SPECCUBE_BOX_PROJECTION UNITY_SPECCUBE_BLENDING UNITY_ENABLE_DETAIL_NORMALMAP SHADER_API_DESKTOP UNITY_COLORSPACE_GAMMA UNITY_LIGHTMAP_RGBM_ENCODING ok=1
Cmd: compileSnippet
  api=5 type=0 insize=1330 outsize=9023 kw=POINT SHADOWS_CUBE _SMOOTHNESS_TEXTURE_ALBEDO_CHANNEL_A pd=UNITY_ENABLE_REFLECTION_BUFFERS UNITY_USE_DITHER_MASK_FOR_ALPHABLENDED_SHADOWS UNITY_PBS_USE_BRDF1 UNITY_SPECCUBE_BOX_PROJECTION UNITY_SPECCUBE_BLENDING UNITY_ENABLE_DETAIL_NORMALMAP SHADER_API_DESKTOP UNITY_COLORSPACE_GAMMA UNITY_LIGHTMAP_RGBM_ENCODING ok=1
Cmd: compileSnippet
  api=9 type=0 insize=1330 outsize=10146 kw=POINT SHADOWS_CUBE pd=UNITY_ENABLE_REFLECTION_BUFFERS UNITY_USE_DITHER_MASK_FOR_ALPHABLENDED_SHADOWS UNITY_PBS_USE_BRDF1 UNITY_SPECCUBE_BOX_PROJECTION UNITY_SPECCUBE_BLENDING UNITY_ENABLE_DETAIL_NORMALMAP SHADER_API_DESKTOP UNITY_COLORSPACE_GAMMA UNITY_LIGHTMAP_RGBM_ENCODING ok=1
Cmd: compileSnippet
  api=5 type=0 insize=1330 outsize=14728 kw=POINT SHADOWS_CUBE SHADOWS_SOFT _METALLICGLOSSMAP _PARALLAXMAP pd=UNITY_ENABLE_REFLECTION_BUFFERS UNITY_USE_DITHER_MASK_FOR_ALPHABLENDED_SHADOWS UNITY_PBS_USE_BRDF1 UNITY_SPECCUBE_BOX_PROJECTION UNITY_SPECCUBE_BLENDING UNITY_ENABLE_DETAIL_NORMALMAP SHADER_API_DESKTOP UNITY_COLORSPACE_GAMMA UNITY_LIGHTMAP_RGBM_ENCODING ok=1
Cmd: compileSnippet
  api=9 type=0 insize=1330 outsize=11171 kw=POINT SHADOWS_CUBE SHADOWS_SOFT _SMOOTHNESS_TEXTURE_ALBEDO_CHANNEL_A pd=UNITY_ENABLE_REFLECTION_BUFFERS UNITY_USE_DITHER_MASK_FOR_ALPHABLENDED_SHADOWS UNITY_PBS_USE_BRDF1 UNITY_SPECCUBE_BOX_PROJECTION UNITY_SPECCUBE_BLENDING UNITY_ENABLE_DETAIL_NORMALMAP SHADER_API_DESKTOP UNITY_COLORSPACE_GAMMA UNITY_LIGHTMAP_RGBM_ENCODING ok=1
Cmd: compileSnippet
  api=5 type=0 insize=1330 outsize=9192 kw=POINT_COOKIE SHADOWS_CUBE _METALLICGLOSSMAP pd=UNITY_ENABLE_REFLECTION_BUFFERS UNITY_USE_DITHER_MASK_FOR_ALPHABLENDED_SHADOWS UNITY_PBS_USE_BRDF1 UNITY_SPECCUBE_BOX_PROJECTION UNITY_SPECCUBE_BLENDING UNITY_ENABLE_DETAIL_NORMALMAP SHADER_API_DESKTOP UNITY_COLORSPACE_GAMMA UNITY_LIGHTMAP_RGBM_ENCODING ok=1
Cmd: compileSnippet
  api=9 type=0 insize=1330 outsize=13120 kw=POINT_COOKIE SHADOWS_CUBE _METALLICGLOSSMAP _PARALLAXMAP pd=UNITY_ENABLE_REFLECTION_BUFFERS UNITY_USE_DITHER_MASK_FOR_ALPHABLENDED_SHADOWS UNITY_PBS_USE_BRDF1 UNITY_SPECCUBE_BOX_PROJECTION UNITY_SPECCUBE_BLENDING UNITY_ENABLE_DETAIL_NORMALMAP SHADER_API_DESKTOP UNITY_COLORSPACE_GAMMA UNITY_LIGHTMAP_RGBM_ENCODING ok=1
Cmd: compileSnippet
  api=5 type=0 insize=1330 outsize=11256 kw=POINT_COOKIE SHADOWS_CUBE SHADOWS_SOFT _ALPHABLEND_ON pd=UNITY_ENABLE_REFLECTION_BUFFERS UNITY_USE_DITHER_MASK_FOR_ALPHABLENDED_SHADOWS UNITY_PBS_USE_BRDF1 UNITY_SPECCUBE_BOX_PROJECTION UNITY_SPECCUBE_BLENDING UNITY_ENABLE_DETAIL_NORMALMAP SHADER_API_DESKTOP UNITY_COLORSPACE_GAMMA UNITY_LIGHTMAP_RGBM_ENCODING ok=1
Cmd: compileSnippet
  api=9 type=0 insize=1330 outsize=11436 kw=POINT_COOKIE SHADOWS_CUBE SHADOWS_SOFT _METALLICGLOSSMAP pd=UNITY_ENABLE_REFLECTION_BUFFERS UNITY_USE_DITHER_MASK_FOR_ALPHABLENDED_SHADOWS UNITY_PBS_USE_BRDF1 UNITY_SPECCUBE_BOX_PROJECTION UNITY_SPECCUBE_BLENDING UNITY_ENABLE_DETAIL_NORMALMAP SHADER_API_DESKTOP UNITY_COLORSPACE_GAMMA UNITY_LIGHTMAP_RGBM_ENCODING ok=1
Cmd: compileSnippet
  api=5 type=0 insize=1330 outsize=11182 kw=POINT_COOKIE SHADOWS_CUBE SHADOWS_SOFT pd=UNITY_ENABLE_REFLECTION_BUFFERS UNITY_USE_DITHER_MASK_FOR_ALPHABLENDED_SHADOWS UNITY_PBS_USE_BRDF1 UNITY_SPECCUBE_BOX_PROJECTION UNITY_SPECCUBE_BLENDING UNITY_ENABLE_DETAIL_NORMALMAP SHADER_API_DESKTOP UNITY_COLORSPACE_GAMMA UNITY_LIGHTMAP_RGBM_ENCODING ok=1
Cmd: compileSnippet
  api=9 type=0 insize=1330 outsize=8208 kw=POINT _ALPHABLEND_ON pd=UNITY_ENABLE_REFLECTION_BUFFERS UNITY_USE_DITHER_MASK_FOR_ALPHABLENDED_SHADOWS UNITY_PBS_USE_BRDF1 UNITY_SPECCUBE_BOX_PROJECTION UNITY_SPECCUBE_BLENDING UNITY_ENABLE_DETAIL_NORMALMAP SHADER_API_DESKTOP UNITY_COLORSPACE_GAMMA UNITY_LIGHTMAP_RGBM_ENCODING ok=1
Cmd: compileSnippet
  api=5 type=0 insize=1330 outsize=7308 kw=POINT _SMOOTHNESS_TEXTURE_ALBEDO_CHANNEL_A pd=UNITY_ENABLE_REFLECTION_BUFFERS UNITY_USE_DITHER_MASK_FOR_ALPHABLENDED_SHADOWS UNITY_PBS_USE_BRDF1 UNITY_SPECCUBE_BOX_PROJECTION UNITY_SPECCUBE_BLENDING UNITY_ENABLE_DETAIL_NORMALMAP SHADER_API_DESKTOP UNITY_COLORSPACE_GAMMA UNITY_LIGHTMAP_RGBM_ENCODING ok=1
Cmd: compileSnippet
  api=5 type=1 insize=1330 outsize=0 kw=DIRECTIONAL _ALPHABLEND_ON pd=UNITY_ENABLE_REFLECTION_BUFFERS UNITY_USE_DITHER_MASK_FOR_ALPHABLENDED_SHADOWS UNITY_PBS_USE_BRDF1 UNITY_SPECCUBE_BOX_PROJECTION UNITY_SPECCUBE_BLENDING UNITY_ENABLE_DETAIL_NORMALMAP SHADER_API_DESKTOP UNITY_COLORSPACE_GAMMA UNITY_LIGHTMAP_RGBM_ENCODING ok=1
Cmd: compileSnippet
  api=9 type=1 insize=1330 outsize=0 kw=DIRECTIONAL _METALLICGLOSSMAP _PARALLAXMAP pd=UNITY_ENABLE_REFLECTION_BUFFERS UNITY_USE_DITHER_MASK_FOR_ALPHABLENDED_SHADOWS UNITY_PBS_USE_BRDF1 UNITY_SPECCUBE_BOX_PROJECTION UNITY_SPECCUBE_BLENDING UNITY_ENABLE_DETAIL_NORMALMAP SHADER_API_DESKTOP UNITY_COLORSPACE_GAMMA UNITY_LIGHTMAP_RGBM_ENCODING ok=1
Cmd: compileSnippet
  api=5 type=1 insize=1330 outsize=0 kw=DIRECTIONAL pd=UNITY_ENABLE_REFLECTION_BUFFERS UNITY_USE_DITHER_MASK_FOR_ALPHABLENDED_SHADOWS UNITY_PBS_USE_BRDF1 UNITY_SPECCUBE_BOX_PROJECTION UNITY_SPECCUBE_BLENDING UNITY_ENABLE_DETAIL_NORMALMAP SHADER_API_DESKTOP UNITY_COLORSPACE_GAMMA UNITY_LIGHTMAP_RGBM_ENCODING ok=1
Cmd: compileSnippet
  api=5 type=1 insize=1330 outsize=0 kw=SPOT _ALPHABLEND_ON pd=UNITY_ENABLE_REFLECTION_BUFFERS UNITY_USE_DITHER_MASK_FOR_ALPHABLENDED_SHADOWS UNITY_PBS_USE_BRDF1 UNITY_SPECCUBE_BOX_PROJECTION UNITY_SPECCUBE_BLENDING UNITY_ENABLE_DETAIL_NORMALMAP SHADER_API_DESKTOP UNITY_COLORSPACE_GAMMA UNITY_LIGHTMAP_RGBM_ENCODING ok=1
Cmd: compileSnippet
  api=5 type=1 insize=1330 outsize=0 kw=SPOT _METALLICGLOSSMAP _PARALLAXMAP pd=UNITY_ENABLE_REFLECTION_BUFFERS UNITY_USE_DITHER_MASK_FOR_ALPHABLENDED_SHADOWS UNITY_PBS_USE_BRDF1 UNITY_SPECCUBE_BOX_PROJECTION UNITY_SPECCUBE_BLENDING UNITY_ENABLE_DETAIL_NORMALMAP SHADER_API_DESKTOP UNITY_COLORSPACE_GAMMA UNITY_LIGHTMAP_RGBM_ENCODING ok=1
Cmd: compileSnippet
  api=9 type=1 insize=1330 outsize=0 kw=SPOT pd=UNITY_ENABLE_REFLECTION_BUFFERS UNITY_USE_DITHER_MASK_FOR_ALPHABLENDED_SHADOWS UNITY_PBS_USE_BRDF1 UNITY_SPECCUBE_BOX_PROJECTION UNITY_SPECCUBE_BLENDING UNITY_ENABLE_DETAIL_NORMALMAP SHADER_API_DESKTOP UNITY_COLORSPACE_GAMMA UNITY_LIGHTMAP_RGBM_ENCODING ok=1
Cmd: compileSnippet
  api=9 type=1 insize=1330 outsize=0 kw=POINT_COOKIE _METALLICGLOSSMAP pd=UNITY_ENABLE_REFLECTION_BUFFERS UNITY_USE_DITHER_MASK_FOR_ALPHABLENDED_SHADOWS UNITY_PBS_USE_BRDF1 UNITY_SPECCUBE_BOX_PROJECTION UNITY_SPECCUBE_BLENDING UNITY_ENABLE_DETAIL_NORMALMAP SHADER_API_DESKTOP UNITY_COLORSPACE_GAMMA UNITY_LIGHTMAP_RGBM_ENCODING ok=1
Cmd: compileSnippet
  api=9 type=1 insize=1330 outsize=0 kw=POINT_COOKIE _SMOOTHNESS_TEXTURE_ALBEDO_CHANNEL_A pd=UNITY_ENABLE_REFLECTION_BUFFERS UNITY_USE_DITHER_MASK_FOR_ALPHABLENDED_SHADOWS UNITY_PBS_USE_BRDF1 UNITY_SPECCUBE_BOX_PROJECTION UNITY_SPECCUBE_BLENDING UNITY_ENABLE_DETAIL_NORMALMAP SHADER_API_DESKTOP UNITY_COLORSPACE_GAMMA UNITY_LIGHTMAP_RGBM_ENCODING ok=1
Cmd: compileSnippet
  api=5 type=1 insize=1330 outsize=0 kw=DIRECTIONAL_COOKIE _ALPHABLEND_ON pd=UNITY_ENABLE_REFLECTION_BUFFERS UNITY_USE_DITHER_MASK_FOR_ALPHABLENDED_SHADOWS UNITY_PBS_USE_BRDF1 UNITY_SPECCUBE_BOX_PROJECTION UNITY_SPECCUBE_BLENDING UNITY_ENABLE_DETAIL_NORMALMAP SHADER_API_DESKTOP UNITY_COLORSPACE_GAMMA UNITY_LIGHTMAP_RGBM_ENCODING ok=1
Cmd: compileSnippet
  api=5 type=1 insize=1330 outsize=0 kw=DIRECTIONAL_COOKIE _METALLICGLOSSMAP _PARALLAXMAP pd=UNITY_ENABLE_REFLECTION_BUFFERS UNITY_USE_DITHER_MASK_FOR_ALPHABLENDED_SHADOWS UNITY_PBS_USE_BRDF1 UNITY_SPECCUBE_BOX_PROJECTION UNITY_SPECCUBE_BLENDING UNITY_ENABLE_DETAIL_NORMALMAP SHADER_API_DESKTOP UNITY_COLORSPACE_GAMMA UNITY_LIGHTMAP_RGBM_ENCODING ok=1
Cmd: compileSnippet
  api=5 type=1 insize=1330 outsize=0 kw=DIRECTIONAL_COOKIE pd=UNITY_ENABLE_REFLECTION_BUFFERS UNITY_USE_DITHER_MASK_FOR_ALPHABLENDED_SHADOWS UNITY_PBS_USE_BRDF1 UNITY_SPECCUBE_BOX_PROJECTION UNITY_SPECCUBE_BLENDING UNITY_ENABLE_DETAIL_NORMALMAP SHADER_API_DESKTOP UNITY_COLORSPACE_GAMMA UNITY_LIGHTMAP_RGBM_ENCODING ok=1
Cmd: compileSnippet
  api=5 type=1 insize=1330 outsize=0 kw=SPOT SHADOWS_DEPTH _METALLICGLOSSMAP pd=UNITY_ENABLE_REFLECTION_BUFFERS UNITY_USE_DITHER_MASK_FOR_ALPHABLENDED_SHADOWS UNITY_PBS_USE_BRDF1 UNITY_SPECCUBE_BOX_PROJECTION UNITY_SPECCUBE_BLENDING UNITY_ENABLE_DETAIL_NORMALMAP SHADER_API_DESKTOP UNITY_COLORSPACE_GAMMA UNITY_LIGHTMAP_RGBM_ENCODING ok=1
Cmd: compileSnippet
  api=5 type=1 insize=1330 outsize=0 kw=SPOT SHADOWS_DEPTH _SMOOTHNESS_TEXTURE_ALBEDO_CHANNEL_A pd=UNITY_ENABLE_REFLECTION_BUFFERS UNITY_USE_DITHER_MASK_FOR_ALPHABLENDED_SHADOWS UNITY_PBS_USE_BRDF1 UNITY_SPECCUBE_BOX_PROJECTION UNITY_SPECCUBE_BLENDING UNITY_ENABLE_DETAIL_NORMALMAP SHADER_API_DESKTOP UNITY_COLORSPACE_GAMMA UNITY_LIGHTMAP_RGBM_ENCODING ok=1
Cmd: compileSnippet
  api=5 type=1 insize=1330 outsize=0 kw=SPOT SHADOWS_DEPTH SHADOWS_SOFT _ALPHABLEND_ON pd=UNITY_ENABLE_REFLECTION_BUFFERS UNITY_USE_DITHER_MASK_FOR_ALPHABLENDED_SHADOWS UNITY_PBS_USE_BRDF1 UNITY_SPECCUBE_BOX_PROJECTION UNITY_SPECCUBE_BLENDING UNITY_ENABLE_DETAIL_NORMALMAP SHADER_API_DESKTOP UNITY_COLORSPACE_GAMMA UNITY_LIGHTMAP_RGBM_ENCODING ok=1
Cmd: compileSnippet
  api=9 type=1 insize=1330 outsize=0 kw=SPOT SHADOWS_DEPTH SHADOWS_SOFT _SMOOTHNESS_TEXTURE_ALBEDO_CHANNEL_A pd=UNITY_ENABLE_REFLECTION_BUFFERS UNITY_USE_DITHER_MASK_FOR_ALPHABLENDED_SHADOWS UNITY_PBS_USE_BRDF1 UNITY_SPECCUBE_BOX_PROJECTION UNITY_SPECCUBE_BLENDING UNITY_ENABLE_DETAIL_NORMALMAP SHADER_API_DESKTOP UNITY_COLORSPACE_GAMMA UNITY_LIGHTMAP_RGBM_ENCODING ok=1
Cmd: compileSnippet
  api=9 type=1 insize=1330 outsize=0 kw=DIRECTIONAL SHADOWS_SCREEN _ALPHABLEND_ON pd=UNITY_ENABLE_REFLECTION_BUFFERS UNITY_USE_DITHER_MASK_FOR_ALPHABLENDED_SHADOWS UNITY_PBS_USE_BRDF1 UNITY_SPECCUBE_BOX_PROJECTION UNITY_SPECCUBE_BLENDING UNITY_ENABLE_DETAIL_NORMALMAP SHADER_API_DESKTOP UNITY_COLORSPACE_GAMMA UNITY_LIGHTMAP_RGBM_ENCODING ok=1
Cmd: compileSnippet
  api=9 type=1 insize=1330 outsize=0 kw=DIRECTIONAL SHADOWS_SCREEN _METALLICGLOSSMAP pd=UNITY_ENABLE_REFLECTION_BUFFERS UNITY_USE_DITHER_MASK_FOR_ALPHABLENDED_SHADOWS UNITY_PBS_USE_BRDF1 UNITY_SPECCUBE_BOX_PROJECTION UNITY_SPECCUBE_BLENDING UNITY_ENABLE_DETAIL_NORMALMAP SHADER_API_DESKTOP UNITY_COLORSPACE_GAMMA UNITY_LIGHTMAP_RGBM_ENCODING ok=1
Cmd: compileSnippet
  api=9 type=1 insize=1330 outsize=0 kw=DIRECTIONAL SHADOWS_SCREEN _SMOOTHNESS_TEXTURE_ALBEDO_CHANNEL_A pd=UNITY_ENABLE_REFLECTION_BUFFERS UNITY_USE_DITHER_MASK_FOR_ALPHABLENDED_SHADOWS UNITY_PBS_USE_BRDF1 UNITY_SPECCUBE_BOX_PROJECTION UNITY_SPECCUBE_BLENDING UNITY_ENABLE_DETAIL_NORMALMAP SHADER_API_DESKTOP UNITY_COLORSPACE_GAMMA UNITY_LIGHTMAP_RGBM_ENCODING ok=1
Cmd: compileSnippet
  api=9 type=1 insize=1330 outsize=0 kw=DIRECTIONAL_COOKIE SHADOWS_SCREEN _ALPHABLEND_ON pd=UNITY_ENABLE_REFLECTION_BUFFERS UNITY_USE_DITHER_MASK_FOR_ALPHABLENDED_SHADOWS UNITY_PBS_USE_BRDF1 UNITY_SPECCUBE_BOX_PROJECTION UNITY_SPECCUBE_BLENDING UNITY_ENABLE_DETAIL_NORMALMAP SHADER_API_DESKTOP UNITY_COLORSPACE_GAMMA UNITY_LIGHTMAP_RGBM_ENCODING ok=1
Cmd: compileSnippet
  api=5 type=1 insize=1330 outsize=0 kw=DIRECTIONAL_COOKIE SHADOWS_SCREEN _METALLICGLOSSMAP _PARALLAXMAP pd=UNITY_ENABLE_REFLECTION_BUFFERS UNITY_USE_DITHER_MASK_FOR_ALPHABLENDED_SHADOWS UNITY_PBS_USE_BRDF1 UNITY_SPECCUBE_BOX_PROJECTION UNITY_SPECCUBE_BLENDING UNITY_ENABLE_DETAIL_NORMALMAP SHADER_API_DESKTOP UNITY_COLORSPACE_GAMMA UNITY_LIGHTMAP_RGBM_ENCODING ok=1
Cmd: compileSnippet
  api=5 type=1 insize=1330 outsize=0 kw=DIRECTIONAL_COOKIE SHADOWS_SCREEN pd=UNITY_ENABLE_REFLECTION_BUFFERS UNITY_USE_DITHER_MASK_FOR_ALPHABLENDED_SHADOWS UNITY_PBS_USE_BRDF1 UNITY_SPECCUBE_BOX_PROJECTION UNITY_SPECCUBE_BLENDING UNITY_ENABLE_DETAIL_NORMALMAP SHADER_API_DESKTOP UNITY_COLORSPACE_GAMMA UNITY_LIGHTMAP_RGBM_ENCODING ok=1
Cmd: compileSnippet
  api=9 type=1 insize=1330 outsize=0 kw=POINT SHADOWS_CUBE _METALLICGLOSSMAP pd=UNITY_ENABLE_REFLECTION_BUFFERS UNITY_USE_DITHER_MASK_FOR_ALPHABLENDED_SHADOWS UNITY_PBS_USE_BRDF1 UNITY_SPECCUBE_BOX_PROJECTION UNITY_SPECCUBE_BLENDING UNITY_ENABLE_DETAIL_NORMALMAP SHADER_API_DESKTOP UNITY_COLORSPACE_GAMMA UNITY_LIGHTMAP_RGBM_ENCODING ok=1
Cmd: compileSnippet
  api=9 type=1 insize=1330 outsize=0 kw=POINT SHADOWS_CUBE _SMOOTHNESS_TEXTURE_ALBEDO_CHANNEL_A pd=UNITY_ENABLE_REFLECTION_BUFFERS UNITY_USE_DITHER_MASK_FOR_ALPHABLENDED_SHADOWS UNITY_PBS_USE_BRDF1 UNITY_SPECCUBE_BOX_PROJECTION UNITY_SPECCUBE_BLENDING UNITY_ENABLE_DETAIL_NORMALMAP SHADER_API_DESKTOP UNITY_COLORSPACE_GAMMA UNITY_LIGHTMAP_RGBM_ENCODING ok=1
Cmd: compileSnippet
  api=5 type=1 insize=1330 outsize=0 kw=POINT SHADOWS_CUBE SHADOWS_SOFT _ALPHABLEND_ON pd=UNITY_ENABLE_REFLECTION_BUFFERS UNITY_USE_DITHER_MASK_FOR_ALPHABLENDED_SHADOWS UNITY_PBS_USE_BRDF1 UNITY_SPECCUBE_BOX_PROJECTION UNITY_SPECCUBE_BLENDING UNITY_ENABLE_DETAIL_NORMALMAP SHADER_API_DESKTOP UNITY_COLORSPACE_GAMMA UNITY_LIGHTMAP_RGBM_ENCODING ok=1
Cmd: compileSnippet
  api=5 type=1 insize=1330 outsize=0 kw=POINT SHADOWS_CUBE SHADOWS_SOFT _METALLICGLOSSMAP _PARALLAXMAP pd=UNITY_ENABLE_REFLECTION_BUFFERS UNITY_USE_DITHER_MASK_FOR_ALPHABLENDED_SHADOWS UNITY_PBS_USE_BRDF1 UNITY_SPECCUBE_BOX_PROJECTION UNITY_SPECCUBE_BLENDING UNITY_ENABLE_DETAIL_NORMALMAP SHADER_API_DESKTOP UNITY_COLORSPACE_GAMMA UNITY_LIGHTMAP_RGBM_ENCODING ok=1
Cmd: compileSnippet
  api=5 type=1 insize=1330 outsize=0 kw=POINT SHADOWS_CUBE SHADOWS_SOFT pd=UNITY_ENABLE_REFLECTION_BUFFERS UNITY_USE_DITHER_MASK_FOR_ALPHABLENDED_SHADOWS UNITY_PBS_USE_BRDF1 UNITY_SPECCUBE_BOX_PROJECTION UNITY_SPECCUBE_BLENDING UNITY_ENABLE_DETAIL_NORMALMAP SHADER_API_DESKTOP UNITY_COLORSPACE_GAMMA UNITY_LIGHTMAP_RGBM_ENCODING ok=1
Cmd: compileSnippet
  api=5 type=1 insize=1330 outsize=0 kw=POINT_COOKIE SHADOWS_CUBE _METALLICGLOSSMAP pd=UNITY_ENABLE_REFLECTION_BUFFERS UNITY_USE_DITHER_MASK_FOR_ALPHABLENDED_SHADOWS UNITY_PBS_USE_BRDF1 UNITY_SPECCUBE_BOX_PROJECTION UNITY_SPECCUBE_BLENDING UNITY_ENABLE_DETAIL_NORMALMAP SHADER_API_DESKTOP UNITY_COLORSPACE_GAMMA UNITY_LIGHTMAP_RGBM_ENCODING ok=1
Cmd: compileSnippet
  api=5 type=1 insize=1330 outsize=0 kw=POINT_COOKIE SHADOWS_CUBE _SMOOTHNESS_TEXTURE_ALBEDO_CHANNEL_A pd=UNITY_ENABLE_REFLECTION_BUFFERS UNITY_USE_DITHER_MASK_FOR_ALPHABLENDED_SHADOWS UNITY_PBS_USE_BRDF1 UNITY_SPECCUBE_BOX_PROJECTION UNITY_SPECCUBE_BLENDING UNITY_ENABLE_DETAIL_NORMALMAP SHADER_API_DESKTOP UNITY_COLORSPACE_GAMMA UNITY_LIGHTMAP_RGBM_ENCODING ok=1
Cmd: compileSnippet
  api=9 type=1 insize=1330 outsize=0 kw=POINT_COOKIE SHADOWS_CUBE SHADOWS_SOFT _ALPHABLEND_ON pd=UNITY_ENABLE_REFLECTION_BUFFERS UNITY_USE_DITHER_MASK_FOR_ALPHABLENDED_SHADOWS UNITY_PBS_USE_BRDF1 UNITY_SPECCUBE_BOX_PROJECTION UNITY_SPECCUBE_BLENDING UNITY_ENABLE_DETAIL_NORMALMAP SHADER_API_DESKTOP UNITY_COLORSPACE_GAMMA UNITY_LIGHTMAP_RGBM_ENCODING ok=1
Cmd: compileSnippet
  api=5 type=1 insize=1330 outsize=0 kw=POINT_COOKIE SHADOWS_CUBE SHADOWS_SOFT _METALLICGLOSSMAP _PARALLAXMAP pd=UNITY_ENABLE_REFLECTION_BUFFERS UNITY_USE_DITHER_MASK_FOR_ALPHABLENDED_SHADOWS UNITY_PBS_USE_BRDF1 UNITY_SPECCUBE_BOX_PROJECTION UNITY_SPECCUBE_BLENDING UNITY_ENABLE_DETAIL_NORMALMAP SHADER_API_DESKTOP UNITY_COLORSPACE_GAMMA UNITY_LIGHTMAP_RGBM_ENCODING ok=1
Cmd: compileSnippet
  api=9 type=1 insize=1330 outsize=0 kw=POINT_COOKIE SHADOWS_CUBE SHADOWS_SOFT pd=UNITY_ENABLE_REFLECTION_BUFFERS UNITY_USE_DITHER_MASK_FOR_ALPHABLENDED_SHADOWS UNITY_PBS_USE_BRDF1 UNITY_SPECCUBE_BOX_PROJECTION UNITY_SPECCUBE_BLENDING UNITY_ENABLE_DETAIL_NORMALMAP SHADER_API_DESKTOP UNITY_COLORSPACE_GAMMA UNITY_LIGHTMAP_RGBM_ENCODING ok=1
Cmd: compileSnippet
  api=9 type=1 insize=1330 outsize=0 kw=POINT _METALLICGLOSSMAP _PARALLAXMAP pd=UNITY_ENABLE_REFLECTION_BUFFERS UNITY_USE_DITHER_MASK_FOR_ALPHABLENDED_SHADOWS UNITY_PBS_USE_BRDF1 UNITY_SPECCUBE_BOX_PROJECTION UNITY_SPECCUBE_BLENDING UNITY_ENABLE_DETAIL_NORMALMAP SHADER_API_DESKTOP UNITY_COLORSPACE_GAMMA UNITY_LIGHTMAP_RGBM_ENCODING ok=1
Cmd: compileSnippet
  api=9 type=1 insize=1330 outsize=0 kw=POINT _SMOOTHNESS_TEXTURE_ALBEDO_CHANNEL_A pd=UNITY_ENABLE_REFLECTION_BUFFERS UNITY_USE_DITHER_MASK_FOR_ALPHABLENDED_SHADOWS UNITY_PBS_USE_BRDF1 UNITY_SPECCUBE_BOX_PROJECTION UNITY_SPECCUBE_BLENDING UNITY_ENABLE_DETAIL_NORMALMAP SHADER_API_DESKTOP UNITY_COLORSPACE_GAMMA UNITY_LIGHTMAP_RGBM_ENCODING ok=1
Cmd: compileSnippet
  api=5 type=0 insize=1110 outsize=1455 kw=SHADOWS_CUBE _ALPHABLEND_ON pd=UNITY_ENABLE_REFLECTION_BUFFERS UNITY_USE_DITHER_MASK_FOR_ALPHABLENDED_SHADOWS UNITY_PBS_USE_BRDF1 UNITY_SPECCUBE_BOX_PROJECTION UNITY_SPECCUBE_BLENDING UNITY_ENABLE_DETAIL_NORMALMAP SHADER_API_DESKTOP UNITY_COLORSPACE_GAMMA UNITY_LIGHTMAP_RGBM_ENCODING ok=1
Cmd: compileSnippet
  api=9 type=0 insize=1110 outsize=2000 kw=SHADOWS_CUBE _METALLICGLOSSMAP pd=UNITY_ENABLE_REFLECTION_BUFFERS UNITY_USE_DITHER_MASK_FOR_ALPHABLENDED_SHADOWS UNITY_PBS_USE_BRDF1 UNITY_SPECCUBE_BOX_PROJECTION UNITY_SPECCUBE_BLENDING UNITY_ENABLE_DETAIL_NORMALMAP SHADER_API_DESKTOP UNITY_COLORSPACE_GAMMA UNITY_LIGHTMAP_RGBM_ENCODING ok=1
Cmd: compileSnippet
  api=5 type=0 insize=1110 outsize=1881 kw=SHADOWS_DEPTH _ALPHABLEND_ON pd=UNITY_ENABLE_REFLECTION_BUFFERS UNITY_USE_DITHER_MASK_FOR_ALPHABLENDED_SHADOWS UNITY_PBS_USE_BRDF1 UNITY_SPECCUBE_BOX_PROJECTION UNITY_SPECCUBE_BLENDING UNITY_ENABLE_DETAIL_NORMALMAP SHADER_API_DESKTOP UNITY_COLORSPACE_GAMMA UNITY_LIGHTMAP_RGBM_ENCODING ok=1
Cmd: compileSnippet
  api=9 type=0 insize=1110 outsize=2606 kw=SHADOWS_DEPTH _METALLICGLOSSMAP pd=UNITY_ENABLE_REFLECTION_BUFFERS UNITY_USE_DITHER_MASK_FOR_ALPHABLENDED_SHADOWS UNITY_PBS_USE_BRDF1 UNITY_SPECCUBE_BOX_PROJECTION UNITY_SPECCUBE_BLENDING UNITY_ENABLE_DETAIL_NORMALMAP SHADER_API_DESKTOP UNITY_COLORSPACE_GAMMA UNITY_LIGHTMAP_RGBM_ENCODING ok=1
Cmd: compileSnippet
  api=9 type=1 insize=1110 outsize=0 kw=SHADOWS_CUBE _ALPHABLEND_ON pd=UNITY_ENABLE_REFLECTION_BUFFERS UNITY_USE_DITHER_MASK_FOR_ALPHABLENDED_SHADOWS UNITY_PBS_USE_BRDF1 UNITY_SPECCUBE_BOX_PROJECTION UNITY_SPECCUBE_BLENDING UNITY_ENABLE_DETAIL_NORMALMAP SHADER_API_DESKTOP UNITY_COLORSPACE_GAMMA UNITY_LIGHTMAP_RGBM_ENCODING ok=1
Cmd: compileSnippet
  api=9 type=1 insize=1110 outsize=0 kw=SHADOWS_CUBE _METALLICGLOSSMAP pd=UNITY_ENABLE_REFLECTION_BUFFERS UNITY_USE_DITHER_MASK_FOR_ALPHABLENDED_SHADOWS UNITY_PBS_USE_BRDF1 UNITY_SPECCUBE_BOX_PROJECTION UNITY_SPECCUBE_BLENDING UNITY_ENABLE_DETAIL_NORMALMAP SHADER_API_DESKTOP UNITY_COLORSPACE_GAMMA UNITY_LIGHTMAP_RGBM_ENCODING ok=1
Cmd: compileSnippet
  api=5 type=1 insize=1110 outsize=0 kw=SHADOWS_DEPTH _ALPHABLEND_ON pd=UNITY_ENABLE_REFLECTION_BUFFERS UNITY_USE_DITHER_MASK_FOR_ALPHABLENDED_SHADOWS UNITY_PBS_USE_BRDF1 UNITY_SPECCUBE_BOX_PROJECTION UNITY_SPECCUBE_BLENDING UNITY_ENABLE_DETAIL_NORMALMAP SHADER_API_DESKTOP UNITY_COLORSPACE_GAMMA UNITY_LIGHTMAP_RGBM_ENCODING ok=1
Cmd: compileSnippet
  api=5 type=1 insize=1110 outsize=0 kw=SHADOWS_DEPTH _METALLICGLOSSMAP _PARALLAXMAP pd=UNITY_ENABLE_REFLECTION_BUFFERS UNITY_USE_DITHER_MASK_FOR_ALPHABLENDED_SHADOWS UNITY_PBS_USE_BRDF1 UNITY_SPECCUBE_BOX_PROJECTION UNITY_SPECCUBE_BLENDING UNITY_ENABLE_DETAIL_NORMALMAP SHADER_API_DESKTOP UNITY_COLORSPACE_GAMMA UNITY_LIGHTMAP_RGBM_ENCODING ok=1
Cmd: compileSnippet
  api=5 type=0 insize=1424 outsize=5460 kw=LIGHTPROBE_SH _EMISSION pd=UNITY_ENABLE_REFLECTION_BUFFERS UNITY_USE_DITHER_MASK_FOR_ALPHABLENDED_SHADOWS UNITY_PBS_USE_BRDF1 UNITY_SPECCUBE_BOX_PROJECTION UNITY_SPECCUBE_BLENDING UNITY_ENABLE_DETAIL_NORMALMAP SHADER_API_DESKTOP UNITY_COLORSPACE_GAMMA UNITY_LIGHTMAP_RGBM_ENCODING ok=1
Cmd: compileSnippet
  api=9 type=0 insize=1424 outsize=5879 kw=LIGHTPROBE_SH _ALPHABLEND_ON pd=UNITY_ENABLE_REFLECTION_BUFFERS UNITY_USE_DITHER_MASK_FOR_ALPHABLENDED_SHADOWS UNITY_PBS_USE_BRDF1 UNITY_SPECCUBE_BOX_PROJECTION UNITY_SPECCUBE_BLENDING UNITY_ENABLE_DETAIL_NORMALMAP SHADER_API_DESKTOP UNITY_COLORSPACE_GAMMA UNITY_LIGHTMAP_RGBM_ENCODING ok=1
Cmd: compileSnippet
  api=5 type=0 insize=1424 outsize=5559 kw=LIGHTPROBE_SH _EMISSION _METALLICGLOSSMAP pd=UNITY_ENABLE_REFLECTION_BUFFERS UNITY_USE_DITHER_MASK_FOR_ALPHABLENDED_SHADOWS UNITY_PBS_USE_BRDF1 UNITY_SPECCUBE_BOX_PROJECTION UNITY_SPECCUBE_BLENDING UNITY_ENABLE_DETAIL_NORMALMAP SHADER_API_DESKTOP UNITY_COLORSPACE_GAMMA UNITY_LIGHTMAP_RGBM_ENCODING ok=1
Cmd: compileSnippet
  api=9 type=0 insize=1424 outsize=8447 kw=LIGHTPROBE_SH _METALLICGLOSSMAP _PARALLAXMAP pd=UNITY_ENABLE_REFLECTION_BUFFERS UNITY_USE_DITHER_MASK_FOR_ALPHABLENDED_SHADOWS UNITY_PBS_USE_BRDF1 UNITY_SPECCUBE_BOX_PROJECTION UNITY_SPECCUBE_BLENDING UNITY_ENABLE_DETAIL_NORMALMAP SHADER_API_DESKTOP UNITY_COLORSPACE_GAMMA UNITY_LIGHTMAP_RGBM_ENCODING ok=1
Cmd: compileSnippet
  api=5 type=0 insize=1424 outsize=5481 kw=LIGHTPROBE_SH _EMISSION _SMOOTHNESS_TEXTURE_ALBEDO_CHANNEL_A pd=UNITY_ENABLE_REFLECTION_BUFFERS UNITY_USE_DITHER_MASK_FOR_ALPHABLENDED_SHADOWS UNITY_PBS_USE_BRDF1 UNITY_SPECCUBE_BOX_PROJECTION UNITY_SPECCUBE_BLENDING UNITY_ENABLE_DETAIL_NORMALMAP SHADER_API_DESKTOP UNITY_COLORSPACE_GAMMA UNITY_LIGHTMAP_RGBM_ENCODING ok=1
Cmd: compileSnippet
  api=5 type=0 insize=1424 outsize=4824 kw=DYNAMICLIGHTMAP_ON _EMISSION pd=UNITY_ENABLE_REFLECTION_BUFFERS UNITY_USE_DITHER_MASK_FOR_ALPHABLENDED_SHADOWS UNITY_PBS_USE_BRDF1 UNITY_SPECCUBE_BOX_PROJECTION UNITY_SPECCUBE_BLENDING UNITY_ENABLE_DETAIL_NORMALMAP SHADER_API_DESKTOP UNITY_COLORSPACE_GAMMA UNITY_LIGHTMAP_RGBM_ENCODING ok=1
Cmd: compileSnippet
  api=9 type=0 insize=1424 outsize=5152 kw=DYNAMICLIGHTMAP_ON _ALPHABLEND_ON pd=UNITY_ENABLE_REFLECTION_BUFFERS UNITY_USE_DITHER_MASK_FOR_ALPHABLENDED_SHADOWS UNITY_PBS_USE_BRDF1 UNITY_SPECCUBE_BOX_PROJECTION UNITY_SPECCUBE_BLENDING UNITY_ENABLE_DETAIL_NORMALMAP SHADER_API_DESKTOP UNITY_COLORSPACE_GAMMA UNITY_LIGHTMAP_RGBM_ENCODING ok=1
Cmd: compileSnippet
  api=9 type=0 insize=1424 outsize=5257 kw=DYNAMICLIGHTMAP_ON _METALLICGLOSSMAP pd=UNITY_ENABLE_REFLECTION_BUFFERS UNITY_USE_DITHER_MASK_FOR_ALPHABLENDED_SHADOWS UNITY_PBS_USE_BRDF1 UNITY_SPECCUBE_BOX_PROJECTION UNITY_SPECCUBE_BLENDING UNITY_ENABLE_DETAIL_NORMALMAP SHADER_API_DESKTOP UNITY_COLORSPACE_GAMMA UNITY_LIGHTMAP_RGBM_ENCODING ok=1
Cmd: compileSnippet
  api=5 type=0 insize=1424 outsize=8684 kw=DYNAMICLIGHTMAP_ON _EMISSION _METALLICGLOSSMAP _PARALLAXMAP pd=UNITY_ENABLE_REFLECTION_BUFFERS UNITY_USE_DITHER_MASK_FOR_ALPHABLENDED_SHADOWS UNITY_PBS_USE_BRDF1 UNITY_SPECCUBE_BOX_PROJECTION UNITY_SPECCUBE_BLENDING UNITY_ENABLE_DETAIL_NORMALMAP SHADER_API_DESKTOP UNITY_COLORSPACE_GAMMA UNITY_LIGHTMAP_RGBM_ENCODING ok=1
Cmd: compileSnippet
  api=9 type=0 insize=1424 outsize=5170 kw=DYNAMICLIGHTMAP_ON _SMOOTHNESS_TEXTURE_ALBEDO_CHANNEL_A pd=UNITY_ENABLE_REFLECTION_BUFFERS UNITY_USE_DITHER_MASK_FOR_ALPHABLENDED_SHADOWS UNITY_PBS_USE_BRDF1 UNITY_SPECCUBE_BOX_PROJECTION UNITY_SPECCUBE_BLENDING UNITY_ENABLE_DETAIL_NORMALMAP SHADER_API_DESKTOP UNITY_COLORSPACE_GAMMA UNITY_LIGHTMAP_RGBM_ENCODING ok=1
Cmd: compileSnippet
  api=5 type=0 insize=1424 outsize=7037 kw=DIRLIGHTMAP_COMBINED DYNAMICLIGHTMAP_ON _EMISSION pd=UNITY_ENABLE_REFLECTION_BUFFERS UNITY_USE_DITHER_MASK_FOR_ALPHABLENDED_SHADOWS UNITY_PBS_USE_BRDF1 UNITY_SPECCUBE_BOX_PROJECTION UNITY_SPECCUBE_BLENDING UNITY_ENABLE_DETAIL_NORMALMAP SHADER_API_DESKTOP UNITY_COLORSPACE_GAMMA UNITY_LIGHTMAP_RGBM_ENCODING ok=1
Cmd: compileSnippet
  api=9 type=0 insize=1424 outsize=6465 kw=DIRLIGHTMAP_COMBINED DYNAMICLIGHTMAP_ON _ALPHABLEND_ON pd=UNITY_ENABLE_REFLECTION_BUFFERS UNITY_USE_DITHER_MASK_FOR_ALPHABLENDED_SHADOWS UNITY_PBS_USE_BRDF1 UNITY_SPECCUBE_BOX_PROJECTION UNITY_SPECCUBE_BLENDING UNITY_ENABLE_DETAIL_NORMALMAP SHADER_API_DESKTOP UNITY_COLORSPACE_GAMMA UNITY_LIGHTMAP_RGBM_ENCODING ok=1
Cmd: compileSnippet
  api=5 type=0 insize=1424 outsize=7136 kw=DIRLIGHTMAP_COMBINED DYNAMICLIGHTMAP_ON _EMISSION _METALLICGLOSSMAP pd=UNITY_ENABLE_REFLECTION_BUFFERS UNITY_USE_DITHER_MASK_FOR_ALPHABLENDED_SHADOWS UNITY_PBS_USE_BRDF1 UNITY_SPECCUBE_BOX_PROJECTION UNITY_SPECCUBE_BLENDING UNITY_ENABLE_DETAIL_NORMALMAP SHADER_API_DESKTOP UNITY_COLORSPACE_GAMMA UNITY_LIGHTMAP_RGBM_ENCODING ok=1
Cmd: compileSnippet
  api=9 type=0 insize=1424 outsize=8328 kw=DIRLIGHTMAP_COMBINED DYNAMICLIGHTMAP_ON _METALLICGLOSSMAP _PARALLAXMAP pd=UNITY_ENABLE_REFLECTION_BUFFERS UNITY_USE_DITHER_MASK_FOR_ALPHABLENDED_SHADOWS UNITY_PBS_USE_BRDF1 UNITY_SPECCUBE_BOX_PROJECTION UNITY_SPECCUBE_BLENDING UNITY_ENABLE_DETAIL_NORMALMAP SHADER_API_DESKTOP UNITY_COLORSPACE_GAMMA UNITY_LIGHTMAP_RGBM_ENCODING ok=1
Cmd: compileSnippet
  api=5 type=0 insize=1424 outsize=7058 kw=DIRLIGHTMAP_COMBINED DYNAMICLIGHTMAP_ON _EMISSION _SMOOTHNESS_TEXTURE_ALBEDO_CHANNEL_A pd=UNITY_ENABLE_REFLECTION_BUFFERS UNITY_USE_DITHER_MASK_FOR_ALPHABLENDED_SHADOWS UNITY_PBS_USE_BRDF1 UNITY_SPECCUBE_BOX_PROJECTION UNITY_SPECCUBE_BLENDING UNITY_ENABLE_DETAIL_NORMALMAP SHADER_API_DESKTOP UNITY_COLORSPACE_GAMMA UNITY_LIGHTMAP_RGBM_ENCODING ok=1
Cmd: compileSnippet
  api=9 type=0 insize=1424 outsize=6465 kw=DIRLIGHTMAP_COMBINED DYNAMICLIGHTMAP_ON pd=UNITY_ENABLE_REFLECTION_BUFFERS UNITY_USE_DITHER_MASK_FOR_ALPHABLENDED_SHADOWS UNITY_PBS_USE_BRDF1 UNITY_SPECCUBE_BOX_PROJECTION UNITY_SPECCUBE_BLENDING UNITY_ENABLE_DETAIL_NORMALMAP SHADER_API_DESKTOP UNITY_COLORSPACE_GAMMA UNITY_LIGHTMAP_RGBM_ENCODING ok=1
Cmd: compileSnippet
  api=5 type=0 insize=1424 outsize=5342 kw=LIGHTPROBE_SH _EMISSION UNITY_HDR_ON _ALPHABLEND_ON pd=UNITY_ENABLE_REFLECTION_BUFFERS UNITY_USE_DITHER_MASK_FOR_ALPHABLENDED_SHADOWS UNITY_PBS_USE_BRDF1 UNITY_SPECCUBE_BOX_PROJECTION UNITY_SPECCUBE_BLENDING UNITY_ENABLE_DETAIL_NORMALMAP SHADER_API_DESKTOP UNITY_COLORSPACE_GAMMA UNITY_LIGHTMAP_RGBM_ENCODING ok=1
Cmd: compileSnippet
  api=5 type=0 insize=1424 outsize=5440 kw=LIGHTPROBE_SH _EMISSION UNITY_HDR_ON _METALLICGLOSSMAP pd=UNITY_ENABLE_REFLECTION_BUFFERS UNITY_USE_DITHER_MASK_FOR_ALPHABLENDED_SHADOWS UNITY_PBS_USE_BRDF1 UNITY_SPECCUBE_BOX_PROJECTION UNITY_SPECCUBE_BLENDING UNITY_ENABLE_DETAIL_NORMALMAP SHADER_API_DESKTOP UNITY_COLORSPACE_GAMMA UNITY_LIGHTMAP_RGBM_ENCODING ok=1
Cmd: compileSnippet
  api=9 type=0 insize=1424 outsize=8401 kw=LIGHTPROBE_SH UNITY_HDR_ON _METALLICGLOSSMAP _PARALLAXMAP pd=UNITY_ENABLE_REFLECTION_BUFFERS UNITY_USE_DITHER_MASK_FOR_ALPHABLENDED_SHADOWS UNITY_PBS_USE_BRDF1 UNITY_SPECCUBE_BOX_PROJECTION UNITY_SPECCUBE_BLENDING UNITY_ENABLE_DETAIL_NORMALMAP SHADER_API_DESKTOP UNITY_COLORSPACE_GAMMA UNITY_LIGHTMAP_RGBM_ENCODING ok=1
Cmd: compileSnippet
  api=5 type=0 insize=1424 outsize=5363 kw=LIGHTPROBE_SH _EMISSION UNITY_HDR_ON _SMOOTHNESS_TEXTURE_ALBEDO_CHANNEL_A pd=UNITY_ENABLE_REFLECTION_BUFFERS UNITY_USE_DITHER_MASK_FOR_ALPHABLENDED_SHADOWS UNITY_PBS_USE_BRDF1 UNITY_SPECCUBE_BOX_PROJECTION UNITY_SPECCUBE_BLENDING UNITY_ENABLE_DETAIL_NORMALMAP SHADER_API_DESKTOP UNITY_COLORSPACE_GAMMA UNITY_LIGHTMAP_RGBM_ENCODING ok=1
Cmd: compileSnippet
  api=9 type=0 insize=1424 outsize=5833 kw=LIGHTPROBE_SH UNITY_HDR_ON pd=UNITY_ENABLE_REFLECTION_BUFFERS UNITY_USE_DITHER_MASK_FOR_ALPHABLENDED_SHADOWS UNITY_PBS_USE_BRDF1 UNITY_SPECCUBE_BOX_PROJECTION UNITY_SPECCUBE_BLENDING UNITY_ENABLE_DETAIL_NORMALMAP SHADER_API_DESKTOP UNITY_COLORSPACE_GAMMA UNITY_LIGHTMAP_RGBM_ENCODING ok=1
Cmd: compileSnippet
  api=5 type=0 insize=1424 outsize=4704 kw=DYNAMICLIGHTMAP_ON _EMISSION UNITY_HDR_ON _ALPHABLEND_ON pd=UNITY_ENABLE_REFLECTION_BUFFERS UNITY_USE_DITHER_MASK_FOR_ALPHABLENDED_SHADOWS UNITY_PBS_USE_BRDF1 UNITY_SPECCUBE_BOX_PROJECTION UNITY_SPECCUBE_BLENDING UNITY_ENABLE_DETAIL_NORMALMAP SHADER_API_DESKTOP UNITY_COLORSPACE_GAMMA UNITY_LIGHTMAP_RGBM_ENCODING ok=1
Cmd: compileSnippet
  api=9 type=0 insize=1424 outsize=5211 kw=DYNAMICLIGHTMAP_ON UNITY_HDR_ON _METALLICGLOSSMAP pd=UNITY_ENABLE_REFLECTION_BUFFERS UNITY_USE_DITHER_MASK_FOR_ALPHABLENDED_SHADOWS UNITY_PBS_USE_BRDF1 UNITY_SPECCUBE_BOX_PROJECTION UNITY_SPECCUBE_BLENDING UNITY_ENABLE_DETAIL_NORMALMAP SHADER_API_DESKTOP UNITY_COLORSPACE_GAMMA UNITY_LIGHTMAP_RGBM_ENCODING ok=1
Cmd: compileSnippet
  api=5 type=0 insize=1424 outsize=8564 kw=DYNAMICLIGHTMAP_ON _EMISSION UNITY_HDR_ON _METALLICGLOSSMAP _PARALLAXMAP pd=UNITY_ENABLE_REFLECTION_BUFFERS UNITY_USE_DITHER_MASK_FOR_ALPHABLENDED_SHADOWS UNITY_PBS_USE_BRDF1 UNITY_SPECCUBE_BOX_PROJECTION UNITY_SPECCUBE_BLENDING UNITY_ENABLE_DETAIL_NORMALMAP SHADER_API_DESKTOP UNITY_COLORSPACE_GAMMA UNITY_LIGHTMAP_RGBM_ENCODING ok=1
Cmd: compileSnippet
  api=9 type=0 insize=1424 outsize=5124 kw=DYNAMICLIGHTMAP_ON UNITY_HDR_ON _SMOOTHNESS_TEXTURE_ALBEDO_CHANNEL_A pd=UNITY_ENABLE_REFLECTION_BUFFERS UNITY_USE_DITHER_MASK_FOR_ALPHABLENDED_SHADOWS UNITY_PBS_USE_BRDF1 UNITY_SPECCUBE_BOX_PROJECTION UNITY_SPECCUBE_BLENDING UNITY_ENABLE_DETAIL_NORMALMAP SHADER_API_DESKTOP UNITY_COLORSPACE_GAMMA UNITY_LIGHTMAP_RGBM_ENCODING ok=1
Cmd: compileSnippet
  api=5 type=0 insize=1424 outsize=6918 kw=DIRLIGHTMAP_COMBINED DYNAMICLIGHTMAP_ON _EMISSION UNITY_HDR_ON pd=UNITY_ENABLE_REFLECTION_BUFFERS UNITY_USE_DITHER_MASK_FOR_ALPHABLENDED_SHADOWS UNITY_PBS_USE_BRDF1 UNITY_SPECCUBE_BOX_PROJECTION UNITY_SPECCUBE_BLENDING UNITY_ENABLE_DETAIL_NORMALMAP SHADER_API_DESKTOP UNITY_COLORSPACE_GAMMA UNITY_LIGHTMAP_RGBM_ENCODING ok=1
Cmd: compileSnippet
  api=9 type=0 insize=1424 outsize=6419 kw=DIRLIGHTMAP_COMBINED DYNAMICLIGHTMAP_ON UNITY_HDR_ON _ALPHABLEND_ON pd=UNITY_ENABLE_REFLECTION_BUFFERS UNITY_USE_DITHER_MASK_FOR_ALPHABLENDED_SHADOWS UNITY_PBS_USE_BRDF1 UNITY_SPECCUBE_BOX_PROJECTION UNITY_SPECCUBE_BLENDING UNITY_ENABLE_DETAIL_NORMALMAP SHADER_API_DESKTOP UNITY_COLORSPACE_GAMMA UNITY_LIGHTMAP_RGBM_ENCODING ok=1
Cmd: compileSnippet
  api=5 type=0 insize=1424 outsize=7017 kw=DIRLIGHTMAP_COMBINED DYNAMICLIGHTMAP_ON _EMISSION UNITY_HDR_ON _METALLICGLOSSMAP pd=UNITY_ENABLE_REFLECTION_BUFFERS UNITY_USE_DITHER_MASK_FOR_ALPHABLENDED_SHADOWS UNITY_PBS_USE_BRDF1 UNITY_SPECCUBE_BOX_PROJECTION UNITY_SPECCUBE_BLENDING UNITY_ENABLE_DETAIL_NORMALMAP SHADER_API_DESKTOP UNITY_COLORSPACE_GAMMA UNITY_LIGHTMAP_RGBM_ENCODING ok=1
Cmd: compileSnippet
  api=9 type=0 insize=1424 outsize=8282 kw=DIRLIGHTMAP_COMBINED DYNAMICLIGHTMAP_ON UNITY_HDR_ON _METALLICGLOSSMAP _PARALLAXMAP pd=UNITY_ENABLE_REFLECTION_BUFFERS UNITY_USE_DITHER_MASK_FOR_ALPHABLENDED_SHADOWS UNITY_PBS_USE_BRDF1 UNITY_SPECCUBE_BOX_PROJECTION UNITY_SPECCUBE_BLENDING UNITY_ENABLE_DETAIL_NORMALMAP SHADER_API_DESKTOP UNITY_COLORSPACE_GAMMA UNITY_LIGHTMAP_RGBM_ENCODING ok=1
Cmd: compileSnippet
  api=5 type=0 insize=1424 outsize=6939 kw=DIRLIGHTMAP_COMBINED DYNAMICLIGHTMAP_ON _EMISSION UNITY_HDR_ON _SMOOTHNESS_TEXTURE_ALBEDO_CHANNEL_A pd=UNITY_ENABLE_REFLECTION_BUFFERS UNITY_USE_DITHER_MASK_FOR_ALPHABLENDED_SHADOWS UNITY_PBS_USE_BRDF1 UNITY_SPECCUBE_BOX_PROJECTION UNITY_SPECCUBE_BLENDING UNITY_ENABLE_DETAIL_NORMALMAP SHADER_API_DESKTOP UNITY_COLORSPACE_GAMMA UNITY_LIGHTMAP_RGBM_ENCODING ok=1
Cmd: compileSnippet
  api=5 type=0 insize=1424 outsize=3928 kw=_EMISSION pd=UNITY_ENABLE_REFLECTION_BUFFERS UNITY_USE_DITHER_MASK_FOR_ALPHABLENDED_SHADOWS UNITY_PBS_USE_BRDF1 UNITY_SPECCUBE_BOX_PROJECTION UNITY_SPECCUBE_BLENDING UNITY_ENABLE_DETAIL_NORMALMAP SHADER_API_DESKTOP UNITY_COLORSPACE_GAMMA UNITY_LIGHTMAP_RGBM_ENCODING ok=1
Cmd: compileSnippet
  api=9 type=0 insize=1424 outsize=4248 kw=_ALPHABLEND_ON pd=UNITY_ENABLE_REFLECTION_BUFFERS UNITY_USE_DITHER_MASK_FOR_ALPHABLENDED_SHADOWS UNITY_PBS_USE_BRDF1 UNITY_SPECCUBE_BOX_PROJECTION UNITY_SPECCUBE_BLENDING UNITY_ENABLE_DETAIL_NORMALMAP SHADER_API_DESKTOP UNITY_COLORSPACE_GAMMA UNITY_LIGHTMAP_RGBM_ENCODING ok=1
Cmd: compileSnippet
  api=9 type=0 insize=1424 outsize=4353 kw=_METALLICGLOSSMAP pd=UNITY_ENABLE_REFLECTION_BUFFERS UNITY_USE_DITHER_MASK_FOR_ALPHABLENDED_SHADOWS UNITY_PBS_USE_BRDF1 UNITY_SPECCUBE_BOX_PROJECTION UNITY_SPECCUBE_BLENDING UNITY_ENABLE_DETAIL_NORMALMAP SHADER_API_DESKTOP UNITY_COLORSPACE_GAMMA UNITY_LIGHTMAP_RGBM_ENCODING ok=1
Cmd: compileSnippet
  api=5 type=0 insize=1424 outsize=7786 kw=_EMISSION _METALLICGLOSSMAP _PARALLAXMAP pd=UNITY_ENABLE_REFLECTION_BUFFERS UNITY_USE_DITHER_MASK_FOR_ALPHABLENDED_SHADOWS UNITY_PBS_USE_BRDF1 UNITY_SPECCUBE_BOX_PROJECTION UNITY_SPECCUBE_BLENDING UNITY_ENABLE_DETAIL_NORMALMAP SHADER_API_DESKTOP UNITY_COLORSPACE_GAMMA UNITY_LIGHTMAP_RGBM_ENCODING ok=1
Cmd: compileSnippet
  api=9 type=0 insize=1424 outsize=4266 kw=_SMOOTHNESS_TEXTURE_ALBEDO_CHANNEL_A pd=UNITY_ENABLE_REFLECTION_BUFFERS UNITY_USE_DITHER_MASK_FOR_ALPHABLENDED_SHADOWS UNITY_PBS_USE_BRDF1 UNITY_SPECCUBE_BOX_PROJECTION UNITY_SPECCUBE_BLENDING UNITY_ENABLE_DETAIL_NORMALMAP SHADER_API_DESKTOP UNITY_COLORSPACE_GAMMA UNITY_LIGHTMAP_RGBM_ENCODING ok=1
Cmd: compileSnippet
  api=9 type=1 insize=1424 outsize=0 kw=LIGHTPROBE_SH _EMISSION pd=UNITY_ENABLE_REFLECTION_BUFFERS UNITY_USE_DITHER_MASK_FOR_ALPHABLENDED_SHADOWS UNITY_PBS_USE_BRDF1 UNITY_SPECCUBE_BOX_PROJECTION UNITY_SPECCUBE_BLENDING UNITY_ENABLE_DETAIL_NORMALMAP SHADER_API_DESKTOP UNITY_COLORSPACE_GAMMA UNITY_LIGHTMAP_RGBM_ENCODING ok=1
Cmd: compileSnippet
  api=9 type=1 insize=1424 outsize=0 kw=LIGHTPROBE_SH _EMISSION _ALPHABLEND_ON pd=UNITY_ENABLE_REFLECTION_BUFFERS UNITY_USE_DITHER_MASK_FOR_ALPHABLENDED_SHADOWS UNITY_PBS_USE_BRDF1 UNITY_SPECCUBE_BOX_PROJECTION UNITY_SPECCUBE_BLENDING UNITY_ENABLE_DETAIL_NORMALMAP SHADER_API_DESKTOP UNITY_COLORSPACE_GAMMA UNITY_LIGHTMAP_RGBM_ENCODING ok=1
Cmd: compileSnippet
  api=9 type=1 insize=1424 outsize=0 kw=LIGHTPROBE_SH _EMISSION _METALLICGLOSSMAP pd=UNITY_ENABLE_REFLECTION_BUFFERS UNITY_USE_DITHER_MASK_FOR_ALPHABLENDED_SHADOWS UNITY_PBS_USE_BRDF1 UNITY_SPECCUBE_BOX_PROJECTION UNITY_SPECCUBE_BLENDING UNITY_ENABLE_DETAIL_NORMALMAP SHADER_API_DESKTOP UNITY_COLORSPACE_GAMMA UNITY_LIGHTMAP_RGBM_ENCODING ok=1
Cmd: compileSnippet
  api=5 type=1 insize=1424 outsize=0 kw=LIGHTPROBE_SH _EMISSION _METALLICGLOSSMAP _PARALLAXMAP pd=UNITY_ENABLE_REFLECTION_BUFFERS UNITY_USE_DITHER_MASK_FOR_ALPHABLENDED_SHADOWS UNITY_PBS_USE_BRDF1 UNITY_SPECCUBE_BOX_PROJECTION UNITY_SPECCUBE_BLENDING UNITY_ENABLE_DETAIL_NORMALMAP SHADER_API_DESKTOP UNITY_COLORSPACE_GAMMA UNITY_LIGHTMAP_RGBM_ENCODING ok=1
Cmd: compileSnippet
  api=5 type=1 insize=1424 outsize=0 kw=LIGHTPROBE_SH _EMISSION _SMOOTHNESS_TEXTURE_ALBEDO_CHANNEL_A pd=UNITY_ENABLE_REFLECTION_BUFFERS UNITY_USE_DITHER_MASK_FOR_ALPHABLENDED_SHADOWS UNITY_PBS_USE_BRDF1 UNITY_SPECCUBE_BOX_PROJECTION UNITY_SPECCUBE_BLENDING UNITY_ENABLE_DETAIL_NORMALMAP SHADER_API_DESKTOP UNITY_COLORSPACE_GAMMA UNITY_LIGHTMAP_RGBM_ENCODING ok=1
Cmd: compileSnippet
  api=5 type=1 insize=1424 outsize=0 kw=DYNAMICLIGHTMAP_ON _EMISSION pd=UNITY_ENABLE_REFLECTION_BUFFERS UNITY_USE_DITHER_MASK_FOR_ALPHABLENDED_SHADOWS UNITY_PBS_USE_BRDF1 UNITY_SPECCUBE_BOX_PROJECTION UNITY_SPECCUBE_BLENDING UNITY_ENABLE_DETAIL_NORMALMAP SHADER_API_DESKTOP UNITY_COLORSPACE_GAMMA UNITY_LIGHTMAP_RGBM_ENCODING ok=1
Cmd: compileSnippet
  api=5 type=1 insize=1424 outsize=0 kw=DYNAMICLIGHTMAP_ON _EMISSION _ALPHABLEND_ON pd=UNITY_ENABLE_REFLECTION_BUFFERS UNITY_USE_DITHER_MASK_FOR_ALPHABLENDED_SHADOWS UNITY_PBS_USE_BRDF1 UNITY_SPECCUBE_BOX_PROJECTION UNITY_SPECCUBE_BLENDING UNITY_ENABLE_DETAIL_NORMALMAP SHADER_API_DESKTOP UNITY_COLORSPACE_GAMMA UNITY_LIGHTMAP_RGBM_ENCODING ok=1
Cmd: compileSnippet
  api=5 type=1 insize=1424 outsize=0 kw=DYNAMICLIGHTMAP_ON _EMISSION _METALLICGLOSSMAP pd=UNITY_ENABLE_REFLECTION_BUFFERS UNITY_USE_DITHER_MASK_FOR_ALPHABLENDED_SHADOWS UNITY_PBS_USE_BRDF1 UNITY_SPECCUBE_BOX_PROJECTION UNITY_SPECCUBE_BLENDING UNITY_ENABLE_DETAIL_NORMALMAP SHADER_API_DESKTOP UNITY_COLORSPACE_GAMMA UNITY_LIGHTMAP_RGBM_ENCODING ok=1
Cmd: compileSnippet
  api=5 type=1 insize=1424 outsize=0 kw=DYNAMICLIGHTMAP_ON _EMISSION _METALLICGLOSSMAP _PARALLAXMAP pd=UNITY_ENABLE_REFLECTION_BUFFERS UNITY_USE_DITHER_MASK_FOR_ALPHABLENDED_SHADOWS UNITY_PBS_USE_BRDF1 UNITY_SPECCUBE_BOX_PROJECTION UNITY_SPECCUBE_BLENDING UNITY_ENABLE_DETAIL_NORMALMAP SHADER_API_DESKTOP UNITY_COLORSPACE_GAMMA UNITY_LIGHTMAP_RGBM_ENCODING ok=1
Cmd: compileSnippet
  api=5 type=1 insize=1424 outsize=0 kw=DYNAMICLIGHTMAP_ON _EMISSION _SMOOTHNESS_TEXTURE_ALBEDO_CHANNEL_A pd=UNITY_ENABLE_REFLECTION_BUFFERS UNITY_USE_DITHER_MASK_FOR_ALPHABLENDED_SHADOWS UNITY_PBS_USE_BRDF1 UNITY_SPECCUBE_BOX_PROJECTION UNITY_SPECCUBE_BLENDING UNITY_ENABLE_DETAIL_NORMALMAP SHADER_API_DESKTOP UNITY_COLORSPACE_GAMMA UNITY_LIGHTMAP_RGBM_ENCODING ok=1
Cmd: compileSnippet
  api=5 type=1 insize=1424 outsize=0 kw=DIRLIGHTMAP_COMBINED DYNAMICLIGHTMAP_ON _EMISSION pd=UNITY_ENABLE_REFLECTION_BUFFERS UNITY_USE_DITHER_MASK_FOR_ALPHABLENDED_SHADOWS UNITY_PBS_USE_BRDF1 UNITY_SPECCUBE_BOX_PROJECTION UNITY_SPECCUBE_BLENDING UNITY_ENABLE_DETAIL_NORMALMAP SHADER_API_DESKTOP UNITY_COLORSPACE_GAMMA UNITY_LIGHTMAP_RGBM_ENCODING ok=1
Cmd: compileSnippet
  api=5 type=1 insize=1424 outsize=0 kw=DIRLIGHTMAP_COMBINED DYNAMICLIGHTMAP_ON _EMISSION _ALPHABLEND_ON pd=UNITY_ENABLE_REFLECTION_BUFFERS UNITY_USE_DITHER_MASK_FOR_ALPHABLENDED_SHADOWS UNITY_PBS_USE_BRDF1 UNITY_SPECCUBE_BOX_PROJECTION UNITY_SPECCUBE_BLENDING UNITY_ENABLE_DETAIL_NORMALMAP SHADER_API_DESKTOP UNITY_COLORSPACE_GAMMA UNITY_LIGHTMAP_RGBM_ENCODING ok=1
Cmd: compileSnippet
  api=9 type=1 insize=1424 outsize=0 kw=DIRLIGHTMAP_COMBINED DYNAMICLIGHTMAP_ON _METALLICGLOSSMAP pd=UNITY_ENABLE_REFLECTION_BUFFERS UNITY_USE_DITHER_MASK_FOR_ALPHABLENDED_SHADOWS UNITY_PBS_USE_BRDF1 UNITY_SPECCUBE_BOX_PROJECTION UNITY_SPECCUBE_BLENDING UNITY_ENABLE_DETAIL_NORMALMAP SHADER_API_DESKTOP UNITY_COLORSPACE_GAMMA UNITY_LIGHTMAP_RGBM_ENCODING ok=1
Cmd: compileSnippet
  api=5 type=1 insize=1424 outsize=0 kw=DIRLIGHTMAP_COMBINED DYNAMICLIGHTMAP_ON _EMISSION _METALLICGLOSSMAP _PARALLAXMAP pd=UNITY_ENABLE_REFLECTION_BUFFERS UNITY_USE_DITHER_MASK_FOR_ALPHABLENDED_SHADOWS UNITY_PBS_USE_BRDF1 UNITY_SPECCUBE_BOX_PROJECTION UNITY_SPECCUBE_BLENDING UNITY_ENABLE_DETAIL_NORMALMAP SHADER_API_DESKTOP UNITY_COLORSPACE_GAMMA UNITY_LIGHTMAP_RGBM_ENCODING ok=1
Cmd: compileSnippet
  api=5 type=1 insize=1424 outsize=0 kw=DIRLIGHTMAP_COMBINED DYNAMICLIGHTMAP_ON _EMISSION _SMOOTHNESS_TEXTURE_ALBEDO_CHANNEL_A pd=UNITY_ENABLE_REFLECTION_BUFFERS UNITY_USE_DITHER_MASK_FOR_ALPHABLENDED_SHADOWS UNITY_PBS_USE_BRDF1 UNITY_SPECCUBE_BOX_PROJECTION UNITY_SPECCUBE_BLENDING UNITY_ENABLE_DETAIL_NORMALMAP SHADER_API_DESKTOP UNITY_COLORSPACE_GAMMA UNITY_LIGHTMAP_RGBM_ENCODING ok=1
Cmd: compileSnippet
  api=5 type=1 insize=1424 outsize=0 kw=LIGHTPROBE_SH _EMISSION UNITY_HDR_ON pd=UNITY_ENABLE_REFLECTION_BUFFERS UNITY_USE_DITHER_MASK_FOR_ALPHABLENDED_SHADOWS UNITY_PBS_USE_BRDF1 UNITY_SPECCUBE_BOX_PROJECTION UNITY_SPECCUBE_BLENDING UNITY_ENABLE_DETAIL_NORMALMAP SHADER_API_DESKTOP UNITY_COLORSPACE_GAMMA UNITY_LIGHTMAP_RGBM_ENCODING ok=1
Cmd: compileSnippet
  api=5 type=1 insize=1424 outsize=0 kw=LIGHTPROBE_SH _EMISSION UNITY_HDR_ON _ALPHABLEND_ON pd=UNITY_ENABLE_REFLECTION_BUFFERS UNITY_USE_DITHER_MASK_FOR_ALPHABLENDED_SHADOWS UNITY_PBS_USE_BRDF1 UNITY_SPECCUBE_BOX_PROJECTION UNITY_SPECCUBE_BLENDING UNITY_ENABLE_DETAIL_NORMALMAP SHADER_API_DESKTOP UNITY_COLORSPACE_GAMMA UNITY_LIGHTMAP_RGBM_ENCODING ok=1
Cmd: compileSnippet
  api=5 type=1 insize=1424 outsize=0 kw=LIGHTPROBE_SH _EMISSION UNITY_HDR_ON _METALLICGLOSSMAP pd=UNITY_ENABLE_REFLECTION_BUFFERS UNITY_USE_DITHER_MASK_FOR_ALPHABLENDED_SHADOWS UNITY_PBS_USE_BRDF1 UNITY_SPECCUBE_BOX_PROJECTION UNITY_SPECCUBE_BLENDING UNITY_ENABLE_DETAIL_NORMALMAP SHADER_API_DESKTOP UNITY_COLORSPACE_GAMMA UNITY_LIGHTMAP_RGBM_ENCODING ok=1
Cmd: compileSnippet
  api=9 type=1 insize=1424 outsize=0 kw=LIGHTPROBE_SH _EMISSION UNITY_HDR_ON _METALLICGLOSSMAP _PARALLAXMAP pd=UNITY_ENABLE_REFLECTION_BUFFERS UNITY_USE_DITHER_MASK_FOR_ALPHABLENDED_SHADOWS UNITY_PBS_USE_BRDF1 UNITY_SPECCUBE_BOX_PROJECTION UNITY_SPECCUBE_BLENDING UNITY_ENABLE_DETAIL_NORMALMAP SHADER_API_DESKTOP UNITY_COLORSPACE_GAMMA UNITY_LIGHTMAP_RGBM_ENCODING ok=1
Cmd: compileSnippet
  api=9 type=1 insize=1424 outsize=0 kw=LIGHTPROBE_SH UNITY_HDR_ON _SMOOTHNESS_TEXTURE_ALBEDO_CHANNEL_A pd=UNITY_ENABLE_REFLECTION_BUFFERS UNITY_USE_DITHER_MASK_FOR_ALPHABLENDED_SHADOWS UNITY_PBS_USE_BRDF1 UNITY_SPECCUBE_BOX_PROJECTION UNITY_SPECCUBE_BLENDING UNITY_ENABLE_DETAIL_NORMALMAP SHADER_API_DESKTOP UNITY_COLORSPACE_GAMMA UNITY_LIGHTMAP_RGBM_ENCODING ok=1
Cmd: compileSnippet
  api=5 type=1 insize=1424 outsize=0 kw=DYNAMICLIGHTMAP_ON _EMISSION UNITY_HDR_ON pd=UNITY_ENABLE_REFLECTION_BUFFERS UNITY_USE_DITHER_MASK_FOR_ALPHABLENDED_SHADOWS UNITY_PBS_USE_BRDF1 UNITY_SPECCUBE_BOX_PROJECTION UNITY_SPECCUBE_BLENDING UNITY_ENABLE_DETAIL_NORMALMAP SHADER_API_DESKTOP UNITY_COLORSPACE_GAMMA UNITY_LIGHTMAP_RGBM_ENCODING ok=1
Cmd: compileSnippet
  api=9 type=1 insize=1424 outsize=0 kw=DYNAMICLIGHTMAP_ON _EMISSION UNITY_HDR_ON _ALPHABLEND_ON pd=UNITY_ENABLE_REFLECTION_BUFFERS UNITY_USE_DITHER_MASK_FOR_ALPHABLENDED_SHADOWS UNITY_PBS_USE_BRDF1 UNITY_SPECCUBE_BOX_PROJECTION UNITY_SPECCUBE_BLENDING UNITY_ENABLE_DETAIL_NORMALMAP SHADER_API_DESKTOP UNITY_COLORSPACE_GAMMA UNITY_LIGHTMAP_RGBM_ENCODING ok=1
Cmd: compileSnippet
  api=9 type=1 insize=1424 outsize=0 kw=DYNAMICLIGHTMAP_ON _EMISSION UNITY_HDR_ON _METALLICGLOSSMAP pd=UNITY_ENABLE_REFLECTION_BUFFERS UNITY_USE_DITHER_MASK_FOR_ALPHABLENDED_SHADOWS UNITY_PBS_USE_BRDF1 UNITY_SPECCUBE_BOX_PROJECTION UNITY_SPECCUBE_BLENDING UNITY_ENABLE_DETAIL_NORMALMAP SHADER_API_DESKTOP UNITY_COLORSPACE_GAMMA UNITY_LIGHTMAP_RGBM_ENCODING ok=1
Cmd: compileSnippet
  api=5 type=1 insize=1424 outsize=0 kw=DYNAMICLIGHTMAP_ON _EMISSION UNITY_HDR_ON _METALLICGLOSSMAP _PARALLAXMAP pd=UNITY_ENABLE_REFLECTION_BUFFERS UNITY_USE_DITHER_MASK_FOR_ALPHABLENDED_SHADOWS UNITY_PBS_USE_BRDF1 UNITY_SPECCUBE_BOX_PROJECTION UNITY_SPECCUBE_BLENDING UNITY_ENABLE_DETAIL_NORMALMAP SHADER_API_DESKTOP UNITY_COLORSPACE_GAMMA UNITY_LIGHTMAP_RGBM_ENCODING ok=1
Cmd: compileSnippet
  api=9 type=1 insize=1424 outsize=0 kw=DYNAMICLIGHTMAP_ON _EMISSION UNITY_HDR_ON _SMOOTHNESS_TEXTURE_ALBEDO_CHANNEL_A pd=UNITY_ENABLE_REFLECTION_BUFFERS UNITY_USE_DITHER_MASK_FOR_ALPHABLENDED_SHADOWS UNITY_PBS_USE_BRDF1 UNITY_SPECCUBE_BOX_PROJECTION UNITY_SPECCUBE_BLENDING UNITY_ENABLE_DETAIL_NORMALMAP SHADER_API_DESKTOP UNITY_COLORSPACE_GAMMA UNITY_LIGHTMAP_RGBM_ENCODING ok=1
Cmd: compileSnippet
  api=5 type=1 insize=1424 outsize=0 kw=DIRLIGHTMAP_COMBINED DYNAMICLIGHTMAP_ON _EMISSION UNITY_HDR_ON pd=UNITY_ENABLE_REFLECTION_BUFFERS UNITY_USE_DITHER_MASK_FOR_ALPHABLENDED_SHADOWS UNITY_PBS_USE_BRDF1 UNITY_SPECCUBE_BOX_PROJECTION UNITY_SPECCUBE_BLENDING UNITY_ENABLE_DETAIL_NORMALMAP SHADER_API_DESKTOP UNITY_COLORSPACE_GAMMA UNITY_LIGHTMAP_RGBM_ENCODING ok=1
Cmd: compileSnippet
  api=5 type=1 insize=1424 outsize=0 kw=DIRLIGHTMAP_COMBINED DYNAMICLIGHTMAP_ON UNITY_HDR_ON _ALPHABLEND_ON pd=UNITY_ENABLE_REFLECTION_BUFFERS UNITY_USE_DITHER_MASK_FOR_ALPHABLENDED_SHADOWS UNITY_PBS_USE_BRDF1 UNITY_SPECCUBE_BOX_PROJECTION UNITY_SPECCUBE_BLENDING UNITY_ENABLE_DETAIL_NORMALMAP SHADER_API_DESKTOP UNITY_COLORSPACE_GAMMA UNITY_LIGHTMAP_RGBM_ENCODING ok=1
Cmd: compileSnippet
  api=5 type=1 insize=1424 outsize=0 kw=DIRLIGHTMAP_COMBINED DYNAMICLIGHTMAP_ON UNITY_HDR_ON _METALLICGLOSSMAP pd=UNITY_ENABLE_REFLECTION_BUFFERS UNITY_USE_DITHER_MASK_FOR_ALPHABLENDED_SHADOWS UNITY_PBS_USE_BRDF1 UNITY_SPECCUBE_BOX_PROJECTION UNITY_SPECCUBE_BLENDING UNITY_ENABLE_DETAIL_NORMALMAP SHADER_API_DESKTOP UNITY_COLORSPACE_GAMMA UNITY_LIGHTMAP_RGBM_ENCODING ok=1
Cmd: compileSnippet
  api=5 type=1 insize=1424 outsize=0 kw=DIRLIGHTMAP_COMBINED DYNAMICLIGHTMAP_ON UNITY_HDR_ON _METALLICGLOSSMAP _PARALLAXMAP pd=UNITY_ENABLE_REFLECTION_BUFFERS UNITY_USE_DITHER_MASK_FOR_ALPHABLENDED_SHADOWS UNITY_PBS_USE_BRDF1 UNITY_SPECCUBE_BOX_PROJECTION UNITY_SPECCUBE_BLENDING UNITY_ENABLE_DETAIL_NORMALMAP SHADER_API_DESKTOP UNITY_COLORSPACE_GAMMA UNITY_LIGHTMAP_RGBM_ENCODING ok=1
Cmd: compileSnippet
  api=9 type=1 insize=1424 outsize=0 kw=DIRLIGHTMAP_COMBINED DYNAMICLIGHTMAP_ON _EMISSION UNITY_HDR_ON _METALLICGLOSSMAP _PARALLAXMAP pd=UNITY_ENABLE_REFLECTION_BUFFERS UNITY_USE_DITHER_MASK_FOR_ALPHABLENDED_SHADOWS UNITY_PBS_USE_BRDF1 UNITY_SPECCUBE_BOX_PROJECTION UNITY_SPECCUBE_BLENDING UNITY_ENABLE_DETAIL_NORMALMAP SHADER_API_DESKTOP UNITY_COLORSPACE_GAMMA UNITY_LIGHTMAP_RGBM_ENCODING ok=1
Cmd: compileSnippet
  api=9 type=1 insize=1424 outsize=0 kw=DIRLIGHTMAP_COMBINED DYNAMICLIGHTMAP_ON UNITY_HDR_ON _SMOOTHNESS_TEXTURE_ALBEDO_CHANNEL_A pd=UNITY_ENABLE_REFLECTION_BUFFERS UNITY_USE_DITHER_MASK_FOR_ALPHABLENDED_SHADOWS UNITY_PBS_USE_BRDF1 UNITY_SPECCUBE_BOX_PROJECTION UNITY_SPECCUBE_BLENDING UNITY_ENABLE_DETAIL_NORMALMAP SHADER_API_DESKTOP UNITY_COLORSPACE_GAMMA UNITY_LIGHTMAP_RGBM_ENCODING ok=1
Cmd: compileSnippet
  api=9 type=1 insize=1424 outsize=0 kw=DIRLIGHTMAP_COMBINED DYNAMICLIGHTMAP_ON UNITY_HDR_ON pd=UNITY_ENABLE_REFLECTION_BUFFERS UNITY_USE_DITHER_MASK_FOR_ALPHABLENDED_SHADOWS UNITY_PBS_USE_BRDF1 UNITY_SPECCUBE_BOX_PROJECTION UNITY_SPECCUBE_BLENDING UNITY_ENABLE_DETAIL_NORMALMAP SHADER_API_DESKTOP UNITY_COLORSPACE_GAMMA UNITY_LIGHTMAP_RGBM_ENCODING ok=1
Cmd: compileSnippet
  api=9 type=1 insize=1424 outsize=0 kw=_ALPHABLEND_ON pd=UNITY_ENABLE_REFLECTION_BUFFERS UNITY_USE_DITHER_MASK_FOR_ALPHABLENDED_SHADOWS UNITY_PBS_USE_BRDF1 UNITY_SPECCUBE_BOX_PROJECTION UNITY_SPECCUBE_BLENDING UNITY_ENABLE_DETAIL_NORMALMAP SHADER_API_DESKTOP UNITY_COLORSPACE_GAMMA UNITY_LIGHTMAP_RGBM_ENCODING ok=1
Cmd: compileSnippet
  api=9 type=1 insize=1424 outsize=0 kw=_METALLICGLOSSMAP pd=UNITY_ENABLE_REFLECTION_BUFFERS UNITY_USE_DITHER_MASK_FOR_ALPHABLENDED_SHADOWS UNITY_PBS_USE_BRDF1 UNITY_SPECCUBE_BOX_PROJECTION UNITY_SPECCUBE_BLENDING UNITY_ENABLE_DETAIL_NORMALMAP SHADER_API_DESKTOP UNITY_COLORSPACE_GAMMA UNITY_LIGHTMAP_RGBM_ENCODING ok=1
Cmd: compileSnippet
  api=9 type=1 insize=1424 outsize=0 kw=_EMISSION _METALLICGLOSSMAP _PARALLAXMAP pd=UNITY_ENABLE_REFLECTION_BUFFERS UNITY_USE_DITHER_MASK_FOR_ALPHABLENDED_SHADOWS UNITY_PBS_USE_BRDF1 UNITY_SPECCUBE_BOX_PROJECTION UNITY_SPECCUBE_BLENDING UNITY_ENABLE_DETAIL_NORMALMAP SHADER_API_DESKTOP UNITY_COLORSPACE_GAMMA UNITY_LIGHTMAP_RGBM_ENCODING ok=1
Cmd: compileSnippet
  api=9 type=1 insize=1424 outsize=0 kw=_EMISSION _SMOOTHNESS_TEXTURE_ALBEDO_CHANNEL_A pd=UNITY_ENABLE_REFLECTION_BUFFERS UNITY_USE_DITHER_MASK_FOR_ALPHABLENDED_SHADOWS UNITY_PBS_USE_BRDF1 UNITY_SPECCUBE_BOX_PROJECTION UNITY_SPECCUBE_BLENDING UNITY_ENABLE_DETAIL_NORMALMAP SHADER_API_DESKTOP UNITY_COLORSPACE_GAMMA UNITY_LIGHTMAP_RGBM_ENCODING ok=1
Cmd: compileSnippet
  api=9 type=0 insize=807 outsize=4795 kw=_EMISSION pd=UNITY_ENABLE_REFLECTION_BUFFERS UNITY_USE_DITHER_MASK_FOR_ALPHABLENDED_SHADOWS UNITY_PBS_USE_BRDF1 UNITY_SPECCUBE_BOX_PROJECTION UNITY_SPECCUBE_BLENDING UNITY_ENABLE_DETAIL_NORMALMAP SHADER_API_DESKTOP UNITY_COLORSPACE_GAMMA UNITY_LIGHTMAP_RGBM_ENCODING ok=1
Cmd: compileSnippet
  api=9 type=0 insize=807 outsize=4949 kw=_EMISSION _METALLICGLOSSMAP pd=UNITY_ENABLE_REFLECTION_BUFFERS UNITY_USE_DITHER_MASK_FOR_ALPHABLENDED_SHADOWS UNITY_PBS_USE_BRDF1 UNITY_SPECCUBE_BOX_PROJECTION UNITY_SPECCUBE_BLENDING UNITY_ENABLE_DETAIL_NORMALMAP SHADER_API_DESKTOP UNITY_COLORSPACE_GAMMA UNITY_LIGHTMAP_RGBM_ENCODING ok=1
Cmd: compileSnippet
  api=9 type=1 insize=807 outsize=0 kw= pd=UNITY_ENABLE_REFLECTION_BUFFERS UNITY_USE_DITHER_MASK_FOR_ALPHABLENDED_SHADOWS UNITY_PBS_USE_BRDF1 UNITY_SPECCUBE_BOX_PROJECTION UNITY_SPECCUBE_BLENDING UNITY_ENABLE_DETAIL_NORMALMAP SHADER_API_DESKTOP UNITY_COLORSPACE_GAMMA UNITY_LIGHTMAP_RGBM_ENCODING ok=1
Cmd: compileSnippet
  api=5 type=1 insize=807 outsize=0 kw=_EMISSION _METALLICGLOSSMAP pd=UNITY_ENABLE_REFLECTION_BUFFERS UNITY_USE_DITHER_MASK_FOR_ALPHABLENDED_SHADOWS UNITY_PBS_USE_BRDF1 UNITY_SPECCUBE_BOX_PROJECTION UNITY_SPECCUBE_BLENDING UNITY_ENABLE_DETAIL_NORMALMAP SHADER_API_DESKTOP UNITY_COLORSPACE_GAMMA UNITY_LIGHTMAP_RGBM_ENCODING ok=1
Cmd: compileSnippet
  api=5 type=1 insize=807 outsize=0 kw=_EMISSION _SMOOTHNESS_TEXTURE_ALBEDO_CHANNEL_A pd=UNITY_ENABLE_REFLECTION_BUFFERS UNITY_USE_DITHER_MASK_FOR_ALPHABLENDED_SHADOWS UNITY_PBS_USE_BRDF1 UNITY_SPECCUBE_BOX_PROJECTION UNITY_SPECCUBE_BLENDING UNITY_ENABLE_DETAIL_NORMALMAP SHADER_API_DESKTOP UNITY_COLORSPACE_GAMMA UNITY_LIGHTMAP_RGBM_ENCODING ok=1
Cmd: compileSnippet
  api=5 type=0 insize=1272 outsize=7896 kw=DIRECTIONAL LIGHTPROBE_SH _EMISSION pd=UNITY_ENABLE_REFLECTION_BUFFERS UNITY_USE_DITHER_MASK_FOR_ALPHABLENDED_SHADOWS UNITY_PBS_USE_BRDF1 UNITY_SPECCUBE_BOX_PROJECTION UNITY_SPECCUBE_BLENDING UNITY_ENABLE_DETAIL_NORMALMAP SHADER_API_DESKTOP UNITY_COLORSPACE_GAMMA UNITY_LIGHTMAP_RGBM_ENCODING ok=1
Cmd: compileSnippet
  api=9 type=0 insize=1272 outsize=8173 kw=DIRECTIONAL LIGHTPROBE_SH _ALPHABLEND_ON pd=UNITY_ENABLE_REFLECTION_BUFFERS UNITY_USE_DITHER_MASK_FOR_ALPHABLENDED_SHADOWS UNITY_PBS_USE_BRDF1 UNITY_SPECCUBE_BOX_PROJECTION UNITY_SPECCUBE_BLENDING UNITY_ENABLE_DETAIL_NORMALMAP SHADER_API_DESKTOP UNITY_COLORSPACE_GAMMA UNITY_LIGHTMAP_RGBM_ENCODING ok=1
Cmd: compileSnippet
  api=9 type=0 insize=1272 outsize=8301 kw=DIRECTIONAL LIGHTPROBE_SH _METALLICGLOSSMAP pd=UNITY_ENABLE_REFLECTION_BUFFERS UNITY_USE_DITHER_MASK_FOR_ALPHABLENDED_SHADOWS UNITY_PBS_USE_BRDF1 UNITY_SPECCUBE_BOX_PROJECTION UNITY_SPECCUBE_BLENDING UNITY_ENABLE_DETAIL_NORMALMAP SHADER_API_DESKTOP UNITY_COLORSPACE_GAMMA UNITY_LIGHTMAP_RGBM_ENCODING ok=1
Cmd: compileSnippet
  api=5 type=0 insize=1272 outsize=7917 kw=DIRECTIONAL LIGHTPROBE_SH _EMISSION _SMOOTHNESS_TEXTURE_ALBEDO_CHANNEL_A pd=UNITY_ENABLE_REFLECTION_BUFFERS UNITY_USE_DITHER_MASK_FOR_ALPHABLENDED_SHADOWS UNITY_PBS_USE_BRDF1 UNITY_SPECCUBE_BOX_PROJECTION UNITY_SPECCUBE_BLENDING UNITY_ENABLE_DETAIL_NORMALMAP SHADER_API_DESKTOP UNITY_COLORSPACE_GAMMA UNITY_LIGHTMAP_RGBM_ENCODING ok=1
Cmd: compileSnippet
  api=9 type=0 insize=1272 outsize=8167 kw=DIRECTIONAL LIGHTPROBE_SH pd=UNITY_ENABLE_REFLECTION_BUFFERS UNITY_USE_DITHER_MASK_FOR_ALPHABLENDED_SHADOWS UNITY_PBS_USE_BRDF1 UNITY_SPECCUBE_BOX_PROJECTION UNITY_SPECCUBE_BLENDING UNITY_ENABLE_DETAIL_NORMALMAP SHADER_API_DESKTOP UNITY_COLORSPACE_GAMMA UNITY_LIGHTMAP_RGBM_ENCODING ok=1
Cmd: compileSnippet
  api=5 type=0 insize=1272 outsize=13464 kw=DIRECTIONAL DYNAMICLIGHTMAP_ON _EMISSION _ALPHABLEND_ON pd=UNITY_ENABLE_REFLECTION_BUFFERS UNITY_USE_DITHER_MASK_FOR_ALPHABLENDED_SHADOWS UNITY_PBS_USE_BRDF1 UNITY_SPECCUBE_BOX_PROJECTION UNITY_SPECCUBE_BLENDING UNITY_ENABLE_DETAIL_NORMALMAP SHADER_API_DESKTOP UNITY_COLORSPACE_GAMMA UNITY_LIGHTMAP_RGBM_ENCODING ok=1
Cmd: compileSnippet
  api=9 type=0 insize=1272 outsize=13758 kw=DIRECTIONAL DYNAMICLIGHTMAP_ON _METALLICGLOSSMAP pd=UNITY_ENABLE_REFLECTION_BUFFERS UNITY_USE_DITHER_MASK_FOR_ALPHABLENDED_SHADOWS UNITY_PBS_USE_BRDF1 UNITY_SPECCUBE_BOX_PROJECTION UNITY_SPECCUBE_BLENDING UNITY_ENABLE_DETAIL_NORMALMAP SHADER_API_DESKTOP UNITY_COLORSPACE_GAMMA UNITY_LIGHTMAP_RGBM_ENCODING ok=1
Cmd: compileSnippet
  api=5 type=0 insize=1272 outsize=13408 kw=DIRECTIONAL DYNAMICLIGHTMAP_ON _EMISSION _SMOOTHNESS_TEXTURE_ALBEDO_CHANNEL_A pd=UNITY_ENABLE_REFLECTION_BUFFERS UNITY_USE_DITHER_MASK_FOR_ALPHABLENDED_SHADOWS UNITY_PBS_USE_BRDF1 UNITY_SPECCUBE_BOX_PROJECTION UNITY_SPECCUBE_BLENDING UNITY_ENABLE_DETAIL_NORMALMAP SHADER_API_DESKTOP UNITY_COLORSPACE_GAMMA UNITY_LIGHTMAP_RGBM_ENCODING ok=1
Cmd: compileSnippet
  api=9 type=0 insize=1272 outsize=13618 kw=DIRECTIONAL DYNAMICLIGHTMAP_ON pd=UNITY_ENABLE_REFLECTION_BUFFERS UNITY_USE_DITHER_MASK_FOR_ALPHABLENDED_SHADOWS UNITY_PBS_USE_BRDF1 UNITY_SPECCUBE_BOX_PROJECTION UNITY_SPECCUBE_BLENDING UNITY_ENABLE_DETAIL_NORMALMAP SHADER_API_DESKTOP UNITY_COLORSPACE_GAMMA UNITY_LIGHTMAP_RGBM_ENCODING ok=1
Cmd: compileSnippet
  api=5 type=0 insize=1272 outsize=14293 kw=DIRECTIONAL SHADOWS_SCREEN _EMISSION _ALPHABLEND_ON pd=UNITY_ENABLE_REFLECTION_BUFFERS UNITY_USE_DITHER_MASK_FOR_ALPHABLENDED_SHADOWS UNITY_PBS_USE_BRDF1 UNITY_SPECCUBE_BOX_PROJECTION UNITY_SPECCUBE_BLENDING UNITY_ENABLE_DETAIL_NORMALMAP SHADER_API_DESKTOP UNITY_COLORSPACE_GAMMA UNITY_LIGHTMAP_RGBM_ENCODING ok=1
Cmd: compileSnippet
  api=9 type=0 insize=1272 outsize=14645 kw=DIRECTIONAL SHADOWS_SCREEN _METALLICGLOSSMAP pd=UNITY_ENABLE_REFLECTION_BUFFERS UNITY_USE_DITHER_MASK_FOR_ALPHABLENDED_SHADOWS UNITY_PBS_USE_BRDF1 UNITY_SPECCUBE_BOX_PROJECTION UNITY_SPECCUBE_BLENDING UNITY_ENABLE_DETAIL_NORMALMAP SHADER_API_DESKTOP UNITY_COLORSPACE_GAMMA UNITY_LIGHTMAP_RGBM_ENCODING ok=1
Cmd: compileSnippet
  api=5 type=0 insize=1272 outsize=14236 kw=DIRECTIONAL SHADOWS_SCREEN _EMISSION _SMOOTHNESS_TEXTURE_ALBEDO_CHANNEL_A pd=UNITY_ENABLE_REFLECTION_BUFFERS UNITY_USE_DITHER_MASK_FOR_ALPHABLENDED_SHADOWS UNITY_PBS_USE_BRDF1 UNITY_SPECCUBE_BOX_PROJECTION UNITY_SPECCUBE_BLENDING UNITY_ENABLE_DETAIL_NORMALMAP SHADER_API_DESKTOP UNITY_COLORSPACE_GAMMA UNITY_LIGHTMAP_RGBM_ENCODING ok=1
Cmd: compileSnippet
  api=9 type=0 insize=1272 outsize=14448 kw=DIRECTIONAL SHADOWS_SCREEN pd=UNITY_ENABLE_REFLECTION_BUFFERS UNITY_USE_DITHER_MASK_FOR_ALPHABLENDED_SHADOWS UNITY_PBS_USE_BRDF1 UNITY_SPECCUBE_BOX_PROJECTION UNITY_SPECCUBE_BLENDING UNITY_ENABLE_DETAIL_NORMALMAP SHADER_API_DESKTOP UNITY_COLORSPACE_GAMMA UNITY_LIGHTMAP_RGBM_ENCODING ok=1
Cmd: compileSnippet
  api=5 type=0 insize=1272 outsize=15650 kw=DIRECTIONAL SHADOWS_SCREEN LIGHTPROBE_SH _EMISSION _ALPHABLEND_ON pd=UNITY_ENABLE_REFLECTION_BUFFERS UNITY_USE_DITHER_MASK_FOR_ALPHABLENDED_SHADOWS UNITY_PBS_USE_BRDF1 UNITY_SPECCUBE_BOX_PROJECTION UNITY_SPECCUBE_BLENDING UNITY_ENABLE_DETAIL_NORMALMAP SHADER_API_DESKTOP UNITY_COLORSPACE_GAMMA UNITY_LIGHTMAP_RGBM_ENCODING ok=1
Cmd: compileSnippet
  api=9 type=0 insize=1272 outsize=16104 kw=DIRECTIONAL SHADOWS_SCREEN LIGHTPROBE_SH _METALLICGLOSSMAP pd=UNITY_ENABLE_REFLECTION_BUFFERS UNITY_USE_DITHER_MASK_FOR_ALPHABLENDED_SHADOWS UNITY_PBS_USE_BRDF1 UNITY_SPECCUBE_BOX_PROJECTION UNITY_SPECCUBE_BLENDING UNITY_ENABLE_DETAIL_NORMALMAP SHADER_API_DESKTOP UNITY_COLORSPACE_GAMMA UNITY_LIGHTMAP_RGBM_ENCODING ok=1
Cmd: compileSnippet
  api=5 type=0 insize=1272 outsize=15592 kw=DIRECTIONAL SHADOWS_SCREEN LIGHTPROBE_SH _EMISSION _SMOOTHNESS_TEXTURE_ALBEDO_CHANNEL_A pd=UNITY_ENABLE_REFLECTION_BUFFERS UNITY_USE_DITHER_MASK_FOR_ALPHABLENDED_SHADOWS UNITY_PBS_USE_BRDF1 UNITY_SPECCUBE_BOX_PROJECTION UNITY_SPECCUBE_BLENDING UNITY_ENABLE_DETAIL_NORMALMAP SHADER_API_DESKTOP UNITY_COLORSPACE_GAMMA UNITY_LIGHTMAP_RGBM_ENCODING ok=1
Cmd: compileSnippet
  api=9 type=0 insize=1272 outsize=16049 kw=DIRECTIONAL SHADOWS_SCREEN LIGHTPROBE_SH pd=UNITY_ENABLE_REFLECTION_BUFFERS UNITY_USE_DITHER_MASK_FOR_ALPHABLENDED_SHADOWS UNITY_PBS_USE_BRDF1 UNITY_SPECCUBE_BOX_PROJECTION UNITY_SPECCUBE_BLENDING UNITY_ENABLE_DETAIL_NORMALMAP SHADER_API_DESKTOP UNITY_COLORSPACE_GAMMA UNITY_LIGHTMAP_RGBM_ENCODING ok=1
Cmd: compileSnippet
  api=5 type=0 insize=1272 outsize=15043 kw=DIRECTIONAL SHADOWS_SCREEN DYNAMICLIGHTMAP_ON _EMISSION _ALPHABLEND_ON pd=UNITY_ENABLE_REFLECTION_BUFFERS UNITY_USE_DITHER_MASK_FOR_ALPHABLENDED_SHADOWS UNITY_PBS_USE_BRDF1 UNITY_SPECCUBE_BOX_PROJECTION UNITY_SPECCUBE_BLENDING UNITY_ENABLE_DETAIL_NORMALMAP SHADER_API_DESKTOP UNITY_COLORSPACE_GAMMA UNITY_LIGHTMAP_RGBM_ENCODING ok=1
Cmd: compileSnippet
  api=9 type=0 insize=1272 outsize=15390 kw=DIRECTIONAL SHADOWS_SCREEN DYNAMICLIGHTMAP_ON _METALLICGLOSSMAP pd=UNITY_ENABLE_REFLECTION_BUFFERS UNITY_USE_DITHER_MASK_FOR_ALPHABLENDED_SHADOWS UNITY_PBS_USE_BRDF1 UNITY_SPECCUBE_BOX_PROJECTION UNITY_SPECCUBE_BLENDING UNITY_ENABLE_DETAIL_NORMALMAP SHADER_API_DESKTOP UNITY_COLORSPACE_GAMMA UNITY_LIGHTMAP_RGBM_ENCODING ok=1
Cmd: compileSnippet
  api=5 type=0 insize=1272 outsize=14985 kw=DIRECTIONAL SHADOWS_SCREEN DYNAMICLIGHTMAP_ON _EMISSION _SMOOTHNESS_TEXTURE_ALBEDO_CHANNEL_A pd=UNITY_ENABLE_REFLECTION_BUFFERS UNITY_USE_DITHER_MASK_FOR_ALPHABLENDED_SHADOWS UNITY_PBS_USE_BRDF1 UNITY_SPECCUBE_BOX_PROJECTION UNITY_SPECCUBE_BLENDING UNITY_ENABLE_DETAIL_NORMALMAP SHADER_API_DESKTOP UNITY_COLORSPACE_GAMMA UNITY_LIGHTMAP_RGBM_ENCODING ok=1
Cmd: compileSnippet
  api=9 type=0 insize=1272 outsize=15187 kw=DIRECTIONAL SHADOWS_SCREEN DYNAMICLIGHTMAP_ON pd=UNITY_ENABLE_REFLECTION_BUFFERS UNITY_USE_DITHER_MASK_FOR_ALPHABLENDED_SHADOWS UNITY_PBS_USE_BRDF1 UNITY_SPECCUBE_BOX_PROJECTION UNITY_SPECCUBE_BLENDING UNITY_ENABLE_DETAIL_NORMALMAP SHADER_API_DESKTOP UNITY_COLORSPACE_GAMMA UNITY_LIGHTMAP_RGBM_ENCODING ok=1
Cmd: compileSnippet
  api=5 type=0 insize=1272 outsize=6370 kw=DIRECTIONAL VERTEXLIGHT_ON _METALLICGLOSSMAP pd=UNITY_ENABLE_REFLECTION_BUFFERS UNITY_USE_DITHER_MASK_FOR_ALPHABLENDED_SHADOWS UNITY_PBS_USE_BRDF1 UNITY_SPECCUBE_BOX_PROJECTION UNITY_SPECCUBE_BLENDING UNITY_ENABLE_DETAIL_NORMALMAP SHADER_API_DESKTOP UNITY_COLORSPACE_GAMMA UNITY_LIGHTMAP_RGBM_ENCODING ok=1
Cmd: compileSnippet
  api=9 type=0 insize=1272 outsize=6994 kw=DIRECTIONAL _EMISSION VERTEXLIGHT_ON _METALLICGLOSSMAP pd=UNITY_ENABLE_REFLECTION_BUFFERS UNITY_USE_DITHER_MASK_FOR_ALPHABLENDED_SHADOWS UNITY_PBS_USE_BRDF1 UNITY_SPECCUBE_BOX_PROJECTION UNITY_SPECCUBE_BLENDING UNITY_ENABLE_DETAIL_NORMALMAP SHADER_API_DESKTOP UNITY_COLORSPACE_GAMMA UNITY_LIGHTMAP_RGBM_ENCODING ok=1
Cmd: compileSnippet
  api=9 type=0 insize=1272 outsize=6880 kw=DIRECTIONAL _EMISSION VERTEXLIGHT_ON _SMOOTHNESS_TEXTURE_ALBEDO_CHANNEL_A pd=UNITY_ENABLE_REFLECTION_BUFFERS UNITY_USE_DITHER_MASK_FOR_ALPHABLENDED_SHADOWS UNITY_PBS_USE_BRDF1 UNITY_SPECCUBE_BOX_PROJECTION UNITY_SPECCUBE_BLENDING UNITY_ENABLE_DETAIL_NORMALMAP SHADER_API_DESKTOP UNITY_COLORSPACE_GAMMA UNITY_LIGHTMAP_RGBM_ENCODING ok=1
Cmd: compileSnippet
  api=5 type=0 insize=1272 outsize=9556 kw=DIRECTIONAL LIGHTPROBE_SH VERTEXLIGHT_ON _ALPHABLEND_ON pd=UNITY_ENABLE_REFLECTION_BUFFERS UNITY_USE_DITHER_MASK_FOR_ALPHABLENDED_SHADOWS UNITY_PBS_USE_BRDF1 UNITY_SPECCUBE_BOX_PROJECTION UNITY_SPECCUBE_BLENDING UNITY_ENABLE_DETAIL_NORMALMAP SHADER_API_DESKTOP UNITY_COLORSPACE_GAMMA UNITY_LIGHTMAP_RGBM_ENCODING ok=1
Cmd: compileSnippet
  api=9 type=0 insize=1272 outsize=9676 kw=DIRECTIONAL LIGHTPROBE_SH _EMISSION VERTEXLIGHT_ON _ALPHABLEND_ON pd=UNITY_ENABLE_REFLECTION_BUFFERS UNITY_USE_DITHER_MASK_FOR_ALPHABLENDED_SHADOWS UNITY_PBS_USE_BRDF1 UNITY_SPECCUBE_BOX_PROJECTION UNITY_SPECCUBE_BLENDING UNITY_ENABLE_DETAIL_NORMALMAP SHADER_API_DESKTOP UNITY_COLORSPACE_GAMMA UNITY_LIGHTMAP_RGBM_ENCODING ok=1
Cmd: compileSnippet
  api=5 type=0 insize=1272 outsize=9557 kw=DIRECTIONAL LIGHTPROBE_SH VERTEXLIGHT_ON _SMOOTHNESS_TEXTURE_ALBEDO_CHANNEL_A pd=UNITY_ENABLE_REFLECTION_BUFFERS UNITY_USE_DITHER_MASK_FOR_ALPHABLENDED_SHADOWS UNITY_PBS_USE_BRDF1 UNITY_SPECCUBE_BOX_PROJECTION UNITY_SPECCUBE_BLENDING UNITY_ENABLE_DETAIL_NORMALMAP SHADER_API_DESKTOP UNITY_COLORSPACE_GAMMA UNITY_LIGHTMAP_RGBM_ENCODING ok=1
Cmd: compileSnippet
  api=9 type=0 insize=1272 outsize=9730 kw=DIRECTIONAL LIGHTPROBE_SH _EMISSION VERTEXLIGHT_ON _SMOOTHNESS_TEXTURE_ALBEDO_CHANNEL_A pd=UNITY_ENABLE_REFLECTION_BUFFERS UNITY_USE_DITHER_MASK_FOR_ALPHABLENDED_SHADOWS UNITY_PBS_USE_BRDF1 UNITY_SPECCUBE_BOX_PROJECTION UNITY_SPECCUBE_BLENDING UNITY_ENABLE_DETAIL_NORMALMAP SHADER_API_DESKTOP UNITY_COLORSPACE_GAMMA UNITY_LIGHTMAP_RGBM_ENCODING ok=1
Cmd: compileSnippet
  api=5 type=0 insize=1272 outsize=13270 kw=DIRECTIONAL DYNAMICLIGHTMAP_ON VERTEXLIGHT_ON _ALPHABLEND_ON pd=UNITY_ENABLE_REFLECTION_BUFFERS UNITY_USE_DITHER_MASK_FOR_ALPHABLENDED_SHADOWS UNITY_PBS_USE_BRDF1 UNITY_SPECCUBE_BOX_PROJECTION UNITY_SPECCUBE_BLENDING UNITY_ENABLE_DETAIL_NORMALMAP SHADER_API_DESKTOP UNITY_COLORSPACE_GAMMA UNITY_LIGHTMAP_RGBM_ENCODING ok=1
Cmd: compileSnippet
  api=9 type=0 insize=1272 outsize=13954 kw=DIRECTIONAL DYNAMICLIGHTMAP_ON _EMISSION VERTEXLIGHT_ON _ALPHABLEND_ON pd=UNITY_ENABLE_REFLECTION_BUFFERS UNITY_USE_DITHER_MASK_FOR_ALPHABLENDED_SHADOWS UNITY_PBS_USE_BRDF1 UNITY_SPECCUBE_BOX_PROJECTION UNITY_SPECCUBE_BLENDING UNITY_ENABLE_DETAIL_NORMALMAP SHADER_API_DESKTOP UNITY_COLORSPACE_GAMMA UNITY_LIGHTMAP_RGBM_ENCODING ok=1
Cmd: compileSnippet
  api=5 type=0 insize=1272 outsize=13214 kw=DIRECTIONAL DYNAMICLIGHTMAP_ON VERTEXLIGHT_ON _SMOOTHNESS_TEXTURE_ALBEDO_CHANNEL_A pd=UNITY_ENABLE_REFLECTION_BUFFERS UNITY_USE_DITHER_MASK_FOR_ALPHABLENDED_SHADOWS UNITY_PBS_USE_BRDF1 UNITY_SPECCUBE_BOX_PROJECTION UNITY_SPECCUBE_BLENDING UNITY_ENABLE_DETAIL_NORMALMAP SHADER_API_DESKTOP UNITY_COLORSPACE_GAMMA UNITY_LIGHTMAP_RGBM_ENCODING ok=1
Cmd: compileSnippet
  api=9 type=0 insize=1272 outsize=13878 kw=DIRECTIONAL DYNAMICLIGHTMAP_ON _EMISSION VERTEXLIGHT_ON _SMOOTHNESS_TEXTURE_ALBEDO_CHANNEL_A pd=UNITY_ENABLE_REFLECTION_BUFFERS UNITY_USE_DITHER_MASK_FOR_ALPHABLENDED_SHADOWS UNITY_PBS_USE_BRDF1 UNITY_SPECCUBE_BOX_PROJECTION UNITY_SPECCUBE_BLENDING UNITY_ENABLE_DETAIL_NORMALMAP SHADER_API_DESKTOP UNITY_COLORSPACE_GAMMA UNITY_LIGHTMAP_RGBM_ENCODING ok=1
Cmd: compileSnippet
  api=5 type=0 insize=1272 outsize=14099 kw=DIRECTIONAL SHADOWS_SCREEN VERTEXLIGHT_ON _ALPHABLEND_ON pd=UNITY_ENABLE_REFLECTION_BUFFERS UNITY_USE_DITHER_MASK_FOR_ALPHABLENDED_SHADOWS UNITY_PBS_USE_BRDF1 UNITY_SPECCUBE_BOX_PROJECTION UNITY_SPECCUBE_BLENDING UNITY_ENABLE_DETAIL_NORMALMAP SHADER_API_DESKTOP UNITY_COLORSPACE_GAMMA UNITY_LIGHTMAP_RGBM_ENCODING ok=1
Cmd: compileSnippet
  api=9 type=0 insize=1272 outsize=14841 kw=DIRECTIONAL SHADOWS_SCREEN _EMISSION VERTEXLIGHT_ON _ALPHABLEND_ON pd=UNITY_ENABLE_REFLECTION_BUFFERS UNITY_USE_DITHER_MASK_FOR_ALPHABLENDED_SHADOWS UNITY_PBS_USE_BRDF1 UNITY_SPECCUBE_BOX_PROJECTION UNITY_SPECCUBE_BLENDING UNITY_ENABLE_DETAIL_NORMALMAP SHADER_API_DESKTOP UNITY_COLORSPACE_GAMMA UNITY_LIGHTMAP_RGBM_ENCODING ok=1
Cmd: compileSnippet
  api=5 type=0 insize=1272 outsize=14042 kw=DIRECTIONAL SHADOWS_SCREEN VERTEXLIGHT_ON _SMOOTHNESS_TEXTURE_ALBEDO_CHANNEL_A pd=UNITY_ENABLE_REFLECTION_BUFFERS UNITY_USE_DITHER_MASK_FOR_ALPHABLENDED_SHADOWS UNITY_PBS_USE_BRDF1 UNITY_SPECCUBE_BOX_PROJECTION UNITY_SPECCUBE_BLENDING UNITY_ENABLE_DETAIL_NORMALMAP SHADER_API_DESKTOP UNITY_COLORSPACE_GAMMA UNITY_LIGHTMAP_RGBM_ENCODING ok=1
Cmd: compileSnippet
  api=9 type=0 insize=1272 outsize=14765 kw=DIRECTIONAL SHADOWS_SCREEN _EMISSION VERTEXLIGHT_ON _SMOOTHNESS_TEXTURE_ALBEDO_CHANNEL_A pd=UNITY_ENABLE_REFLECTION_BUFFERS UNITY_USE_DITHER_MASK_FOR_ALPHABLENDED_SHADOWS UNITY_PBS_USE_BRDF1 UNITY_SPECCUBE_BOX_PROJECTION UNITY_SPECCUBE_BLENDING UNITY_ENABLE_DETAIL_NORMALMAP SHADER_API_DESKTOP UNITY_COLORSPACE_GAMMA UNITY_LIGHTMAP_RGBM_ENCODING ok=1
Cmd: compileSnippet
  api=5 type=0 insize=1272 outsize=17391 kw=DIRECTIONAL SHADOWS_SCREEN LIGHTPROBE_SH VERTEXLIGHT_ON _ALPHABLEND_ON pd=UNITY_ENABLE_REFLECTION_BUFFERS UNITY_USE_DITHER_MASK_FOR_ALPHABLENDED_SHADOWS UNITY_PBS_USE_BRDF1 UNITY_SPECCUBE_BOX_PROJECTION UNITY_SPECCUBE_BLENDING UNITY_ENABLE_DETAIL_NORMALMAP SHADER_API_DESKTOP UNITY_COLORSPACE_GAMMA UNITY_LIGHTMAP_RGBM_ENCODING ok=1
Cmd: compileSnippet
  api=9 type=0 insize=1272 outsize=17886 kw=DIRECTIONAL SHADOWS_SCREEN LIGHTPROBE_SH _EMISSION VERTEXLIGHT_ON _ALPHABLEND_ON pd=UNITY_ENABLE_REFLECTION_BUFFERS UNITY_USE_DITHER_MASK_FOR_ALPHABLENDED_SHADOWS UNITY_PBS_USE_BRDF1 UNITY_SPECCUBE_BOX_PROJECTION UNITY_SPECCUBE_BLENDING UNITY_ENABLE_DETAIL_NORMALMAP SHADER_API_DESKTOP UNITY_COLORSPACE_GAMMA UNITY_LIGHTMAP_RGBM_ENCODING ok=1
Cmd: compileSnippet
  api=5 type=0 insize=1272 outsize=17333 kw=DIRECTIONAL SHADOWS_SCREEN LIGHTPROBE_SH VERTEXLIGHT_ON _SMOOTHNESS_TEXTURE_ALBEDO_CHANNEL_A pd=UNITY_ENABLE_REFLECTION_BUFFERS UNITY_USE_DITHER_MASK_FOR_ALPHABLENDED_SHADOWS UNITY_PBS_USE_BRDF1 UNITY_SPECCUBE_BOX_PROJECTION UNITY_SPECCUBE_BLENDING UNITY_ENABLE_DETAIL_NORMALMAP SHADER_API_DESKTOP UNITY_COLORSPACE_GAMMA UNITY_LIGHTMAP_RGBM_ENCODING ok=1
Cmd: compileSnippet
  api=9 type=0 insize=1272 outsize=17786 kw=DIRECTIONAL SHADOWS_SCREEN LIGHTPROBE_SH _EMISSION VERTEXLIGHT_ON _SMOOTHNESS_TEXTURE_ALBEDO_CHANNEL_A pd=UNITY_ENABLE_REFLECTION_BUFFERS UNITY_USE_DITHER_MASK_FOR_ALPHABLENDED_SHADOWS UNITY_PBS_USE_BRDF1 UNITY_SPECCUBE_BOX_PROJECTION UNITY_SPECCUBE_BLENDING UNITY_ENABLE_DETAIL_NORMALMAP SHADER_API_DESKTOP UNITY_COLORSPACE_GAMMA UNITY_LIGHTMAP_RGBM_ENCODING ok=1
Cmd: compileSnippet
  api=5 type=0 insize=1272 outsize=14849 kw=DIRECTIONAL SHADOWS_SCREEN DYNAMICLIGHTMAP_ON VERTEXLIGHT_ON _ALPHABLEND_ON pd=UNITY_ENABLE_REFLECTION_BUFFERS UNITY_USE_DITHER_MASK_FOR_ALPHABLENDED_SHADOWS UNITY_PBS_USE_BRDF1 UNITY_SPECCUBE_BOX_PROJECTION UNITY_SPECCUBE_BLENDING UNITY_ENABLE_DETAIL_NORMALMAP SHADER_API_DESKTOP UNITY_COLORSPACE_GAMMA UNITY_LIGHTMAP_RGBM_ENCODING ok=1
Cmd: compileSnippet
  api=9 type=0 insize=1272 outsize=15586 kw=DIRECTIONAL SHADOWS_SCREEN DYNAMICLIGHTMAP_ON _EMISSION VERTEXLIGHT_ON _ALPHABLEND_ON pd=UNITY_ENABLE_REFLECTION_BUFFERS UNITY_USE_DITHER_MASK_FOR_ALPHABLENDED_SHADOWS UNITY_PBS_USE_BRDF1 UNITY_SPECCUBE_BOX_PROJECTION UNITY_SPECCUBE_BLENDING UNITY_ENABLE_DETAIL_NORMALMAP SHADER_API_DESKTOP UNITY_COLORSPACE_GAMMA UNITY_LIGHTMAP_RGBM_ENCODING ok=1
Cmd: compileSnippet
  api=5 type=0 insize=1272 outsize=14791 kw=DIRECTIONAL SHADOWS_SCREEN DYNAMICLIGHTMAP_ON VERTEXLIGHT_ON _SMOOTHNESS_TEXTURE_ALBEDO_CHANNEL_A pd=UNITY_ENABLE_REFLECTION_BUFFERS UNITY_USE_DITHER_MASK_FOR_ALPHABLENDED_SHADOWS UNITY_PBS_USE_BRDF1 UNITY_SPECCUBE_BOX_PROJECTION UNITY_SPECCUBE_BLENDING UNITY_ENABLE_DETAIL_NORMALMAP SHADER_API_DESKTOP UNITY_COLORSPACE_GAMMA UNITY_LIGHTMAP_RGBM_ENCODING ok=1
Cmd: compileSnippet
  api=9 type=0 insize=1272 outsize=15510 kw=DIRECTIONAL SHADOWS_SCREEN DYNAMICLIGHTMAP_ON _EMISSION VERTEXLIGHT_ON _SMOOTHNESS_TEXTURE_ALBEDO_CHANNEL_A pd=UNITY_ENABLE_REFLECTION_BUFFERS UNITY_USE_DITHER_MASK_FOR_ALPHABLENDED_SHADOWS UNITY_PBS_USE_BRDF1 UNITY_SPECCUBE_BOX_PROJECTION UNITY_SPECCUBE_BLENDING UNITY_ENABLE_DETAIL_NORMALMAP SHADER_API_DESKTOP UNITY_COLORSPACE_GAMMA UNITY_LIGHTMAP_RGBM_ENCODING ok=1
Cmd: compileSnippet
  api=5 type=0 insize=1272 outsize=6292 kw=DIRECTIONAL _ALPHABLEND_ON pd=UNITY_ENABLE_REFLECTION_BUFFERS UNITY_USE_DITHER_MASK_FOR_ALPHABLENDED_SHADOWS UNITY_PBS_USE_BRDF1 UNITY_SPECCUBE_BOX_PROJECTION UNITY_SPECCUBE_BLENDING UNITY_ENABLE_DETAIL_NORMALMAP SHADER_API_DESKTOP UNITY_COLORSPACE_GAMMA UNITY_LIGHTMAP_RGBM_ENCODING ok=1
Cmd: compileSnippet
  api=9 type=0 insize=1272 outsize=6783 kw=DIRECTIONAL _EMISSION _ALPHABLEND_ON pd=UNITY_ENABLE_REFLECTION_BUFFERS UNITY_USE_DITHER_MASK_FOR_ALPHABLENDED_SHADOWS UNITY_PBS_USE_BRDF1 UNITY_SPECCUBE_BOX_PROJECTION UNITY_SPECCUBE_BLENDING UNITY_ENABLE_DETAIL_NORMALMAP SHADER_API_DESKTOP UNITY_COLORSPACE_GAMMA UNITY_LIGHTMAP_RGBM_ENCODING ok=1
Cmd: compileSnippet
  api=5 type=0 insize=1272 outsize=6293 kw=DIRECTIONAL _SMOOTHNESS_TEXTURE_ALBEDO_CHANNEL_A pd=UNITY_ENABLE_REFLECTION_BUFFERS UNITY_USE_DITHER_MASK_FOR_ALPHABLENDED_SHADOWS UNITY_PBS_USE_BRDF1 UNITY_SPECCUBE_BOX_PROJECTION UNITY_SPECCUBE_BLENDING UNITY_ENABLE_DETAIL_NORMALMAP SHADER_API_DESKTOP UNITY_COLORSPACE_GAMMA UNITY_LIGHTMAP_RGBM_ENCODING ok=1
Cmd: compileSnippet
  api=9 type=0 insize=1272 outsize=6880 kw=DIRECTIONAL _EMISSION _SMOOTHNESS_TEXTURE_ALBEDO_CHANNEL_A pd=UNITY_ENABLE_REFLECTION_BUFFERS UNITY_USE_DITHER_MASK_FOR_ALPHABLENDED_SHADOWS UNITY_PBS_USE_BRDF1 UNITY_SPECCUBE_BOX_PROJECTION UNITY_SPECCUBE_BLENDING UNITY_ENABLE_DETAIL_NORMALMAP SHADER_API_DESKTOP UNITY_COLORSPACE_GAMMA UNITY_LIGHTMAP_RGBM_ENCODING ok=1
Cmd: compileSnippet
  api=9 type=1 insize=1272 outsize=0 kw=DIRECTIONAL LIGHTPROBE_SH _EMISSION pd=UNITY_ENABLE_REFLECTION_BUFFERS UNITY_USE_DITHER_MASK_FOR_ALPHABLENDED_SHADOWS UNITY_PBS_USE_BRDF1 UNITY_SPECCUBE_BOX_PROJECTION UNITY_SPECCUBE_BLENDING UNITY_ENABLE_DETAIL_NORMALMAP SHADER_API_DESKTOP UNITY_COLORSPACE_GAMMA UNITY_LIGHTMAP_RGBM_ENCODING ok=1
Cmd: compileSnippet
  api=9 type=1 insize=1272 outsize=0 kw=DIRECTIONAL LIGHTPROBE_SH _EMISSION _ALPHABLEND_ON pd=UNITY_ENABLE_REFLECTION_BUFFERS UNITY_USE_DITHER_MASK_FOR_ALPHABLENDED_SHADOWS UNITY_PBS_USE_BRDF1 UNITY_SPECCUBE_BOX_PROJECTION UNITY_SPECCUBE_BLENDING UNITY_ENABLE_DETAIL_NORMALMAP SHADER_API_DESKTOP UNITY_COLORSPACE_GAMMA UNITY_LIGHTMAP_RGBM_ENCODING ok=1
Cmd: compileSnippet
  api=9 type=1 insize=1272 outsize=0 kw=DIRECTIONAL LIGHTPROBE_SH _EMISSION _METALLICGLOSSMAP pd=UNITY_ENABLE_REFLECTION_BUFFERS UNITY_USE_DITHER_MASK_FOR_ALPHABLENDED_SHADOWS UNITY_PBS_USE_BRDF1 UNITY_SPECCUBE_BOX_PROJECTION UNITY_SPECCUBE_BLENDING UNITY_ENABLE_DETAIL_NORMALMAP SHADER_API_DESKTOP UNITY_COLORSPACE_GAMMA UNITY_LIGHTMAP_RGBM_ENCODING ok=1
Cmd: compileSnippet
  api=5 type=1 insize=1272 outsize=0 kw=DIRECTIONAL LIGHTPROBE_SH _EMISSION _SMOOTHNESS_TEXTURE_ALBEDO_CHANNEL_A pd=UNITY_ENABLE_REFLECTION_BUFFERS UNITY_USE_DITHER_MASK_FOR_ALPHABLENDED_SHADOWS UNITY_PBS_USE_BRDF1 UNITY_SPECCUBE_BOX_PROJECTION UNITY_SPECCUBE_BLENDING UNITY_ENABLE_DETAIL_NORMALMAP SHADER_API_DESKTOP UNITY_COLORSPACE_GAMMA UNITY_LIGHTMAP_RGBM_ENCODING ok=1
Cmd: compileSnippet
  api=5 type=1 insize=1272 outsize=0 kw=DIRECTIONAL DYNAMICLIGHTMAP_ON _EMISSION pd=UNITY_ENABLE_REFLECTION_BUFFERS UNITY_USE_DITHER_MASK_FOR_ALPHABLENDED_SHADOWS UNITY_PBS_USE_BRDF1 UNITY_SPECCUBE_BOX_PROJECTION UNITY_SPECCUBE_BLENDING UNITY_ENABLE_DETAIL_NORMALMAP SHADER_API_DESKTOP UNITY_COLORSPACE_GAMMA UNITY_LIGHTMAP_RGBM_ENCODING ok=1
Cmd: compileSnippet
  api=5 type=1 insize=1272 outsize=0 kw=DIRECTIONAL DYNAMICLIGHTMAP_ON _ALPHABLEND_ON pd=UNITY_ENABLE_REFLECTION_BUFFERS UNITY_USE_DITHER_MASK_FOR_ALPHABLENDED_SHADOWS UNITY_PBS_USE_BRDF1 UNITY_SPECCUBE_BOX_PROJECTION UNITY_SPECCUBE_BLENDING UNITY_ENABLE_DETAIL_NORMALMAP SHADER_API_DESKTOP UNITY_COLORSPACE_GAMMA UNITY_LIGHTMAP_RGBM_ENCODING ok=1
Cmd: compileSnippet
  api=5 type=1 insize=1272 outsize=0 kw=DIRECTIONAL DYNAMICLIGHTMAP_ON _METALLICGLOSSMAP pd=UNITY_ENABLE_REFLECTION_BUFFERS UNITY_USE_DITHER_MASK_FOR_ALPHABLENDED_SHADOWS UNITY_PBS_USE_BRDF1 UNITY_SPECCUBE_BOX_PROJECTION UNITY_SPECCUBE_BLENDING UNITY_ENABLE_DETAIL_NORMALMAP SHADER_API_DESKTOP UNITY_COLORSPACE_GAMMA UNITY_LIGHTMAP_RGBM_ENCODING ok=1
Cmd: compileSnippet
  api=5 type=1 insize=1272 outsize=0 kw=DIRECTIONAL DYNAMICLIGHTMAP_ON _SMOOTHNESS_TEXTURE_ALBEDO_CHANNEL_A pd=UNITY_ENABLE_REFLECTION_BUFFERS UNITY_USE_DITHER_MASK_FOR_ALPHABLENDED_SHADOWS UNITY_PBS_USE_BRDF1 UNITY_SPECCUBE_BOX_PROJECTION UNITY_SPECCUBE_BLENDING UNITY_ENABLE_DETAIL_NORMALMAP SHADER_API_DESKTOP UNITY_COLORSPACE_GAMMA UNITY_LIGHTMAP_RGBM_ENCODING ok=1
Cmd: compileSnippet
  api=9 type=1 insize=1272 outsize=0 kw=DIRECTIONAL DYNAMICLIGHTMAP_ON pd=UNITY_ENABLE_REFLECTION_BUFFERS UNITY_USE_DITHER_MASK_FOR_ALPHABLENDED_SHADOWS UNITY_PBS_USE_BRDF1 UNITY_SPECCUBE_BOX_PROJECTION UNITY_SPECCUBE_BLENDING UNITY_ENABLE_DETAIL_NORMALMAP SHADER_API_DESKTOP UNITY_COLORSPACE_GAMMA UNITY_LIGHTMAP_RGBM_ENCODING ok=1
Cmd: compileSnippet
  api=5 type=1 insize=1272 outsize=0 kw=DIRECTIONAL SHADOWS_SCREEN _EMISSION _ALPHABLEND_ON pd=UNITY_ENABLE_REFLECTION_BUFFERS UNITY_USE_DITHER_MASK_FOR_ALPHABLENDED_SHADOWS UNITY_PBS_USE_BRDF1 UNITY_SPECCUBE_BOX_PROJECTION UNITY_SPECCUBE_BLENDING UNITY_ENABLE_DETAIL_NORMALMAP SHADER_API_DESKTOP UNITY_COLORSPACE_GAMMA UNITY_LIGHTMAP_RGBM_ENCODING ok=1
Cmd: compileSnippet
  api=5 type=1 insize=1272 outsize=0 kw=DIRECTIONAL SHADOWS_SCREEN _EMISSION _METALLICGLOSSMAP pd=UNITY_ENABLE_REFLECTION_BUFFERS UNITY_USE_DITHER_MASK_FOR_ALPHABLENDED_SHADOWS UNITY_PBS_USE_BRDF1 UNITY_SPECCUBE_BOX_PROJECTION UNITY_SPECCUBE_BLENDING UNITY_ENABLE_DETAIL_NORMALMAP SHADER_API_DESKTOP UNITY_COLORSPACE_GAMMA UNITY_LIGHTMAP_RGBM_ENCODING ok=1
Cmd: compileSnippet
  api=9 type=1 insize=1272 outsize=0 kw=DIRECTIONAL SHADOWS_SCREEN _SMOOTHNESS_TEXTURE_ALBEDO_CHANNEL_A pd=UNITY_ENABLE_REFLECTION_BUFFERS UNITY_USE_DITHER_MASK_FOR_ALPHABLENDED_SHADOWS UNITY_PBS_USE_BRDF1 UNITY_SPECCUBE_BOX_PROJECTION UNITY_SPECCUBE_BLENDING UNITY_ENABLE_DETAIL_NORMALMAP SHADER_API_DESKTOP UNITY_COLORSPACE_GAMMA UNITY_LIGHTMAP_RGBM_ENCODING ok=1
Cmd: compileSnippet
  api=9 type=1 insize=1272 outsize=0 kw=DIRECTIONAL SHADOWS_SCREEN pd=UNITY_ENABLE_REFLECTION_BUFFERS UNITY_USE_DITHER_MASK_FOR_ALPHABLENDED_SHADOWS UNITY_PBS_USE_BRDF1 UNITY_SPECCUBE_BOX_PROJECTION UNITY_SPECCUBE_BLENDING UNITY_ENABLE_DETAIL_NORMALMAP SHADER_API_DESKTOP UNITY_COLORSPACE_GAMMA UNITY_LIGHTMAP_RGBM_ENCODING ok=1
Cmd: compileSnippet
  api=5 type=1 insize=1272 outsize=0 kw=DIRECTIONAL SHADOWS_SCREEN LIGHTPROBE_SH _ALPHABLEND_ON pd=UNITY_ENABLE_REFLECTION_BUFFERS UNITY_USE_DITHER_MASK_FOR_ALPHABLENDED_SHADOWS UNITY_PBS_USE_BRDF1 UNITY_SPECCUBE_BOX_PROJECTION UNITY_SPECCUBE_BLENDING UNITY_ENABLE_DETAIL_NORMALMAP SHADER_API_DESKTOP UNITY_COLORSPACE_GAMMA UNITY_LIGHTMAP_RGBM_ENCODING ok=1
Cmd: compileSnippet
  api=9 type=1 insize=1272 outsize=0 kw=DIRECTIONAL SHADOWS_SCREEN LIGHTPROBE_SH _METALLICGLOSSMAP pd=UNITY_ENABLE_REFLECTION_BUFFERS UNITY_USE_DITHER_MASK_FOR_ALPHABLENDED_SHADOWS UNITY_PBS_USE_BRDF1 UNITY_SPECCUBE_BOX_PROJECTION UNITY_SPECCUBE_BLENDING UNITY_ENABLE_DETAIL_NORMALMAP SHADER_API_DESKTOP UNITY_COLORSPACE_GAMMA UNITY_LIGHTMAP_RGBM_ENCODING ok=1
Cmd: compileSnippet
  api=9 type=1 insize=1272 outsize=0 kw=DIRECTIONAL SHADOWS_SCREEN LIGHTPROBE_SH _SMOOTHNESS_TEXTURE_ALBEDO_CHANNEL_A pd=UNITY_ENABLE_REFLECTION_BUFFERS UNITY_USE_DITHER_MASK_FOR_ALPHABLENDED_SHADOWS UNITY_PBS_USE_BRDF1 UNITY_SPECCUBE_BOX_PROJECTION UNITY_SPECCUBE_BLENDING UNITY_ENABLE_DETAIL_NORMALMAP SHADER_API_DESKTOP UNITY_COLORSPACE_GAMMA UNITY_LIGHTMAP_RGBM_ENCODING ok=1
Cmd: compileSnippet
  api=9 type=1 insize=1272 outsize=0 kw=DIRECTIONAL SHADOWS_SCREEN LIGHTPROBE_SH pd=UNITY_ENABLE_REFLECTION_BUFFERS UNITY_USE_DITHER_MASK_FOR_ALPHABLENDED_SHADOWS UNITY_PBS_USE_BRDF1 UNITY_SPECCUBE_BOX_PROJECTION UNITY_SPECCUBE_BLENDING UNITY_ENABLE_DETAIL_NORMALMAP SHADER_API_DESKTOP UNITY_COLORSPACE_GAMMA UNITY_LIGHTMAP_RGBM_ENCODING ok=1
Cmd: compileSnippet
  api=9 type=1 insize=1272 outsize=0 kw=DIRECTIONAL SHADOWS_SCREEN DYNAMICLIGHTMAP_ON _ALPHABLEND_ON pd=UNITY_ENABLE_REFLECTION_BUFFERS UNITY_USE_DITHER_MASK_FOR_ALPHABLENDED_SHADOWS UNITY_PBS_USE_BRDF1 UNITY_SPECCUBE_BOX_PROJECTION UNITY_SPECCUBE_BLENDING UNITY_ENABLE_DETAIL_NORMALMAP SHADER_API_DESKTOP UNITY_COLORSPACE_GAMMA UNITY_LIGHTMAP_RGBM_ENCODING ok=1
Cmd: compileSnippet
  api=5 type=1 insize=1272 outsize=0 kw=DIRECTIONAL SHADOWS_SCREEN DYNAMICLIGHTMAP_ON _METALLICGLOSSMAP pd=UNITY_ENABLE_REFLECTION_BUFFERS UNITY_USE_DITHER_MASK_FOR_ALPHABLENDED_SHADOWS UNITY_PBS_USE_BRDF1 UNITY_SPECCUBE_BOX_PROJECTION UNITY_SPECCUBE_BLENDING UNITY_ENABLE_DETAIL_NORMALMAP SHADER_API_DESKTOP UNITY_COLORSPACE_GAMMA UNITY_LIGHTMAP_RGBM_ENCODING ok=1
Cmd: compileSnippet
  api=5 type=1 insize=1272 outsize=0 kw=DIRECTIONAL SHADOWS_SCREEN DYNAMICLIGHTMAP_ON _SMOOTHNESS_TEXTURE_ALBEDO_CHANNEL_A pd=UNITY_ENABLE_REFLECTION_BUFFERS UNITY_USE_DITHER_MASK_FOR_ALPHABLENDED_SHADOWS UNITY_PBS_USE_BRDF1 UNITY_SPECCUBE_BOX_PROJECTION UNITY_SPECCUBE_BLENDING UNITY_ENABLE_DETAIL_NORMALMAP SHADER_API_DESKTOP UNITY_COLORSPACE_GAMMA UNITY_LIGHTMAP_RGBM_ENCODING ok=1
Cmd: compileSnippet
  api=5 type=1 insize=1272 outsize=0 kw=DIRECTIONAL SHADOWS_SCREEN DYNAMICLIGHTMAP_ON pd=UNITY_ENABLE_REFLECTION_BUFFERS UNITY_USE_DITHER_MASK_FOR_ALPHABLENDED_SHADOWS UNITY_PBS_USE_BRDF1 UNITY_SPECCUBE_BOX_PROJECTION UNITY_SPECCUBE_BLENDING UNITY_ENABLE_DETAIL_NORMALMAP SHADER_API_DESKTOP UNITY_COLORSPACE_GAMMA UNITY_LIGHTMAP_RGBM_ENCODING ok=1
Cmd: compileSnippet
  api=9 type=1 insize=1272 outsize=0 kw=DIRECTIONAL _ALPHABLEND_ON pd=UNITY_ENABLE_REFLECTION_BUFFERS UNITY_USE_DITHER_MASK_FOR_ALPHABLENDED_SHADOWS UNITY_PBS_USE_BRDF1 UNITY_SPECCUBE_BOX_PROJECTION UNITY_SPECCUBE_BLENDING UNITY_ENABLE_DETAIL_NORMALMAP SHADER_API_DESKTOP UNITY_COLORSPACE_GAMMA UNITY_LIGHTMAP_RGBM_ENCODING ok=1
Cmd: compileSnippet
  api=5 type=1 insize=1272 outsize=0 kw=DIRECTIONAL _METALLICGLOSSMAP pd=UNITY_ENABLE_REFLECTION_BUFFERS UNITY_USE_DITHER_MASK_FOR_ALPHABLENDED_SHADOWS UNITY_PBS_USE_BRDF1 UNITY_SPECCUBE_BOX_PROJECTION UNITY_SPECCUBE_BLENDING UNITY_ENABLE_DETAIL_NORMALMAP SHADER_API_DESKTOP UNITY_COLORSPACE_GAMMA UNITY_LIGHTMAP_RGBM_ENCODING ok=1
Cmd: compileSnippet
  api=9 type=1 insize=1272 outsize=0 kw=DIRECTIONAL _SMOOTHNESS_TEXTURE_ALBEDO_CHANNEL_A pd=UNITY_ENABLE_REFLECTION_BUFFERS UNITY_USE_DITHER_MASK_FOR_ALPHABLENDED_SHADOWS UNITY_PBS_USE_BRDF1 UNITY_SPECCUBE_BOX_PROJECTION UNITY_SPECCUBE_BLENDING UNITY_ENABLE_DETAIL_NORMALMAP SHADER_API_DESKTOP UNITY_COLORSPACE_GAMMA UNITY_LIGHTMAP_RGBM_ENCODING ok=1
Cmd: compileSnippet
  api=5 type=0 insize=1138 outsize=4804 kw=DIRECTIONAL _ALPHABLEND_ON pd=UNITY_ENABLE_REFLECTION_BUFFERS UNITY_USE_DITHER_MASK_FOR_ALPHABLENDED_SHADOWS UNITY_PBS_USE_BRDF1 UNITY_SPECCUBE_BOX_PROJECTION UNITY_SPECCUBE_BLENDING UNITY_ENABLE_DETAIL_NORMALMAP SHADER_API_DESKTOP UNITY_COLORSPACE_GAMMA UNITY_LIGHTMAP_RGBM_ENCODING ok=1
Cmd: compileSnippet
  api=9 type=0 insize=1138 outsize=5041 kw=DIRECTIONAL _METALLICGLOSSMAP pd=UNITY_ENABLE_REFLECTION_BUFFERS UNITY_USE_DITHER_MASK_FOR_ALPHABLENDED_SHADOWS UNITY_PBS_USE_BRDF1 UNITY_SPECCUBE_BOX_PROJECTION UNITY_SPECCUBE_BLENDING UNITY_ENABLE_DETAIL_NORMALMAP SHADER_API_DESKTOP UNITY_COLORSPACE_GAMMA UNITY_LIGHTMAP_RGBM_ENCODING ok=1
Cmd: compileSnippet
  api=9 type=0 insize=1138 outsize=4943 kw=DIRECTIONAL pd=UNITY_ENABLE_REFLECTION_BUFFERS UNITY_USE_DITHER_MASK_FOR_ALPHABLENDED_SHADOWS UNITY_PBS_USE_BRDF1 UNITY_SPECCUBE_BOX_PROJECTION UNITY_SPECCUBE_BLENDING UNITY_ENABLE_DETAIL_NORMALMAP SHADER_API_DESKTOP UNITY_COLORSPACE_GAMMA UNITY_LIGHTMAP_RGBM_ENCODING ok=1
Cmd: compileSnippet
  api=5 type=0 insize=1138 outsize=5889 kw=SPOT _SMOOTHNESS_TEXTURE_ALBEDO_CHANNEL_A pd=UNITY_ENABLE_REFLECTION_BUFFERS UNITY_USE_DITHER_MASK_FOR_ALPHABLENDED_SHADOWS UNITY_PBS_USE_BRDF1 UNITY_SPECCUBE_BOX_PROJECTION UNITY_SPECCUBE_BLENDING UNITY_ENABLE_DETAIL_NORMALMAP SHADER_API_DESKTOP UNITY_COLORSPACE_GAMMA UNITY_LIGHTMAP_RGBM_ENCODING ok=1
Cmd: compileSnippet
  api=9 type=0 insize=1138 outsize=6082 kw=SPOT pd=UNITY_ENABLE_REFLECTION_BUFFERS UNITY_USE_DITHER_MASK_FOR_ALPHABLENDED_SHADOWS UNITY_PBS_USE_BRDF1 UNITY_SPECCUBE_BOX_PROJECTION UNITY_SPECCUBE_BLENDING UNITY_ENABLE_DETAIL_NORMALMAP SHADER_API_DESKTOP UNITY_COLORSPACE_GAMMA UNITY_LIGHTMAP_RGBM_ENCODING ok=1
Cmd: compileSnippet
  api=5 type=0 insize=1138 outsize=5621 kw=POINT_COOKIE _SMOOTHNESS_TEXTURE_ALBEDO_CHANNEL_A pd=UNITY_ENABLE_REFLECTION_BUFFERS UNITY_USE_DITHER_MASK_FOR_ALPHABLENDED_SHADOWS UNITY_PBS_USE_BRDF1 UNITY_SPECCUBE_BOX_PROJECTION UNITY_SPECCUBE_BLENDING UNITY_ENABLE_DETAIL_NORMALMAP SHADER_API_DESKTOP UNITY_COLORSPACE_GAMMA UNITY_LIGHTMAP_RGBM_ENCODING ok=1
Cmd: compileSnippet
  api=9 type=0 insize=1138 outsize=5836 kw=POINT_COOKIE pd=UNITY_ENABLE_REFLECTION_BUFFERS UNITY_USE_DITHER_MASK_FOR_ALPHABLENDED_SHADOWS UNITY_PBS_USE_BRDF1 UNITY_SPECCUBE_BOX_PROJECTION UNITY_SPECCUBE_BLENDING UNITY_ENABLE_DETAIL_NORMALMAP SHADER_API_DESKTOP UNITY_COLORSPACE_GAMMA UNITY_LIGHTMAP_RGBM_ENCODING ok=1
Cmd: compileSnippet
  api=5 type=0 insize=1138 outsize=5238 kw=DIRECTIONAL_COOKIE _SMOOTHNESS_TEXTURE_ALBEDO_CHANNEL_A pd=UNITY_ENABLE_REFLECTION_BUFFERS UNITY_USE_DITHER_MASK_FOR_ALPHABLENDED_SHADOWS UNITY_PBS_USE_BRDF1 UNITY_SPECCUBE_BOX_PROJECTION UNITY_SPECCUBE_BLENDING UNITY_ENABLE_DETAIL_NORMALMAP SHADER_API_DESKTOP UNITY_COLORSPACE_GAMMA UNITY_LIGHTMAP_RGBM_ENCODING ok=1
Cmd: compileSnippet
  api=9 type=0 insize=1138 outsize=5498 kw=DIRECTIONAL_COOKIE pd=UNITY_ENABLE_REFLECTION_BUFFERS UNITY_USE_DITHER_MASK_FOR_ALPHABLENDED_SHADOWS UNITY_PBS_USE_BRDF1 UNITY_SPECCUBE_BOX_PROJECTION UNITY_SPECCUBE_BLENDING UNITY_ENABLE_DETAIL_NORMALMAP SHADER_API_DESKTOP UNITY_COLORSPACE_GAMMA UNITY_LIGHTMAP_RGBM_ENCODING ok=1
Cmd: compileSnippet
  api=5 type=0 insize=1138 outsize=6844 kw=SPOT SHADOWS_DEPTH _SMOOTHNESS_TEXTURE_ALBEDO_CHANNEL_A pd=UNITY_ENABLE_REFLECTION_BUFFERS UNITY_USE_DITHER_MASK_FOR_ALPHABLENDED_SHADOWS UNITY_PBS_USE_BRDF1 UNITY_SPECCUBE_BOX_PROJECTION UNITY_SPECCUBE_BLENDING UNITY_ENABLE_DETAIL_NORMALMAP SHADER_API_DESKTOP UNITY_COLORSPACE_GAMMA UNITY_LIGHTMAP_RGBM_ENCODING ok=1
Cmd: compileSnippet
  api=9 type=0 insize=1138 outsize=6982 kw=SPOT SHADOWS_DEPTH pd=UNITY_ENABLE_REFLECTION_BUFFERS UNITY_USE_DITHER_MASK_FOR_ALPHABLENDED_SHADOWS UNITY_PBS_USE_BRDF1 UNITY_SPECCUBE_BOX_PROJECTION UNITY_SPECCUBE_BLENDING UNITY_ENABLE_DETAIL_NORMALMAP SHADER_API_DESKTOP UNITY_COLORSPACE_GAMMA UNITY_LIGHTMAP_RGBM_ENCODING ok=1
Cmd: compileSnippet
  api=5 type=0 insize=1138 outsize=8095 kw=DIRECTIONAL SHADOWS_SCREEN _SMOOTHNESS_TEXTURE_ALBEDO_CHANNEL_A pd=UNITY_ENABLE_REFLECTION_BUFFERS UNITY_USE_DITHER_MASK_FOR_ALPHABLENDED_SHADOWS UNITY_PBS_USE_BRDF1 UNITY_SPECCUBE_BOX_PROJECTION UNITY_SPECCUBE_BLENDING UNITY_ENABLE_DETAIL_NORMALMAP SHADER_API_DESKTOP UNITY_COLORSPACE_GAMMA UNITY_LIGHTMAP_RGBM_ENCODING ok=1
Cmd: compileSnippet
  api=9 type=0 insize=1138 outsize=9186 kw=DIRECTIONAL SHADOWS_SCREEN pd=UNITY_ENABLE_REFLECTION_BUFFERS UNITY_USE_DITHER_MASK_FOR_ALPHABLENDED_SHADOWS UNITY_PBS_USE_BRDF1 UNITY_SPECCUBE_BOX_PROJECTION UNITY_SPECCUBE_BLENDING UNITY_ENABLE_DETAIL_NORMALMAP SHADER_API_DESKTOP UNITY_COLORSPACE_GAMMA UNITY_LIGHTMAP_RGBM_ENCODING ok=1
Cmd: compileSnippet
  api=5 type=0 insize=1138 outsize=8421 kw=DIRECTIONAL_COOKIE SHADOWS_SCREEN _SMOOTHNESS_TEXTURE_ALBEDO_CHANNEL_A pd=UNITY_ENABLE_REFLECTION_BUFFERS UNITY_USE_DITHER_MASK_FOR_ALPHABLENDED_SHADOWS UNITY_PBS_USE_BRDF1 UNITY_SPECCUBE_BOX_PROJECTION UNITY_SPECCUBE_BLENDING UNITY_ENABLE_DETAIL_NORMALMAP SHADER_API_DESKTOP UNITY_COLORSPACE_GAMMA UNITY_LIGHTMAP_RGBM_ENCODING ok=1
Cmd: compileSnippet
  api=9 type=0 insize=1138 outsize=9687 kw=DIRECTIONAL_COOKIE SHADOWS_SCREEN pd=UNITY_ENABLE_REFLECTION_BUFFERS UNITY_USE_DITHER_MASK_FOR_ALPHABLENDED_SHADOWS UNITY_PBS_USE_BRDF1 UNITY_SPECCUBE_BOX_PROJECTION UNITY_SPECCUBE_BLENDING UNITY_ENABLE_DETAIL_NORMALMAP SHADER_API_DESKTOP UNITY_COLORSPACE_GAMMA UNITY_LIGHTMAP_RGBM_ENCODING ok=1
Cmd: compileSnippet
  api=5 type=0 insize=1138 outsize=6564 kw=POINT SHADOWS_CUBE _SMOOTHNESS_TEXTURE_ALBEDO_CHANNEL_A pd=UNITY_ENABLE_REFLECTION_BUFFERS UNITY_USE_DITHER_MASK_FOR_ALPHABLENDED_SHADOWS UNITY_PBS_USE_BRDF1 UNITY_SPECCUBE_BOX_PROJECTION UNITY_SPECCUBE_BLENDING UNITY_ENABLE_DETAIL_NORMALMAP SHADER_API_DESKTOP UNITY_COLORSPACE_GAMMA UNITY_LIGHTMAP_RGBM_ENCODING ok=1
Cmd: compileSnippet
  api=9 type=0 insize=1138 outsize=6569 kw=POINT SHADOWS_CUBE pd=UNITY_ENABLE_REFLECTION_BUFFERS UNITY_USE_DITHER_MASK_FOR_ALPHABLENDED_SHADOWS UNITY_PBS_USE_BRDF1 UNITY_SPECCUBE_BOX_PROJECTION UNITY_SPECCUBE_BLENDING UNITY_ENABLE_DETAIL_NORMALMAP SHADER_API_DESKTOP UNITY_COLORSPACE_GAMMA UNITY_LIGHTMAP_RGBM_ENCODING ok=1
Cmd: compileSnippet
  api=5 type=0 insize=1138 outsize=6657 kw=POINT_COOKIE SHADOWS_CUBE _SMOOTHNESS_TEXTURE_ALBEDO_CHANNEL_A pd=UNITY_ENABLE_REFLECTION_BUFFERS UNITY_USE_DITHER_MASK_FOR_ALPHABLENDED_SHADOWS UNITY_PBS_USE_BRDF1 UNITY_SPECCUBE_BOX_PROJECTION UNITY_SPECCUBE_BLENDING UNITY_ENABLE_DETAIL_NORMALMAP SHADER_API_DESKTOP UNITY_COLORSPACE_GAMMA UNITY_LIGHTMAP_RGBM_ENCODING ok=1
Cmd: compileSnippet
  api=5 type=0 insize=1138 outsize=5527 kw=POINT _ALPHABLEND_ON pd=UNITY_ENABLE_REFLECTION_BUFFERS UNITY_USE_DITHER_MASK_FOR_ALPHABLENDED_SHADOWS UNITY_PBS_USE_BRDF1 UNITY_SPECCUBE_BOX_PROJECTION UNITY_SPECCUBE_BLENDING UNITY_ENABLE_DETAIL_NORMALMAP SHADER_API_DESKTOP UNITY_COLORSPACE_GAMMA UNITY_LIGHTMAP_RGBM_ENCODING ok=1
Cmd: compileSnippet
  api=9 type=0 insize=1138 outsize=5792 kw=POINT _METALLICGLOSSMAP pd=UNITY_ENABLE_REFLECTION_BUFFERS UNITY_USE_DITHER_MASK_FOR_ALPHABLENDED_SHADOWS UNITY_PBS_USE_BRDF1 UNITY_SPECCUBE_BOX_PROJECTION UNITY_SPECCUBE_BLENDING UNITY_ENABLE_DETAIL_NORMALMAP SHADER_API_DESKTOP UNITY_COLORSPACE_GAMMA UNITY_LIGHTMAP_RGBM_ENCODING ok=1
Cmd: compileSnippet
  api=9 type=1 insize=1138 outsize=0 kw=DIRECTIONAL _ALPHABLEND_ON pd=UNITY_ENABLE_REFLECTION_BUFFERS UNITY_USE_DITHER_MASK_FOR_ALPHABLENDED_SHADOWS UNITY_PBS_USE_BRDF1 UNITY_SPECCUBE_BOX_PROJECTION UNITY_SPECCUBE_BLENDING UNITY_ENABLE_DETAIL_NORMALMAP SHADER_API_DESKTOP UNITY_COLORSPACE_GAMMA UNITY_LIGHTMAP_RGBM_ENCODING ok=1
Cmd: compileSnippet
  api=5 type=1 insize=1138 outsize=0 kw=DIRECTIONAL _SMOOTHNESS_TEXTURE_ALBEDO_CHANNEL_A pd=UNITY_ENABLE_REFLECTION_BUFFERS UNITY_USE_DITHER_MASK_FOR_ALPHABLENDED_SHADOWS UNITY_PBS_USE_BRDF1 UNITY_SPECCUBE_BOX_PROJECTION UNITY_SPECCUBE_BLENDING UNITY_ENABLE_DETAIL_NORMALMAP SHADER_API_DESKTOP UNITY_COLORSPACE_GAMMA UNITY_LIGHTMAP_RGBM_ENCODING ok=1
Cmd: compileSnippet
  api=9 type=1 insize=1138 outsize=0 kw=DIRECTIONAL pd=UNITY_ENABLE_REFLECTION_BUFFERS UNITY_USE_DITHER_MASK_FOR_ALPHABLENDED_SHADOWS UNITY_PBS_USE_BRDF1 UNITY_SPECCUBE_BOX_PROJECTION UNITY_SPECCUBE_BLENDING UNITY_ENABLE_DETAIL_NORMALMAP SHADER_API_DESKTOP UNITY_COLORSPACE_GAMMA UNITY_LIGHTMAP_RGBM_ENCODING ok=1
Cmd: compileSnippet
  api=5 type=1 insize=1138 outsize=0 kw=SPOT _METALLICGLOSSMAP pd=UNITY_ENABLE_REFLECTION_BUFFERS UNITY_USE_DITHER_MASK_FOR_ALPHABLENDED_SHADOWS UNITY_PBS_USE_BRDF1 UNITY_SPECCUBE_BOX_PROJECTION UNITY_SPECCUBE_BLENDING UNITY_ENABLE_DETAIL_NORMALMAP SHADER_API_DESKTOP UNITY_COLORSPACE_GAMMA UNITY_LIGHTMAP_RGBM_ENCODING ok=1
Cmd: compileSnippet
  api=9 type=1 insize=1138 outsize=0 kw=SPOT pd=UNITY_ENABLE_REFLECTION_BUFFERS UNITY_USE_DITHER_MASK_FOR_ALPHABLENDED_SHADOWS UNITY_PBS_USE_BRDF1 UNITY_SPECCUBE_BOX_PROJECTION UNITY_SPECCUBE_BLENDING UNITY_ENABLE_DETAIL_NORMALMAP SHADER_API_DESKTOP UNITY_COLORSPACE_GAMMA UNITY_LIGHTMAP_RGBM_ENCODING ok=1
Cmd: compileSnippet
  api=9 type=1 insize=1138 outsize=0 kw=POINT_COOKIE _METALLICGLOSSMAP pd=UNITY_ENABLE_REFLECTION_BUFFERS UNITY_USE_DITHER_MASK_FOR_ALPHABLENDED_SHADOWS UNITY_PBS_USE_BRDF1 UNITY_SPECCUBE_BOX_PROJECTION UNITY_SPECCUBE_BLENDING UNITY_ENABLE_DETAIL_NORMALMAP SHADER_API_DESKTOP UNITY_COLORSPACE_GAMMA UNITY_LIGHTMAP_RGBM_ENCODING ok=1
Cmd: compileSnippet
  api=9 type=1 insize=1138 outsize=0 kw=POINT_COOKIE pd=UNITY_ENABLE_REFLECTION_BUFFERS UNITY_USE_DITHER_MASK_FOR_ALPHABLENDED_SHADOWS UNITY_PBS_USE_BRDF1 UNITY_SPECCUBE_BOX_PROJECTION UNITY_SPECCUBE_BLENDING UNITY_ENABLE_DETAIL_NORMALMAP SHADER_API_DESKTOP UNITY_COLORSPACE_GAMMA UNITY_LIGHTMAP_RGBM_ENCODING ok=1
Cmd: compileSnippet
  api=5 type=1 insize=1138 outsize=0 kw=DIRECTIONAL_COOKIE _SMOOTHNESS_TEXTURE_ALBEDO_CHANNEL_A pd=UNITY_ENABLE_REFLECTION_BUFFERS UNITY_USE_DITHER_MASK_FOR_ALPHABLENDED_SHADOWS UNITY_PBS_USE_BRDF1 UNITY_SPECCUBE_BOX_PROJECTION UNITY_SPECCUBE_BLENDING UNITY_ENABLE_DETAIL_NORMALMAP SHADER_API_DESKTOP UNITY_COLORSPACE_GAMMA UNITY_LIGHTMAP_RGBM_ENCODING ok=1
Cmd: compileSnippet
  api=9 type=1 insize=1138 outsize=0 kw=DIRECTIONAL_COOKIE pd=UNITY_ENABLE_REFLECTION_BUFFERS UNITY_USE_DITHER_MASK_FOR_ALPHABLENDED_SHADOWS UNITY_PBS_USE_BRDF1 UNITY_SPECCUBE_BOX_PROJECTION UNITY_SPECCUBE_BLENDING UNITY_ENABLE_DETAIL_NORMALMAP SHADER_API_DESKTOP UNITY_COLORSPACE_GAMMA UNITY_LIGHTMAP_RGBM_ENCODING ok=1
Cmd: compileSnippet
  api=9 type=1 insize=1138 outsize=0 kw=SPOT SHADOWS_DEPTH _SMOOTHNESS_TEXTURE_ALBEDO_CHANNEL_A pd=UNITY_ENABLE_REFLECTION_BUFFERS UNITY_USE_DITHER_MASK_FOR_ALPHABLENDED_SHADOWS UNITY_PBS_USE_BRDF1 UNITY_SPECCUBE_BOX_PROJECTION UNITY_SPECCUBE_BLENDING UNITY_ENABLE_DETAIL_NORMALMAP SHADER_API_DESKTOP UNITY_COLORSPACE_GAMMA UNITY_LIGHTMAP_RGBM_ENCODING ok=1
Cmd: compileSnippet
  api=5 type=1 insize=1138 outsize=0 kw=DIRECTIONAL SHADOWS_SCREEN _ALPHABLEND_ON pd=UNITY_ENABLE_REFLECTION_BUFFERS UNITY_USE_DITHER_MASK_FOR_ALPHABLENDED_SHADOWS UNITY_PBS_USE_BRDF1 UNITY_SPECCUBE_BOX_PROJECTION UNITY_SPECCUBE_BLENDING UNITY_ENABLE_DETAIL_NORMALMAP SHADER_API_DESKTOP UNITY_COLORSPACE_GAMMA UNITY_LIGHTMAP_RGBM_ENCODING ok=1
Cmd: compileSnippet
  api=5 type=1 insize=1138 outsize=0 kw=DIRECTIONAL SHADOWS_SCREEN _SMOOTHNESS_TEXTURE_ALBEDO_CHANNEL_A pd=UNITY_ENABLE_REFLECTION_BUFFERS UNITY_USE_DITHER_MASK_FOR_ALPHABLENDED_SHADOWS UNITY_PBS_USE_BRDF1 UNITY_SPECCUBE_BOX_PROJECTION UNITY_SPECCUBE_BLENDING UNITY_ENABLE_DETAIL_NORMALMAP SHADER_API_DESKTOP UNITY_COLORSPACE_GAMMA UNITY_LIGHTMAP_RGBM_ENCODING ok=1
Cmd: compileSnippet
  api=5 type=1 insize=1138 outsize=0 kw=DIRECTIONAL SHADOWS_SCREEN pd=UNITY_ENABLE_REFLECTION_BUFFERS UNITY_USE_DITHER_MASK_FOR_ALPHABLENDED_SHADOWS UNITY_PBS_USE_BRDF1 UNITY_SPECCUBE_BOX_PROJECTION UNITY_SPECCUBE_BLENDING UNITY_ENABLE_DETAIL_NORMALMAP SHADER_API_DESKTOP UNITY_COLORSPACE_GAMMA UNITY_LIGHTMAP_RGBM_ENCODING ok=1
Cmd: compileSnippet
  api=9 type=1 insize=1138 outsize=0 kw=DIRECTIONAL_COOKIE SHADOWS_SCREEN _SMOOTHNESS_TEXTURE_ALBEDO_CHANNEL_A pd=UNITY_ENABLE_REFLECTION_BUFFERS UNITY_USE_DITHER_MASK_FOR_ALPHABLENDED_SHADOWS UNITY_PBS_USE_BRDF1 UNITY_SPECCUBE_BOX_PROJECTION UNITY_SPECCUBE_BLENDING UNITY_ENABLE_DETAIL_NORMALMAP SHADER_API_DESKTOP UNITY_COLORSPACE_GAMMA UNITY_LIGHTMAP_RGBM_ENCODING ok=1
Cmd: compileSnippet
  api=5 type=1 insize=1138 outsize=0 kw=POINT SHADOWS_CUBE _ALPHABLEND_ON pd=UNITY_ENABLE_REFLECTION_BUFFERS UNITY_USE_DITHER_MASK_FOR_ALPHABLENDED_SHADOWS UNITY_PBS_USE_BRDF1 UNITY_SPECCUBE_BOX_PROJECTION UNITY_SPECCUBE_BLENDING UNITY_ENABLE_DETAIL_NORMALMAP SHADER_API_DESKTOP UNITY_COLORSPACE_GAMMA UNITY_LIGHTMAP_RGBM_ENCODING ok=1
Cmd: compileSnippet
  api=5 type=1 insize=1138 outsize=0 kw=POINT SHADOWS_CUBE _METALLICGLOSSMAP pd=UNITY_ENABLE_REFLECTION_BUFFERS UNITY_USE_DITHER_MASK_FOR_ALPHABLENDED_SHADOWS UNITY_PBS_USE_BRDF1 UNITY_SPECCUBE_BOX_PROJECTION UNITY_SPECCUBE_BLENDING UNITY_ENABLE_DETAIL_NORMALMAP SHADER_API_DESKTOP UNITY_COLORSPACE_GAMMA UNITY_LIGHTMAP_RGBM_ENCODING ok=1
Cmd: compileSnippet
  api=9 type=1 insize=1138 outsize=0 kw=POINT_COOKIE SHADOWS_CUBE _ALPHABLEND_ON pd=UNITY_ENABLE_REFLECTION_BUFFERS UNITY_USE_DITHER_MASK_FOR_ALPHABLENDED_SHADOWS UNITY_PBS_USE_BRDF1 UNITY_SPECCUBE_BOX_PROJECTION UNITY_SPECCUBE_BLENDING UNITY_ENABLE_DETAIL_NORMALMAP SHADER_API_DESKTOP UNITY_COLORSPACE_GAMMA UNITY_LIGHTMAP_RGBM_ENCODING ok=1
Cmd: compileSnippet
  api=5 type=1 insize=1138 outsize=0 kw=POINT_COOKIE SHADOWS_CUBE _SMOOTHNESS_TEXTURE_ALBEDO_CHANNEL_A pd=UNITY_ENABLE_REFLECTION_BUFFERS UNITY_USE_DITHER_MASK_FOR_ALPHABLENDED_SHADOWS UNITY_PBS_USE_BRDF1 UNITY_SPECCUBE_BOX_PROJECTION UNITY_SPECCUBE_BLENDING UNITY_ENABLE_DETAIL_NORMALMAP SHADER_API_DESKTOP UNITY_COLORSPACE_GAMMA UNITY_LIGHTMAP_RGBM_ENCODING ok=1
Cmd: compileSnippet
  api=9 type=1 insize=1138 outsize=0 kw=POINT _ALPHABLEND_ON pd=UNITY_ENABLE_REFLECTION_BUFFERS UNITY_USE_DITHER_MASK_FOR_ALPHABLENDED_SHADOWS UNITY_PBS_USE_BRDF1 UNITY_SPECCUBE_BOX_PROJECTION UNITY_SPECCUBE_BLENDING UNITY_ENABLE_DETAIL_NORMALMAP SHADER_API_DESKTOP UNITY_COLORSPACE_GAMMA UNITY_LIGHTMAP_RGBM_ENCODING ok=1
Cmd: compileSnippet
  api=5 type=1 insize=1138 outsize=0 kw=POINT _SMOOTHNESS_TEXTURE_ALBEDO_CHANNEL_A pd=UNITY_ENABLE_REFLECTION_BUFFERS UNITY_USE_DITHER_MASK_FOR_ALPHABLENDED_SHADOWS UNITY_PBS_USE_BRDF1 UNITY_SPECCUBE_BOX_PROJECTION UNITY_SPECCUBE_BLENDING UNITY_ENABLE_DETAIL_NORMALMAP SHADER_API_DESKTOP UNITY_COLORSPACE_GAMMA UNITY_LIGHTMAP_RGBM_ENCODING ok=1
Cmd: compileSnippet
  api=5 type=0 insize=809 outsize=1455 kw=SHADOWS_CUBE _ALPHABLEND_ON pd=UNITY_ENABLE_REFLECTION_BUFFERS UNITY_USE_DITHER_MASK_FOR_ALPHABLENDED_SHADOWS UNITY_PBS_USE_BRDF1 UNITY_SPECCUBE_BOX_PROJECTION UNITY_SPECCUBE_BLENDING UNITY_ENABLE_DETAIL_NORMALMAP SHADER_API_DESKTOP UNITY_COLORSPACE_GAMMA UNITY_LIGHTMAP_RGBM_ENCODING ok=1
Cmd: compileSnippet
  api=5 type=0 insize=809 outsize=974 kw=SHADOWS_CUBE _METALLICGLOSSMAP pd=UNITY_ENABLE_REFLECTION_BUFFERS UNITY_USE_DITHER_MASK_FOR_ALPHABLENDED_SHADOWS UNITY_PBS_USE_BRDF1 UNITY_SPECCUBE_BOX_PROJECTION UNITY_SPECCUBE_BLENDING UNITY_ENABLE_DETAIL_NORMALMAP SHADER_API_DESKTOP UNITY_COLORSPACE_GAMMA UNITY_LIGHTMAP_RGBM_ENCODING ok=1
Cmd: compileSnippet
  api=5 type=0 insize=809 outsize=1881 kw=SHADOWS_DEPTH _ALPHABLEND_ON pd=UNITY_ENABLE_REFLECTION_BUFFERS UNITY_USE_DITHER_MASK_FOR_ALPHABLENDED_SHADOWS UNITY_PBS_USE_BRDF1 UNITY_SPECCUBE_BOX_PROJECTION UNITY_SPECCUBE_BLENDING UNITY_ENABLE_DETAIL_NORMALMAP SHADER_API_DESKTOP UNITY_COLORSPACE_GAMMA UNITY_LIGHTMAP_RGBM_ENCODING ok=1
Cmd: compileSnippet
  api=9 type=0 insize=809 outsize=2606 kw=SHADOWS_DEPTH _METALLICGLOSSMAP pd=UNITY_ENABLE_REFLECTION_BUFFERS UNITY_USE_DITHER_MASK_FOR_ALPHABLENDED_SHADOWS UNITY_PBS_USE_BRDF1 UNITY_SPECCUBE_BOX_PROJECTION UNITY_SPECCUBE_BLENDING UNITY_ENABLE_DETAIL_NORMALMAP SHADER_API_DESKTOP UNITY_COLORSPACE_GAMMA UNITY_LIGHTMAP_RGBM_ENCODING ok=1
Cmd: compileSnippet
  api=5 type=1 insize=809 outsize=0 kw=SHADOWS_CUBE _ALPHABLEND_ON pd=UNITY_ENABLE_REFLECTION_BUFFERS UNITY_USE_DITHER_MASK_FOR_ALPHABLENDED_SHADOWS UNITY_PBS_USE_BRDF1 UNITY_SPECCUBE_BOX_PROJECTION UNITY_SPECCUBE_BLENDING UNITY_ENABLE_DETAIL_NORMALMAP SHADER_API_DESKTOP UNITY_COLORSPACE_GAMMA UNITY_LIGHTMAP_RGBM_ENCODING ok=1
Cmd: compileSnippet
  api=9 type=1 insize=809 outsize=0 kw=SHADOWS_CUBE pd=UNITY_ENABLE_REFLECTION_BUFFERS UNITY_USE_DITHER_MASK_FOR_ALPHABLENDED_SHADOWS UNITY_PBS_USE_BRDF1 UNITY_SPECCUBE_BOX_PROJECTION UNITY_SPECCUBE_BLENDING UNITY_ENABLE_DETAIL_NORMALMAP SHADER_API_DESKTOP UNITY_COLORSPACE_GAMMA UNITY_LIGHTMAP_RGBM_ENCODING ok=1
Cmd: compileSnippet
  api=9 type=1 insize=809 outsize=0 kw=SHADOWS_DEPTH _METALLICGLOSSMAP pd=UNITY_ENABLE_REFLECTION_BUFFERS UNITY_USE_DITHER_MASK_FOR_ALPHABLENDED_SHADOWS UNITY_PBS_USE_BRDF1 UNITY_SPECCUBE_BOX_PROJECTION UNITY_SPECCUBE_BLENDING UNITY_ENABLE_DETAIL_NORMALMAP SHADER_API_DESKTOP UNITY_COLORSPACE_GAMMA UNITY_LIGHTMAP_RGBM_ENCODING ok=1
Cmd: compileSnippet
  api=9 type=0 insize=807 outsize=4795 kw=_EMISSION pd=UNITY_ENABLE_REFLECTION_BUFFERS UNITY_USE_DITHER_MASK_FOR_ALPHABLENDED_SHADOWS UNITY_PBS_USE_BRDF1 UNITY_SPECCUBE_BOX_PROJECTION UNITY_SPECCUBE_BLENDING UNITY_ENABLE_DETAIL_NORMALMAP SHADER_API_DESKTOP UNITY_COLORSPACE_GAMMA UNITY_LIGHTMAP_RGBM_ENCODING ok=1
Cmd: compileSnippet
  api=9 type=0 insize=807 outsize=4949 kw=_EMISSION _METALLICGLOSSMAP pd=UNITY_ENABLE_REFLECTION_BUFFERS UNITY_USE_DITHER_MASK_FOR_ALPHABLENDED_SHADOWS UNITY_PBS_USE_BRDF1 UNITY_SPECCUBE_BOX_PROJECTION UNITY_SPECCUBE_BLENDING UNITY_ENABLE_DETAIL_NORMALMAP SHADER_API_DESKTOP UNITY_COLORSPACE_GAMMA UNITY_LIGHTMAP_RGBM_ENCODING ok=1
Cmd: compileSnippet
  api=9 type=1 insize=807 outsize=0 kw= pd=UNITY_ENABLE_REFLECTION_BUFFERS UNITY_USE_DITHER_MASK_FOR_ALPHABLENDED_SHADOWS UNITY_PBS_USE_BRDF1 UNITY_SPECCUBE_BOX_PROJECTION UNITY_SPECCUBE_BLENDING UNITY_ENABLE_DETAIL_NORMALMAP SHADER_API_DESKTOP UNITY_COLORSPACE_GAMMA UNITY_LIGHTMAP_RGBM_ENCODING ok=1
Cmd: compileSnippet
  api=5 type=1 insize=807 outsize=0 kw=_EMISSION _METALLICGLOSSMAP pd=UNITY_ENABLE_REFLECTION_BUFFERS UNITY_USE_DITHER_MASK_FOR_ALPHABLENDED_SHADOWS UNITY_PBS_USE_BRDF1 UNITY_SPECCUBE_BOX_PROJECTION UNITY_SPECCUBE_BLENDING UNITY_ENABLE_DETAIL_NORMALMAP SHADER_API_DESKTOP UNITY_COLORSPACE_GAMMA UNITY_LIGHTMAP_RGBM_ENCODING ok=1
Cmd: compileSnippet
  api=5 type=1 insize=807 outsize=0 kw=_EMISSION _SMOOTHNESS_TEXTURE_ALBEDO_CHANNEL_A pd=UNITY_ENABLE_REFLECTION_BUFFERS UNITY_USE_DITHER_MASK_FOR_ALPHABLENDED_SHADOWS UNITY_PBS_USE_BRDF1 UNITY_SPECCUBE_BOX_PROJECTION UNITY_SPECCUBE_BLENDING UNITY_ENABLE_DETAIL_NORMALMAP SHADER_API_DESKTOP UNITY_COLORSPACE_GAMMA UNITY_LIGHTMAP_RGBM_ENCODING ok=1
Cmd: compileSnippet
  api=5 type=0 insize=2718 outsize=2046 kw=SOFTPARTICLES_ON pd=UNITY_ENABLE_REFLECTION_BUFFERS UNITY_USE_DITHER_MASK_FOR_ALPHABLENDED_SHADOWS UNITY_PBS_USE_BRDF1 UNITY_SPECCUBE_BOX_PROJECTION UNITY_SPECCUBE_BLENDING UNITY_ENABLE_DETAIL_NORMALMAP SHADER_API_DESKTOP UNITY_COLORSPACE_GAMMA UNITY_LIGHTMAP_RGBM_ENCODING ok=1
Cmd: compileSnippet
  api=9 type=1 insize=2718 outsize=0 kw= pd=UNITY_ENABLE_REFLECTION_BUFFERS UNITY_USE_DITHER_MASK_FOR_ALPHABLENDED_SHADOWS UNITY_PBS_USE_BRDF1 UNITY_SPECCUBE_BOX_PROJECTION UNITY_SPECCUBE_BLENDING UNITY_ENABLE_DETAIL_NORMALMAP SHADER_API_DESKTOP UNITY_COLORSPACE_GAMMA UNITY_LIGHTMAP_RGBM_ENCODING ok=1
Cmd: compileSnippet
  api=9 type=0 insize=1070 outsize=1329 kw= pd=UNITY_ENABLE_REFLECTION_BUFFERS UNITY_USE_DITHER_MASK_FOR_ALPHABLENDED_SHADOWS UNITY_PBS_USE_BRDF1 UNITY_SPECCUBE_BOX_PROJECTION UNITY_SPECCUBE_BLENDING UNITY_ENABLE_DETAIL_NORMALMAP SHADER_API_DESKTOP UNITY_COLORSPACE_GAMMA UNITY_LIGHTMAP_RGBM_ENCODING ok=1
Cmd: compileSnippet
  api=9 type=0 insize=1064 outsize=1324 kw= pd=UNITY_ENABLE_REFLECTION_BUFFERS UNITY_USE_DITHER_MASK_FOR_ALPHABLENDED_SHADOWS UNITY_PBS_USE_BRDF1 UNITY_SPECCUBE_BOX_PROJECTION UNITY_SPECCUBE_BLENDING UNITY_ENABLE_DETAIL_NORMALMAP SHADER_API_DESKTOP UNITY_COLORSPACE_GAMMA UNITY_LIGHTMAP_RGBM_ENCODING ok=1
Cmd: compileSnippet
  api=9 type=0 insize=1064 outsize=1324 kw= pd=UNITY_ENABLE_REFLECTION_BUFFERS UNITY_USE_DITHER_MASK_FOR_ALPHABLENDED_SHADOWS UNITY_PBS_USE_BRDF1 UNITY_SPECCUBE_BOX_PROJECTION UNITY_SPECCUBE_BLENDING UNITY_ENABLE_DETAIL_NORMALMAP SHADER_API_DESKTOP UNITY_COLORSPACE_GAMMA UNITY_LIGHTMAP_RGBM_ENCODING ok=1
Cmd: compileSnippet
  api=9 type=1 insize=1070 outsize=0 kw= pd=UNITY_ENABLE_REFLECTION_BUFFERS UNITY_USE_DITHER_MASK_FOR_ALPHABLENDED_SHADOWS UNITY_PBS_USE_BRDF1 UNITY_SPECCUBE_BOX_PROJECTION UNITY_SPECCUBE_BLENDING UNITY_ENABLE_DETAIL_NORMALMAP SHADER_API_DESKTOP UNITY_COLORSPACE_GAMMA UNITY_LIGHTMAP_RGBM_ENCODING ok=1
Cmd: compileSnippet
  api=9 type=1 insize=1597 outsize=0 kw= pd=UNITY_ENABLE_REFLECTION_BUFFERS UNITY_USE_DITHER_MASK_FOR_ALPHABLENDED_SHADOWS UNITY_PBS_USE_BRDF1 UNITY_SPECCUBE_BOX_PROJECTION UNITY_SPECCUBE_BLENDING UNITY_ENABLE_DETAIL_NORMALMAP SHADER_API_DESKTOP UNITY_COLORSPACE_GAMMA UNITY_LIGHTMAP_RGBM_ENCODING ok=1
Cmd: compileSnippet
  api=9 type=0 insize=5067 outsize=8126 kw= pd=UNITY_NO_DXT5nm UNITY_ENABLE_REFLECTION_BUFFERS UNITY_USE_DITHER_MASK_FOR_ALPHABLENDED_SHADOWS UNITY_PBS_USE_BRDF1 UNITY_SPECCUBE_BOX_PROJECTION UNITY_SPECCUBE_BLENDING UNITY_ENABLE_DETAIL_NORMALMAP SHADER_API_DESKTOP UNITY_COLORSPACE_GAMMA UNITY_LIGHTMAP_RGBM_ENCODING ok=1
Cmd: compileSnippet
  api=9 type=1 insize=5067 outsize=0 kw= pd=UNITY_NO_DXT5nm UNITY_ENABLE_REFLECTION_BUFFERS UNITY_USE_DITHER_MASK_FOR_ALPHABLENDED_SHADOWS UNITY_PBS_USE_BRDF1 UNITY_SPECCUBE_BOX_PROJECTION UNITY_SPECCUBE_BLENDING UNITY_ENABLE_DETAIL_NORMALMAP SHADER_API_DESKTOP UNITY_COLORSPACE_GAMMA UNITY_LIGHTMAP_RGBM_ENCODING ok=1
Cmd: compileSnippet
  api=9 type=1 insize=5067 outsize=0 kw=SPOT pd=UNITY_NO_DXT5nm UNITY_ENABLE_REFLECTION_BUFFERS UNITY_USE_DITHER_MASK_FOR_ALPHABLENDED_SHADOWS UNITY_PBS_USE_BRDF1 UNITY_SPECCUBE_BOX_PROJECTION UNITY_SPECCUBE_BLENDING UNITY_ENABLE_DETAIL_NORMALMAP SHADER_API_DESKTOP UNITY_COLORSPACE_GAMMA UNITY_LIGHTMAP_RGBM_ENCODING ok=1
Cmd: compileSnippet
  api=9 type=1 insize=2363 outsize=0 kw= pd=UNITY_NO_DXT5nm UNITY_ENABLE_REFLECTION_BUFFERS UNITY_USE_DITHER_MASK_FOR_ALPHABLENDED_SHADOWS UNITY_PBS_USE_BRDF1 UNITY_SPECCUBE_BOX_PROJECTION UNITY_SPECCUBE_BLENDING UNITY_ENABLE_DETAIL_NORMALMAP SHADER_API_DESKTOP UNITY_COLORSPACE_GAMMA UNITY_LIGHTMAP_RGBM_ENCODING ok=1
Cmd: compileSnippet
  api=5 type=0 insize=848 outsize=935 kw=SHADOWS_CUBE pd=UNITY_NO_DXT5nm UNITY_ENABLE_REFLECTION_BUFFERS UNITY_USE_DITHER_MASK_FOR_ALPHABLENDED_SHADOWS UNITY_PBS_USE_BRDF1 UNITY_SPECCUBE_BOX_PROJECTION UNITY_SPECCUBE_BLENDING UNITY_ENABLE_DETAIL_NORMALMAP SHADER_API_DESKTOP UNITY_COLORSPACE_GAMMA UNITY_LIGHTMAP_RGBM_ENCODING ok=1
Cmd: compileSnippet
  api=9 type=1 insize=848 outsize=0 kw=SHADOWS_DEPTH pd=UNITY_NO_DXT5nm UNITY_ENABLE_REFLECTION_BUFFERS UNITY_USE_DITHER_MASK_FOR_ALPHABLENDED_SHADOWS UNITY_PBS_USE_BRDF1 UNITY_SPECCUBE_BOX_PROJECTION UNITY_SPECCUBE_BLENDING UNITY_ENABLE_DETAIL_NORMALMAP SHADER_API_DESKTOP UNITY_COLORSPACE_GAMMA UNITY_LIGHTMAP_RGBM_ENCODING ok=1
Cmd: compileSnippet
  api=9 type=0 insize=14041 outsize=2352 kw=DIRECTIONAL pd=UNITY_NO_DXT5nm UNITY_ENABLE_REFLECTION_BUFFERS UNITY_USE_DITHER_MASK_FOR_ALPHABLENDED_SHADOWS UNITY_PBS_USE_BRDF1 UNITY_SPECCUBE_BOX_PROJECTION UNITY_SPECCUBE_BLENDING UNITY_ENABLE_DETAIL_NORMALMAP SHADER_API_DESKTOP UNITY_COLORSPACE_GAMMA UNITY_LIGHTMAP_RGBM_ENCODING ok=1
Cmd: compileSnippet
  api=5 type=0 insize=14041 outsize=2990 kw=DIRECTIONAL DIRLIGHTMAP_COMBINED DYNAMICLIGHTMAP_ON pd=UNITY_NO_DXT5nm UNITY_ENABLE_REFLECTION_BUFFERS UNITY_USE_DITHER_MASK_FOR_ALPHABLENDED_SHADOWS UNITY_PBS_USE_BRDF1 UNITY_SPECCUBE_BOX_PROJECTION UNITY_SPECCUBE_BLENDING UNITY_ENABLE_DETAIL_NORMALMAP SHADER_API_DESKTOP UNITY_COLORSPACE_GAMMA UNITY_LIGHTMAP_RGBM_ENCODING ok=1
Cmd: compileSnippet
  api=5 type=0 insize=14041 outsize=4789 kw=DIRECTIONAL SHADOWS_SCREEN LIGHTPROBE_SH pd=UNITY_NO_DXT5nm UNITY_ENABLE_REFLECTION_BUFFERS UNITY_USE_DITHER_MASK_FOR_ALPHABLENDED_SHADOWS UNITY_PBS_USE_BRDF1 UNITY_SPECCUBE_BOX_PROJECTION UNITY_SPECCUBE_BLENDING UNITY_ENABLE_DETAIL_NORMALMAP SHADER_API_DESKTOP UNITY_COLORSPACE_GAMMA UNITY_LIGHTMAP_RGBM_ENCODING ok=1
Cmd: compileSnippet
  api=9 type=0 insize=14041 outsize=4841 kw=DIRECTIONAL SHADOWS_SCREEN DYNAMICLIGHTMAP_ON pd=UNITY_NO_DXT5nm UNITY_ENABLE_REFLECTION_BUFFERS UNITY_USE_DITHER_MASK_FOR_ALPHABLENDED_SHADOWS UNITY_PBS_USE_BRDF1 UNITY_SPECCUBE_BOX_PROJECTION UNITY_SPECCUBE_BLENDING UNITY_ENABLE_DETAIL_NORMALMAP SHADER_API_DESKTOP UNITY_COLORSPACE_GAMMA UNITY_LIGHTMAP_RGBM_ENCODING ok=1
Cmd: compileSnippet
  api=5 type=0 insize=14041 outsize=4965 kw=DIRECTIONAL LIGHTPROBE_SH VERTEXLIGHT_ON pd=UNITY_NO_DXT5nm UNITY_ENABLE_REFLECTION_BUFFERS UNITY_USE_DITHER_MASK_FOR_ALPHABLENDED_SHADOWS UNITY_PBS_USE_BRDF1 UNITY_SPECCUBE_BOX_PROJECTION UNITY_SPECCUBE_BLENDING UNITY_ENABLE_DETAIL_NORMALMAP SHADER_API_DESKTOP UNITY_COLORSPACE_GAMMA UNITY_LIGHTMAP_RGBM_ENCODING ok=1
Cmd: compileSnippet
  api=9 type=0 insize=14041 outsize=3145 kw=DIRECTIONAL DYNAMICLIGHTMAP_ON VERTEXLIGHT_ON pd=UNITY_NO_DXT5nm UNITY_ENABLE_REFLECTION_BUFFERS UNITY_USE_DITHER_MASK_FOR_ALPHABLENDED_SHADOWS UNITY_PBS_USE_BRDF1 UNITY_SPECCUBE_BOX_PROJECTION UNITY_SPECCUBE_BLENDING UNITY_ENABLE_DETAIL_NORMALMAP SHADER_API_DESKTOP UNITY_COLORSPACE_GAMMA UNITY_LIGHTMAP_RGBM_ENCODING ok=1
Cmd: compileSnippet
  api=5 type=0 insize=14041 outsize=6761 kw=DIRECTIONAL SHADOWS_SCREEN LIGHTPROBE_SH VERTEXLIGHT_ON pd=UNITY_NO_DXT5nm UNITY_ENABLE_REFLECTION_BUFFERS UNITY_USE_DITHER_MASK_FOR_ALPHABLENDED_SHADOWS UNITY_PBS_USE_BRDF1 UNITY_SPECCUBE_BOX_PROJECTION UNITY_SPECCUBE_BLENDING UNITY_ENABLE_DETAIL_NORMALMAP SHADER_API_DESKTOP UNITY_COLORSPACE_GAMMA UNITY_LIGHTMAP_RGBM_ENCODING ok=1
Cmd: compileSnippet
  api=9 type=0 insize=14041 outsize=4841 kw=DIRECTIONAL SHADOWS_SCREEN DYNAMICLIGHTMAP_ON VERTEXLIGHT_ON pd=UNITY_NO_DXT5nm UNITY_ENABLE_REFLECTION_BUFFERS UNITY_USE_DITHER_MASK_FOR_ALPHABLENDED_SHADOWS UNITY_PBS_USE_BRDF1 UNITY_SPECCUBE_BOX_PROJECTION UNITY_SPECCUBE_BLENDING UNITY_ENABLE_DETAIL_NORMALMAP SHADER_API_DESKTOP UNITY_COLORSPACE_GAMMA UNITY_LIGHTMAP_RGBM_ENCODING ok=1
Cmd: compileSnippet
  api=5 type=1 insize=14041 outsize=0 kw=DIRECTIONAL LIGHTPROBE_SH pd=UNITY_NO_DXT5nm UNITY_ENABLE_REFLECTION_BUFFERS UNITY_USE_DITHER_MASK_FOR_ALPHABLENDED_SHADOWS UNITY_PBS_USE_BRDF1 UNITY_SPECCUBE_BOX_PROJECTION UNITY_SPECCUBE_BLENDING UNITY_ENABLE_DETAIL_NORMALMAP SHADER_API_DESKTOP UNITY_COLORSPACE_GAMMA UNITY_LIGHTMAP_RGBM_ENCODING ok=1
Cmd: compileSnippet
  api=9 type=1 insize=14041 outsize=0 kw=DIRECTIONAL DIRLIGHTMAP_COMBINED DYNAMICLIGHTMAP_ON pd=UNITY_NO_DXT5nm UNITY_ENABLE_REFLECTION_BUFFERS UNITY_USE_DITHER_MASK_FOR_ALPHABLENDED_SHADOWS UNITY_PBS_USE_BRDF1 UNITY_SPECCUBE_BOX_PROJECTION UNITY_SPECCUBE_BLENDING UNITY_ENABLE_DETAIL_NORMALMAP SHADER_API_DESKTOP UNITY_COLORSPACE_GAMMA UNITY_LIGHTMAP_RGBM_ENCODING ok=1
Cmd: compileSnippet
  api=5 type=1 insize=14041 outsize=0 kw=DIRECTIONAL SHADOWS_SCREEN LIGHTPROBE_SH pd=UNITY_NO_DXT5nm UNITY_ENABLE_REFLECTION_BUFFERS UNITY_USE_DITHER_MASK_FOR_ALPHABLENDED_SHADOWS UNITY_PBS_USE_BRDF1 UNITY_SPECCUBE_BOX_PROJECTION UNITY_SPECCUBE_BLENDING UNITY_ENABLE_DETAIL_NORMALMAP SHADER_API_DESKTOP UNITY_COLORSPACE_GAMMA UNITY_LIGHTMAP_RGBM_ENCODING ok=1
Cmd: compileSnippet
  api=9 type=1 insize=14041 outsize=0 kw=DIRECTIONAL SHADOWS_SCREEN DIRLIGHTMAP_COMBINED DYNAMICLIGHTMAP_ON pd=UNITY_NO_DXT5nm UNITY_ENABLE_REFLECTION_BUFFERS UNITY_USE_DITHER_MASK_FOR_ALPHABLENDED_SHADOWS UNITY_PBS_USE_BRDF1 UNITY_SPECCUBE_BOX_PROJECTION UNITY_SPECCUBE_BLENDING UNITY_ENABLE_DETAIL_NORMALMAP SHADER_API_DESKTOP UNITY_COLORSPACE_GAMMA UNITY_LIGHTMAP_RGBM_ENCODING ok=1
Cmd: compileSnippet
  api=5 type=0 insize=4034 outsize=1826 kw=DIRECTIONAL pd=UNITY_NO_DXT5nm UNITY_ENABLE_REFLECTION_BUFFERS UNITY_USE_DITHER_MASK_FOR_ALPHABLENDED_SHADOWS UNITY_PBS_USE_BRDF1 UNITY_SPECCUBE_BOX_PROJECTION UNITY_SPECCUBE_BLENDING UNITY_ENABLE_DETAIL_NORMALMAP SHADER_API_DESKTOP UNITY_COLORSPACE_GAMMA UNITY_LIGHTMAP_RGBM_ENCODING ok=1
Cmd: compileSnippet
  api=5 type=0 insize=4034 outsize=2683 kw=SPOT pd=UNITY_NO_DXT5nm UNITY_ENABLE_REFLECTION_BUFFERS UNITY_USE_DITHER_MASK_FOR_ALPHABLENDED_SHADOWS UNITY_PBS_USE_BRDF1 UNITY_SPECCUBE_BOX_PROJECTION UNITY_SPECCUBE_BLENDING UNITY_ENABLE_DETAIL_NORMALMAP SHADER_API_DESKTOP UNITY_COLORSPACE_GAMMA UNITY_LIGHTMAP_RGBM_ENCODING ok=1
Cmd: compileSnippet
  api=5 type=0 insize=4034 outsize=2208 kw=DIRECTIONAL_COOKIE pd=UNITY_NO_DXT5nm UNITY_ENABLE_REFLECTION_BUFFERS UNITY_USE_DITHER_MASK_FOR_ALPHABLENDED_SHADOWS UNITY_PBS_USE_BRDF1 UNITY_SPECCUBE_BOX_PROJECTION UNITY_SPECCUBE_BLENDING UNITY_ENABLE_DETAIL_NORMALMAP SHADER_API_DESKTOP UNITY_COLORSPACE_GAMMA UNITY_LIGHTMAP_RGBM_ENCODING ok=1
Cmd: compileSnippet
  api=5 type=1 insize=4034 outsize=0 kw=DIRECTIONAL pd=UNITY_NO_DXT5nm UNITY_ENABLE_REFLECTION_BUFFERS UNITY_USE_DITHER_MASK_FOR_ALPHABLENDED_SHADOWS UNITY_PBS_USE_BRDF1 UNITY_SPECCUBE_BOX_PROJECTION UNITY_SPECCUBE_BLENDING UNITY_ENABLE_DETAIL_NORMALMAP SHADER_API_DESKTOP UNITY_COLORSPACE_GAMMA UNITY_LIGHTMAP_RGBM_ENCODING ok=1
Cmd: compileSnippet
  api=5 type=1 insize=4034 outsize=0 kw=POINT_COOKIE pd=UNITY_NO_DXT5nm UNITY_ENABLE_REFLECTION_BUFFERS UNITY_USE_DITHER_MASK_FOR_ALPHABLENDED_SHADOWS UNITY_PBS_USE_BRDF1 UNITY_SPECCUBE_BOX_PROJECTION UNITY_SPECCUBE_BLENDING UNITY_ENABLE_DETAIL_NORMALMAP SHADER_API_DESKTOP UNITY_COLORSPACE_GAMMA UNITY_LIGHTMAP_RGBM_ENCODING ok=1
Cmd: compileSnippet
  api=9 type=0 insize=6193 outsize=1681 kw= pd=UNITY_NO_DXT5nm UNITY_ENABLE_REFLECTION_BUFFERS UNITY_USE_DITHER_MASK_FOR_ALPHABLENDED_SHADOWS UNITY_PBS_USE_BRDF1 UNITY_SPECCUBE_BOX_PROJECTION UNITY_SPECCUBE_BLENDING UNITY_ENABLE_DETAIL_NORMALMAP SHADER_API_DESKTOP UNITY_COLORSPACE_GAMMA UNITY_LIGHTMAP_RGBM_ENCODING ok=1
Cmd: compileSnippet
  api=9 type=0 insize=12043 outsize=4116 kw= pd=UNITY_NO_DXT5nm UNITY_ENABLE_REFLECTION_BUFFERS UNITY_USE_DITHER_MASK_FOR_ALPHABLENDED_SHADOWS UNITY_PBS_USE_BRDF1 UNITY_SPECCUBE_BOX_PROJECTION UNITY_SPECCUBE_BLENDING UNITY_ENABLE_DETAIL_NORMALMAP SHADER_API_DESKTOP UNITY_COLORSPACE_GAMMA UNITY_LIGHTMAP_RGBM_ENCODING ok=1
Cmd: compileSnippet
  api=5 type=0 insize=12043 outsize=3729 kw=DIRLIGHTMAP_COMBINED DYNAMICLIGHTMAP_ON pd=UNITY_NO_DXT5nm UNITY_ENABLE_REFLECTION_BUFFERS UNITY_USE_DITHER_MASK_FOR_ALPHABLENDED_SHADOWS UNITY_PBS_USE_BRDF1 UNITY_SPECCUBE_BOX_PROJECTION UNITY_SPECCUBE_BLENDING UNITY_ENABLE_DETAIL_NORMALMAP SHADER_API_DESKTOP UNITY_COLORSPACE_GAMMA UNITY_LIGHTMAP_RGBM_ENCODING ok=1
Cmd: compileSnippet
  api=5 type=0 insize=12043 outsize=3699 kw=DYNAMICLIGHTMAP_ON UNITY_HDR_ON pd=UNITY_NO_DXT5nm UNITY_ENABLE_REFLECTION_BUFFERS UNITY_USE_DITHER_MASK_FOR_ALPHABLENDED_SHADOWS UNITY_PBS_USE_BRDF1 UNITY_SPECCUBE_BOX_PROJECTION UNITY_SPECCUBE_BLENDING UNITY_ENABLE_DETAIL_NORMALMAP SHADER_API_DESKTOP UNITY_COLORSPACE_GAMMA UNITY_LIGHTMAP_RGBM_ENCODING ok=1
Cmd: compileSnippet
  api=9 type=0 insize=12043 outsize=4745 kw=DIRLIGHTMAP_COMBINED DYNAMICLIGHTMAP_ON UNITY_HDR_ON pd=UNITY_NO_DXT5nm UNITY_ENABLE_REFLECTION_BUFFERS UNITY_USE_DITHER_MASK_FOR_ALPHABLENDED_SHADOWS UNITY_PBS_USE_BRDF1 UNITY_SPECCUBE_BOX_PROJECTION UNITY_SPECCUBE_BLENDING UNITY_ENABLE_DETAIL_NORMALMAP SHADER_API_DESKTOP UNITY_COLORSPACE_GAMMA UNITY_LIGHTMAP_RGBM_ENCODING ok=1
Cmd: compileSnippet
  api=9 type=1 insize=12043 outsize=0 kw=LIGHTPROBE_SH pd=UNITY_NO_DXT5nm UNITY_ENABLE_REFLECTION_BUFFERS UNITY_USE_DITHER_MASK_FOR_ALPHABLENDED_SHADOWS UNITY_PBS_USE_BRDF1 UNITY_SPECCUBE_BOX_PROJECTION UNITY_SPECCUBE_BLENDING UNITY_ENABLE_DETAIL_NORMALMAP SHADER_API_DESKTOP UNITY_COLORSPACE_GAMMA UNITY_LIGHTMAP_RGBM_ENCODING ok=1
Cmd: compileSnippet
  api=5 type=1 insize=12043 outsize=0 kw=DIRLIGHTMAP_COMBINED DYNAMICLIGHTMAP_ON pd=UNITY_NO_DXT5nm UNITY_ENABLE_REFLECTION_BUFFERS UNITY_USE_DITHER_MASK_FOR_ALPHABLENDED_SHADOWS UNITY_PBS_USE_BRDF1 UNITY_SPECCUBE_BOX_PROJECTION UNITY_SPECCUBE_BLENDING UNITY_ENABLE_DETAIL_NORMALMAP SHADER_API_DESKTOP UNITY_COLORSPACE_GAMMA UNITY_LIGHTMAP_RGBM_ENCODING ok=1
Cmd: compileSnippet
  api=5 type=1 insize=12043 outsize=0 kw=DYNAMICLIGHTMAP_ON UNITY_HDR_ON pd=UNITY_NO_DXT5nm UNITY_ENABLE_REFLECTION_BUFFERS UNITY_USE_DITHER_MASK_FOR_ALPHABLENDED_SHADOWS UNITY_PBS_USE_BRDF1 UNITY_SPECCUBE_BOX_PROJECTION UNITY_SPECCUBE_BLENDING UNITY_ENABLE_DETAIL_NORMALMAP SHADER_API_DESKTOP UNITY_COLORSPACE_GAMMA UNITY_LIGHTMAP_RGBM_ENCODING ok=1
Cmd: compileSnippet
  api=9 type=0 insize=12319 outsize=2492 kw= pd=UNITY_NO_DXT5nm UNITY_ENABLE_REFLECTION_BUFFERS UNITY_USE_DITHER_MASK_FOR_ALPHABLENDED_SHADOWS UNITY_PBS_USE_BRDF1 UNITY_SPECCUBE_BOX_PROJECTION UNITY_SPECCUBE_BLENDING UNITY_ENABLE_DETAIL_NORMALMAP SHADER_API_DESKTOP UNITY_COLORSPACE_GAMMA UNITY_LIGHTMAP_RGBM_ENCODING ok=1
Cmd: compileSnippet
  api=5 type=0 insize=12319 outsize=3221 kw=DIRLIGHTMAP_COMBINED DYNAMICLIGHTMAP_ON pd=UNITY_NO_DXT5nm UNITY_ENABLE_REFLECTION_BUFFERS UNITY_USE_DITHER_MASK_FOR_ALPHABLENDED_SHADOWS UNITY_PBS_USE_BRDF1 UNITY_SPECCUBE_BOX_PROJECTION UNITY_SPECCUBE_BLENDING UNITY_ENABLE_DETAIL_NORMALMAP SHADER_API_DESKTOP UNITY_COLORSPACE_GAMMA UNITY_LIGHTMAP_RGBM_ENCODING ok=1
Cmd: compileSnippet
  api=9 type=0 insize=12319 outsize=3946 kw=LIGHTPROBE_SH UNITY_HDR_ON pd=UNITY_NO_DXT5nm UNITY_ENABLE_REFLECTION_BUFFERS UNITY_USE_DITHER_MASK_FOR_ALPHABLENDED_SHADOWS UNITY_PBS_USE_BRDF1 UNITY_SPECCUBE_BOX_PROJECTION UNITY_SPECCUBE_BLENDING UNITY_ENABLE_DETAIL_NORMALMAP SHADER_API_DESKTOP UNITY_COLORSPACE_GAMMA UNITY_LIGHTMAP_RGBM_ENCODING ok=1
Cmd: compileSnippet
  api=9 type=1 insize=12319 outsize=0 kw= pd=UNITY_NO_DXT5nm UNITY_ENABLE_REFLECTION_BUFFERS UNITY_USE_DITHER_MASK_FOR_ALPHABLENDED_SHADOWS UNITY_PBS_USE_BRDF1 UNITY_SPECCUBE_BOX_PROJECTION UNITY_SPECCUBE_BLENDING UNITY_ENABLE_DETAIL_NORMALMAP SHADER_API_DESKTOP UNITY_COLORSPACE_GAMMA UNITY_LIGHTMAP_RGBM_ENCODING ok=1
Cmd: compileSnippet
  api=9 type=1 insize=12319 outsize=0 kw=DIRLIGHTMAP_COMBINED DYNAMICLIGHTMAP_ON pd=UNITY_NO_DXT5nm UNITY_ENABLE_REFLECTION_BUFFERS UNITY_USE_DITHER_MASK_FOR_ALPHABLENDED_SHADOWS UNITY_PBS_USE_BRDF1 UNITY_SPECCUBE_BOX_PROJECTION UNITY_SPECCUBE_BLENDING UNITY_ENABLE_DETAIL_NORMALMAP SHADER_API_DESKTOP UNITY_COLORSPACE_GAMMA UNITY_LIGHTMAP_RGBM_ENCODING ok=1
Cmd: compileSnippet
  api=5 type=1 insize=12319 outsize=0 kw=DYNAMICLIGHTMAP_ON UNITY_HDR_ON pd=UNITY_NO_DXT5nm UNITY_ENABLE_REFLECTION_BUFFERS UNITY_USE_DITHER_MASK_FOR_ALPHABLENDED_SHADOWS UNITY_PBS_USE_BRDF1 UNITY_SPECCUBE_BOX_PROJECTION UNITY_SPECCUBE_BLENDING UNITY_ENABLE_DETAIL_NORMALMAP SHADER_API_DESKTOP UNITY_COLORSPACE_GAMMA UNITY_LIGHTMAP_RGBM_ENCODING ok=1
Cmd: compileSnippet
  api=9 type=0 insize=3594 outsize=3348 kw= pd=UNITY_NO_DXT5nm UNITY_ENABLE_REFLECTION_BUFFERS UNITY_USE_DITHER_MASK_FOR_ALPHABLENDED_SHADOWS UNITY_PBS_USE_BRDF1 UNITY_SPECCUBE_BOX_PROJECTION UNITY_SPECCUBE_BLENDING UNITY_ENABLE_DETAIL_NORMALMAP SHADER_API_DESKTOP UNITY_COLORSPACE_GAMMA UNITY_LIGHTMAP_RGBM_ENCODING ok=1
Cmd: compileSnippet
  api=9 type=1 insize=3594 outsize=0 kw= pd=UNITY_NO_DXT5nm UNITY_ENABLE_REFLECTION_BUFFERS UNITY_USE_DITHER_MASK_FOR_ALPHABLENDED_SHADOWS UNITY_PBS_USE_BRDF1 UNITY_SPECCUBE_BOX_PROJECTION UNITY_SPECCUBE_BLENDING UNITY_ENABLE_DETAIL_NORMALMAP SHADER_API_DESKTOP UNITY_COLORSPACE_GAMMA UNITY_LIGHTMAP_RGBM_ENCODING ok=1
Cmd: compileSnippet
  api=9 type=0 insize=818 outsize=3559 kw= pd=UNITY_NO_DXT5nm UNITY_ENABLE_REFLECTION_BUFFERS UNITY_USE_DITHER_MASK_FOR_ALPHABLENDED_SHADOWS UNITY_PBS_USE_BRDF1 UNITY_SPECCUBE_BOX_PROJECTION UNITY_SPECCUBE_BLENDING UNITY_ENABLE_DETAIL_NORMALMAP SHADER_API_DESKTOP UNITY_COLORSPACE_GAMMA UNITY_LIGHTMAP_RGBM_ENCODING ok=1
Cmd: compileSnippet
  api=9 type=0 insize=1083 outsize=4170 kw= pd=UNITY_NO_DXT5nm UNITY_ENABLE_REFLECTION_BUFFERS UNITY_USE_DITHER_MASK_FOR_ALPHABLENDED_SHADOWS UNITY_PBS_USE_BRDF1 UNITY_SPECCUBE_BOX_PROJECTION UNITY_SPECCUBE_BLENDING UNITY_ENABLE_DETAIL_NORMALMAP SHADER_API_DESKTOP UNITY_COLORSPACE_GAMMA UNITY_LIGHTMAP_RGBM_ENCODING ok=1
Cmd: compileSnippet
  api=9 type=1 insize=966 outsize=0 kw= pd=UNITY_NO_DXT5nm UNITY_ENABLE_REFLECTION_BUFFERS UNITY_USE_DITHER_MASK_FOR_ALPHABLENDED_SHADOWS UNITY_PBS_USE_BRDF1 UNITY_SPECCUBE_BOX_PROJECTION UNITY_SPECCUBE_BLENDING UNITY_ENABLE_DETAIL_NORMALMAP SHADER_API_DESKTOP UNITY_COLORSPACE_GAMMA UNITY_LIGHTMAP_RGBM_ENCODING ok=1
Cmd: compileSnippet
  api=9 type=1 insize=1090 outsize=0 kw= pd=UNITY_NO_DXT5nm UNITY_ENABLE_REFLECTION_BUFFERS UNITY_USE_DITHER_MASK_FOR_ALPHABLENDED_SHADOWS UNITY_PBS_USE_BRDF1 UNITY_SPECCUBE_BOX_PROJECTION UNITY_SPECCUBE_BLENDING UNITY_ENABLE_DETAIL_NORMALMAP SHADER_API_DESKTOP UNITY_COLORSPACE_GAMMA UNITY_LIGHTMAP_RGBM_ENCODING ok=1
Cmd: compileSnippet
  api=9 type=1 insize=1241 outsize=0 kw= pd=UNITY_NO_DXT5nm UNITY_ENABLE_REFLECTION_BUFFERS UNITY_USE_DITHER_MASK_FOR_ALPHABLENDED_SHADOWS UNITY_PBS_USE_BRDF1 UNITY_SPECCUBE_BOX_PROJECTION UNITY_SPECCUBE_BLENDING UNITY_ENABLE_DETAIL_NORMALMAP SHADER_API_DESKTOP UNITY_COLORSPACE_GAMMA UNITY_LIGHTMAP_RGBM_ENCODING ok=1
Cmd: compileSnippet
  api=9 type=0 insize=1110 outsize=3638 kw= pd=UNITY_NO_DXT5nm UNITY_ENABLE_REFLECTION_BUFFERS UNITY_USE_DITHER_MASK_FOR_ALPHABLENDED_SHADOWS UNITY_PBS_USE_BRDF1 UNITY_SPECCUBE_BOX_PROJECTION UNITY_SPECCUBE_BLENDING UNITY_ENABLE_DETAIL_NORMALMAP SHADER_API_DESKTOP UNITY_COLORSPACE_GAMMA UNITY_LIGHTMAP_RGBM_ENCODING ok=1
Cmd: compileSnippet
  api=9 type=0 insize=1142 outsize=6424 kw= pd=UNITY_NO_DXT5nm UNITY_ENABLE_REFLECTION_BUFFERS UNITY_USE_DITHER_MASK_FOR_ALPHABLENDED_SHADOWS UNITY_PBS_USE_BRDF1 UNITY_SPECCUBE_BOX_PROJECTION UNITY_SPECCUBE_BLENDING UNITY_ENABLE_DETAIL_NORMALMAP SHADER_API_DESKTOP UNITY_COLORSPACE_GAMMA UNITY_LIGHTMAP_RGBM_ENCODING ok=1
Cmd: compileSnippet
  api=9 type=0 insize=1473 outsize=5622 kw=POINT pd=UNITY_NO_DXT5nm UNITY_ENABLE_REFLECTION_BUFFERS UNITY_USE_DITHER_MASK_FOR_ALPHABLENDED_SHADOWS UNITY_PBS_USE_BRDF1 UNITY_SPECCUBE_BOX_PROJECTION UNITY_SPECCUBE_BLENDING UNITY_ENABLE_DETAIL_NORMALMAP SHADER_API_DESKTOP UNITY_COLORSPACE_GAMMA UNITY_LIGHTMAP_RGBM_ENCODING ok=1
Cmd: compileSnippet
  api=5 type=0 insize=1473 outsize=4122 kw=POINT_COOKIE pd=UNITY_NO_DXT5nm UNITY_ENABLE_REFLECTION_BUFFERS UNITY_USE_DITHER_MASK_FOR_ALPHABLENDED_SHADOWS UNITY_PBS_USE_BRDF1 UNITY_SPECCUBE_BOX_PROJECTION UNITY_SPECCUBE_BLENDING UNITY_ENABLE_DETAIL_NORMALMAP SHADER_API_DESKTOP UNITY_COLORSPACE_GAMMA UNITY_LIGHTMAP_RGBM_ENCODING ok=1
Cmd: compileSnippet
  api=9 type=0 insize=1473 outsize=5753 kw=DIRECTIONAL_COOKIE pd=UNITY_NO_DXT5nm UNITY_ENABLE_REFLECTION_BUFFERS UNITY_USE_DITHER_MASK_FOR_ALPHABLENDED_SHADOWS UNITY_PBS_USE_BRDF1 UNITY_SPECCUBE_BOX_PROJECTION UNITY_SPECCUBE_BLENDING UNITY_ENABLE_DETAIL_NORMALMAP SHADER_API_DESKTOP UNITY_COLORSPACE_GAMMA UNITY_LIGHTMAP_RGBM_ENCODING ok=1
Cmd: compileSnippet
  api=5 type=0 insize=1473 outsize=4144 kw=DIRECTIONAL SHADOWS_SCREEN pd=UNITY_NO_DXT5nm UNITY_ENABLE_REFLECTION_BUFFERS UNITY_USE_DITHER_MASK_FOR_ALPHABLENDED_SHADOWS UNITY_PBS_USE_BRDF1 UNITY_SPECCUBE_BOX_PROJECTION UNITY_SPECCUBE_BLENDING UNITY_ENABLE_DETAIL_NORMALMAP SHADER_API_DESKTOP UNITY_COLORSPACE_GAMMA UNITY_LIGHTMAP_RGBM_ENCODING ok=1
Cmd: compileSnippet
  api=9 type=0 insize=1473 outsize=6338 kw=DIRECTIONAL_COOKIE SHADOWS_SCREEN pd=UNITY_NO_DXT5nm UNITY_ENABLE_REFLECTION_BUFFERS UNITY_USE_DITHER_MASK_FOR_ALPHABLENDED_SHADOWS UNITY_PBS_USE_BRDF1 UNITY_SPECCUBE_BOX_PROJECTION UNITY_SPECCUBE_BLENDING UNITY_ENABLE_DETAIL_NORMALMAP SHADER_API_DESKTOP UNITY_COLORSPACE_GAMMA UNITY_LIGHTMAP_RGBM_ENCODING ok=1
Cmd: compileSnippet
  api=5 type=0 insize=1473 outsize=5237 kw=POINT_COOKIE SHADOWS_CUBE pd=UNITY_NO_DXT5nm UNITY_ENABLE_REFLECTION_BUFFERS UNITY_USE_DITHER_MASK_FOR_ALPHABLENDED_SHADOWS UNITY_PBS_USE_BRDF1 UNITY_SPECCUBE_BOX_PROJECTION UNITY_SPECCUBE_BLENDING UNITY_ENABLE_DETAIL_NORMALMAP SHADER_API_DESKTOP UNITY_COLORSPACE_GAMMA UNITY_LIGHTMAP_RGBM_ENCODING ok=1
Cmd: compileSnippet
  api=9 type=0 insize=1473 outsize=8202 kw=POINT_COOKIE SHADOWS_CUBE SHADOWS_SOFT pd=UNITY_NO_DXT5nm UNITY_ENABLE_REFLECTION_BUFFERS UNITY_USE_DITHER_MASK_FOR_ALPHABLENDED_SHADOWS UNITY_PBS_USE_BRDF1 UNITY_SPECCUBE_BOX_PROJECTION UNITY_SPECCUBE_BLENDING UNITY_ENABLE_DETAIL_NORMALMAP SHADER_API_DESKTOP UNITY_COLORSPACE_GAMMA UNITY_LIGHTMAP_RGBM_ENCODING ok=1
Cmd: compileSnippet
  api=5 type=1 insize=1473 outsize=0 kw=DIRECTIONAL pd=UNITY_NO_DXT5nm UNITY_ENABLE_REFLECTION_BUFFERS UNITY_USE_DITHER_MASK_FOR_ALPHABLENDED_SHADOWS UNITY_PBS_USE_BRDF1 UNITY_SPECCUBE_BOX_PROJECTION UNITY_SPECCUBE_BLENDING UNITY_ENABLE_DETAIL_NORMALMAP SHADER_API_DESKTOP UNITY_COLORSPACE_GAMMA UNITY_LIGHTMAP_RGBM_ENCODING ok=1
Cmd: compileSnippet
  api=9 type=1 insize=1473 outsize=0 kw=POINT_COOKIE pd=UNITY_NO_DXT5nm UNITY_ENABLE_REFLECTION_BUFFERS UNITY_USE_DITHER_MASK_FOR_ALPHABLENDED_SHADOWS UNITY_PBS_USE_BRDF1 UNITY_SPECCUBE_BOX_PROJECTION UNITY_SPECCUBE_BLENDING UNITY_ENABLE_DETAIL_NORMALMAP SHADER_API_DESKTOP UNITY_COLORSPACE_GAMMA UNITY_LIGHTMAP_RGBM_ENCODING ok=1
Cmd: compileSnippet
  api=5 type=1 insize=1473 outsize=0 kw=DIRECTIONAL_COOKIE pd=UNITY_NO_DXT5nm UNITY_ENABLE_REFLECTION_BUFFERS UNITY_USE_DITHER_MASK_FOR_ALPHABLENDED_SHADOWS UNITY_PBS_USE_BRDF1 UNITY_SPECCUBE_BOX_PROJECTION UNITY_SPECCUBE_BLENDING UNITY_ENABLE_DETAIL_NORMALMAP SHADER_API_DESKTOP UNITY_COLORSPACE_GAMMA UNITY_LIGHTMAP_RGBM_ENCODING ok=1
Cmd: compileSnippet
  api=9 type=1 insize=1473 outsize=0 kw=SPOT SHADOWS_DEPTH SHADOWS_SOFT pd=UNITY_NO_DXT5nm UNITY_ENABLE_REFLECTION_BUFFERS UNITY_USE_DITHER_MASK_FOR_ALPHABLENDED_SHADOWS UNITY_PBS_USE_BRDF1 UNITY_SPECCUBE_BOX_PROJECTION UNITY_SPECCUBE_BLENDING UNITY_ENABLE_DETAIL_NORMALMAP SHADER_API_DESKTOP UNITY_COLORSPACE_GAMMA UNITY_LIGHTMAP_RGBM_ENCODING ok=1
Cmd: compileSnippet
  api=9 type=1 insize=1473 outsize=0 kw=DIRECTIONAL_COOKIE SHADOWS_SCREEN pd=UNITY_NO_DXT5nm UNITY_ENABLE_REFLECTION_BUFFERS UNITY_USE_DITHER_MASK_FOR_ALPHABLENDED_SHADOWS UNITY_PBS_USE_BRDF1 UNITY_SPECCUBE_BOX_PROJECTION UNITY_SPECCUBE_BLENDING UNITY_ENABLE_DETAIL_NORMALMAP SHADER_API_DESKTOP UNITY_COLORSPACE_GAMMA UNITY_LIGHTMAP_RGBM_ENCODING ok=1
Cmd: compileSnippet
  api=9 type=1 insize=1473 outsize=0 kw=POINT_COOKIE SHADOWS_CUBE pd=UNITY_NO_DXT5nm UNITY_ENABLE_REFLECTION_BUFFERS UNITY_USE_DITHER_MASK_FOR_ALPHABLENDED_SHADOWS UNITY_PBS_USE_BRDF1 UNITY_SPECCUBE_BOX_PROJECTION UNITY_SPECCUBE_BLENDING UNITY_ENABLE_DETAIL_NORMALMAP SHADER_API_DESKTOP UNITY_COLORSPACE_GAMMA UNITY_LIGHTMAP_RGBM_ENCODING ok=1
Cmd: compileSnippet
  api=5 type=1 insize=1473 outsize=0 kw=POINT_COOKIE SHADOWS_CUBE SHADOWS_SOFT pd=UNITY_NO_DXT5nm UNITY_ENABLE_REFLECTION_BUFFERS UNITY_USE_DITHER_MASK_FOR_ALPHABLENDED_SHADOWS UNITY_PBS_USE_BRDF1 UNITY_SPECCUBE_BOX_PROJECTION UNITY_SPECCUBE_BLENDING UNITY_ENABLE_DETAIL_NORMALMAP SHADER_API_DESKTOP UNITY_COLORSPACE_GAMMA UNITY_LIGHTMAP_RGBM_ENCODING ok=1
Cmd: compileSnippet
  api=5 type=0 insize=1466 outsize=3469 kw=DIRECTIONAL pd=UNITY_NO_DXT5nm UNITY_ENABLE_REFLECTION_BUFFERS UNITY_USE_DITHER_MASK_FOR_ALPHABLENDED_SHADOWS UNITY_PBS_USE_BRDF1 UNITY_SPECCUBE_BOX_PROJECTION UNITY_SPECCUBE_BLENDING UNITY_ENABLE_DETAIL_NORMALMAP SHADER_API_DESKTOP UNITY_COLORSPACE_GAMMA UNITY_LIGHTMAP_RGBM_ENCODING ok=1
Cmd: compileSnippet
  api=5 type=0 insize=1466 outsize=4160 kw=SPOT pd=UNITY_NO_DXT5nm UNITY_ENABLE_REFLECTION_BUFFERS UNITY_USE_DITHER_MASK_FOR_ALPHABLENDED_SHADOWS UNITY_PBS_USE_BRDF1 UNITY_SPECCUBE_BOX_PROJECTION UNITY_SPECCUBE_BLENDING UNITY_ENABLE_DETAIL_NORMALMAP SHADER_API_DESKTOP UNITY_COLORSPACE_GAMMA UNITY_LIGHTMAP_RGBM_ENCODING ok=1
Cmd: compileSnippet
  api=5 type=0 insize=1466 outsize=3847 kw=DIRECTIONAL_COOKIE pd=UNITY_NO_DXT5nm UNITY_ENABLE_REFLECTION_BUFFERS UNITY_USE_DITHER_MASK_FOR_ALPHABLENDED_SHADOWS UNITY_PBS_USE_BRDF1 UNITY_SPECCUBE_BOX_PROJECTION UNITY_SPECCUBE_BLENDING UNITY_ENABLE_DETAIL_NORMALMAP SHADER_API_DESKTOP UNITY_COLORSPACE_GAMMA UNITY_LIGHTMAP_RGBM_ENCODING ok=1
Cmd: compileSnippet
  api=5 type=0 insize=1466 outsize=5171 kw=SPOT SHADOWS_DEPTH pd=UNITY_NO_DXT5nm UNITY_ENABLE_REFLECTION_BUFFERS UNITY_USE_DITHER_MASK_FOR_ALPHABLENDED_SHADOWS UNITY_PBS_USE_BRDF1 UNITY_SPECCUBE_BOX_PROJECTION UNITY_SPECCUBE_BLENDING UNITY_ENABLE_DETAIL_NORMALMAP SHADER_API_DESKTOP UNITY_COLORSPACE_GAMMA UNITY_LIGHTMAP_RGBM_ENCODING ok=1
Cmd: compileSnippet
  api=9 type=0 insize=1466 outsize=8221 kw=SPOT SHADOWS_DEPTH SHADOWS_SOFT pd=UNITY_NO_DXT5nm UNITY_ENABLE_REFLECTION_BUFFERS UNITY_USE_DITHER_MASK_FOR_ALPHABLENDED_SHADOWS UNITY_PBS_USE_BRDF1 UNITY_SPECCUBE_BOX_PROJECTION UNITY_SPECCUBE_BLENDING UNITY_ENABLE_DETAIL_NORMALMAP SHADER_API_DESKTOP UNITY_COLORSPACE_GAMMA UNITY_LIGHTMAP_RGBM_ENCODING ok=1
Cmd: compileSnippet
  api=9 type=0 insize=1466 outsize=6688 kw=POINT SHADOWS_CUBE pd=UNITY_NO_DXT5nm UNITY_ENABLE_REFLECTION_BUFFERS UNITY_USE_DITHER_MASK_FOR_ALPHABLENDED_SHADOWS UNITY_PBS_USE_BRDF1 UNITY_SPECCUBE_BOX_PROJECTION UNITY_SPECCUBE_BLENDING UNITY_ENABLE_DETAIL_NORMALMAP SHADER_API_DESKTOP UNITY_COLORSPACE_GAMMA UNITY_LIGHTMAP_RGBM_ENCODING ok=1
Cmd: compileSnippet
  api=5 type=0 insize=1466 outsize=7276 kw=POINT_COOKIE SHADOWS_CUBE SHADOWS_SOFT pd=UNITY_NO_DXT5nm UNITY_ENABLE_REFLECTION_BUFFERS UNITY_USE_DITHER_MASK_FOR_ALPHABLENDED_SHADOWS UNITY_PBS_USE_BRDF1 UNITY_SPECCUBE_BOX_PROJECTION UNITY_SPECCUBE_BLENDING UNITY_ENABLE_DETAIL_NORMALMAP SHADER_API_DESKTOP UNITY_COLORSPACE_GAMMA UNITY_LIGHTMAP_RGBM_ENCODING ok=1
Cmd: compileSnippet
  api=9 type=1 insize=1466 outsize=0 kw=DIRECTIONAL pd=UNITY_NO_DXT5nm UNITY_ENABLE_REFLECTION_BUFFERS UNITY_USE_DITHER_MASK_FOR_ALPHABLENDED_SHADOWS UNITY_PBS_USE_BRDF1 UNITY_SPECCUBE_BOX_PROJECTION UNITY_SPECCUBE_BLENDING UNITY_ENABLE_DETAIL_NORMALMAP SHADER_API_DESKTOP UNITY_COLORSPACE_GAMMA UNITY_LIGHTMAP_RGBM_ENCODING ok=1
Cmd: compileSnippet
  api=9 type=1 insize=1466 outsize=0 kw=POINT_COOKIE pd=UNITY_NO_DXT5nm UNITY_ENABLE_REFLECTION_BUFFERS UNITY_USE_DITHER_MASK_FOR_ALPHABLENDED_SHADOWS UNITY_PBS_USE_BRDF1 UNITY_SPECCUBE_BOX_PROJECTION UNITY_SPECCUBE_BLENDING UNITY_ENABLE_DETAIL_NORMALMAP SHADER_API_DESKTOP UNITY_COLORSPACE_GAMMA UNITY_LIGHTMAP_RGBM_ENCODING ok=1
Cmd: compileSnippet
  api=9 type=1 insize=1466 outsize=0 kw=DIRECTIONAL_COOKIE pd=UNITY_NO_DXT5nm UNITY_ENABLE_REFLECTION_BUFFERS UNITY_USE_DITHER_MASK_FOR_ALPHABLENDED_SHADOWS UNITY_PBS_USE_BRDF1 UNITY_SPECCUBE_BOX_PROJECTION UNITY_SPECCUBE_BLENDING UNITY_ENABLE_DETAIL_NORMALMAP SHADER_API_DESKTOP UNITY_COLORSPACE_GAMMA UNITY_LIGHTMAP_RGBM_ENCODING ok=1
Cmd: compileSnippet
  api=5 type=1 insize=1466 outsize=0 kw=DIRECTIONAL SHADOWS_SCREEN pd=UNITY_NO_DXT5nm UNITY_ENABLE_REFLECTION_BUFFERS UNITY_USE_DITHER_MASK_FOR_ALPHABLENDED_SHADOWS UNITY_PBS_USE_BRDF1 UNITY_SPECCUBE_BOX_PROJECTION UNITY_SPECCUBE_BLENDING UNITY_ENABLE_DETAIL_NORMALMAP SHADER_API_DESKTOP UNITY_COLORSPACE_GAMMA UNITY_LIGHTMAP_RGBM_ENCODING ok=1
Cmd: compileSnippet
  api=9 type=1 insize=1466 outsize=0 kw=DIRECTIONAL_COOKIE SHADOWS_SCREEN pd=UNITY_NO_DXT5nm UNITY_ENABLE_REFLECTION_BUFFERS UNITY_USE_DITHER_MASK_FOR_ALPHABLENDED_SHADOWS UNITY_PBS_USE_BRDF1 UNITY_SPECCUBE_BOX_PROJECTION UNITY_SPECCUBE_BLENDING UNITY_ENABLE_DETAIL_NORMALMAP SHADER_API_DESKTOP UNITY_COLORSPACE_GAMMA UNITY_LIGHTMAP_RGBM_ENCODING ok=1
Cmd: compileSnippet
  api=9 type=1 insize=1466 outsize=0 kw=POINT SHADOWS_CUBE SHADOWS_SOFT pd=UNITY_NO_DXT5nm UNITY_ENABLE_REFLECTION_BUFFERS UNITY_USE_DITHER_MASK_FOR_ALPHABLENDED_SHADOWS UNITY_PBS_USE_BRDF1 UNITY_SPECCUBE_BOX_PROJECTION UNITY_SPECCUBE_BLENDING UNITY_ENABLE_DETAIL_NORMALMAP SHADER_API_DESKTOP UNITY_COLORSPACE_GAMMA UNITY_LIGHTMAP_RGBM_ENCODING ok=1
Cmd: compileSnippet
  api=9 type=0 insize=11179 outsize=5802 kw= pd=UNITY_NO_DXT5nm UNITY_ENABLE_REFLECTION_BUFFERS UNITY_USE_DITHER_MASK_FOR_ALPHABLENDED_SHADOWS UNITY_PBS_USE_BRDF1 UNITY_SPECCUBE_BOX_PROJECTION UNITY_SPECCUBE_BLENDING UNITY_ENABLE_DETAIL_NORMALMAP SHADER_API_DESKTOP UNITY_COLORSPACE_GAMMA UNITY_LIGHTMAP_RGBM_ENCODING ok=1
Cmd: compileSnippet
  api=5 type=0 insize=11179 outsize=3090 kw=SHADOWS_SPLIT_SPHERES SHADOWS_SINGLE_CASCADE pd=UNITY_NO_DXT5nm UNITY_ENABLE_REFLECTION_BUFFERS UNITY_USE_DITHER_MASK_FOR_ALPHABLENDED_SHADOWS UNITY_PBS_USE_BRDF1 UNITY_SPECCUBE_BOX_PROJECTION UNITY_SPECCUBE_BLENDING UNITY_ENABLE_DETAIL_NORMALMAP SHADER_API_DESKTOP UNITY_COLORSPACE_GAMMA UNITY_LIGHTMAP_RGBM_ENCODING ok=1
Cmd: compileSnippet
  api=5 type=1 insize=11179 outsize=0 kw=SHADOWS_SPLIT_SPHERES pd=UNITY_NO_DXT5nm UNITY_ENABLE_REFLECTION_BUFFERS UNITY_USE_DITHER_MASK_FOR_ALPHABLENDED_SHADOWS UNITY_PBS_USE_BRDF1 UNITY_SPECCUBE_BOX_PROJECTION UNITY_SPECCUBE_BLENDING UNITY_ENABLE_DETAIL_NORMALMAP SHADER_API_DESKTOP UNITY_COLORSPACE_GAMMA UNITY_LIGHTMAP_RGBM_ENCODING ok=1
Cmd: compileSnippet
  api=9 type=1 insize=11179 outsize=0 kw=SHADOWS_SINGLE_CASCADE pd=UNITY_NO_DXT5nm UNITY_ENABLE_REFLECTION_BUFFERS UNITY_USE_DITHER_MASK_FOR_ALPHABLENDED_SHADOWS UNITY_PBS_USE_BRDF1 UNITY_SPECCUBE_BOX_PROJECTION UNITY_SPECCUBE_BLENDING UNITY_ENABLE_DETAIL_NORMALMAP SHADER_API_DESKTOP UNITY_COLORSPACE_GAMMA UNITY_LIGHTMAP_RGBM_ENCODING ok=1
Cmd: compileSnippet
  api=9 type=0 insize=11183 outsize=5644 kw= pd=UNITY_NO_DXT5nm UNITY_ENABLE_REFLECTION_BUFFERS UNITY_USE_DITHER_MASK_FOR_ALPHABLENDED_SHADOWS UNITY_PBS_USE_BRDF1 UNITY_SPECCUBE_BOX_PROJECTION UNITY_SPECCUBE_BLENDING UNITY_ENABLE_DETAIL_NORMALMAP SHADER_API_DESKTOP UNITY_COLORSPACE_GAMMA UNITY_LIGHTMAP_RGBM_ENCODING ok=1
Cmd: compileSnippet
  api=9 type=0 insize=11183 outsize=3917 kw=SHADOWS_SPLIT_SPHERES SHADOWS_SINGLE_CASCADE pd=UNITY_NO_DXT5nm UNITY_ENABLE_REFLECTION_BUFFERS UNITY_USE_DITHER_MASK_FOR_ALPHABLENDED_SHADOWS UNITY_PBS_USE_BRDF1 UNITY_SPECCUBE_BOX_PROJECTION UNITY_SPECCUBE_BLENDING UNITY_ENABLE_DETAIL_NORMALMAP SHADER_API_DESKTOP UNITY_COLORSPACE_GAMMA UNITY_LIGHTMAP_RGBM_ENCODING ok=1
Cmd: compileSnippet
  api=9 type=1 insize=11183 outsize=0 kw=SHADOWS_SPLIT_SPHERES pd=UNITY_NO_DXT5nm UNITY_ENABLE_REFLECTION_BUFFERS UNITY_USE_DITHER_MASK_FOR_ALPHABLENDED_SHADOWS UNITY_PBS_USE_BRDF1 UNITY_SPECCUBE_BOX_PROJECTION UNITY_SPECCUBE_BLENDING UNITY_ENABLE_DETAIL_NORMALMAP SHADER_API_DESKTOP UNITY_COLORSPACE_GAMMA UNITY_LIGHTMAP_RGBM_ENCODING ok=1
Cmd: compileSnippet
  api=5 type=1 insize=11183 outsize=0 kw=SHADOWS_SINGLE_CASCADE pd=UNITY_NO_DXT5nm UNITY_ENABLE_REFLECTION_BUFFERS UNITY_USE_DITHER_MASK_FOR_ALPHABLENDED_SHADOWS UNITY_PBS_USE_BRDF1 UNITY_SPECCUBE_BOX_PROJECTION UNITY_SPECCUBE_BLENDING UNITY_ENABLE_DETAIL_NORMALMAP SHADER_API_DESKTOP UNITY_COLORSPACE_GAMMA UNITY_LIGHTMAP_RGBM_ENCODING ok=1
Cmd: compileSnippet
  api=9 type=0 insize=11209 outsize=10725 kw=SHADOWS_SPLIT_SPHERES pd=UNITY_NO_DXT5nm UNITY_ENABLE_REFLECTION_BUFFERS UNITY_USE_DITHER_MASK_FOR_ALPHABLENDED_SHADOWS UNITY_PBS_USE_BRDF1 UNITY_SPECCUBE_BOX_PROJECTION UNITY_SPECCUBE_BLENDING UNITY_ENABLE_DETAIL_NORMALMAP SHADER_API_DESKTOP UNITY_COLORSPACE_GAMMA UNITY_LIGHTMAP_RGBM_ENCODING ok=1
Cmd: compileSnippet
  api=9 type=0 insize=11209 outsize=8390 kw=SHADOWS_SPLIT_SPHERES SHADOWS_SINGLE_CASCADE pd=UNITY_NO_DXT5nm UNITY_ENABLE_REFLECTION_BUFFERS UNITY_USE_DITHER_MASK_FOR_ALPHABLENDED_SHADOWS UNITY_PBS_USE_BRDF1 UNITY_SPECCUBE_BOX_PROJECTION UNITY_SPECCUBE_BLENDING UNITY_ENABLE_DETAIL_NORMALMAP SHADER_API_DESKTOP UNITY_COLORSPACE_GAMMA UNITY_LIGHTMAP_RGBM_ENCODING ok=1
Cmd: compileSnippet
  api=5 type=1 insize=11209 outsize=0 kw=SHADOWS_SPLIT_SPHERES pd=UNITY_NO_DXT5nm UNITY_ENABLE_REFLECTION_BUFFERS UNITY_USE_DITHER_MASK_FOR_ALPHABLENDED_SHADOWS UNITY_PBS_USE_BRDF1 UNITY_SPECCUBE_BOX_PROJECTION UNITY_SPECCUBE_BLENDING UNITY_ENABLE_DETAIL_NORMALMAP SHADER_API_DESKTOP UNITY_COLORSPACE_GAMMA UNITY_LIGHTMAP_RGBM_ENCODING ok=1
Cmd: compileSnippet
  api=9 type=1 insize=11209 outsize=0 kw=SHADOWS_SPLIT_SPHERES SHADOWS_SINGLE_CASCADE pd=UNITY_NO_DXT5nm UNITY_ENABLE_REFLECTION_BUFFERS UNITY_USE_DITHER_MASK_FOR_ALPHABLENDED_SHADOWS UNITY_PBS_USE_BRDF1 UNITY_SPECCUBE_BOX_PROJECTION UNITY_SPECCUBE_BLENDING UNITY_ENABLE_DETAIL_NORMALMAP SHADER_API_DESKTOP UNITY_COLORSPACE_GAMMA UNITY_LIGHTMAP_RGBM_ENCODING ok=1
Cmd: compileSnippet
  api=5 type=0 insize=11213 outsize=7792 kw=SHADOWS_SPLIT_SPHERES pd=UNITY_NO_DXT5nm UNITY_ENABLE_REFLECTION_BUFFERS UNITY_USE_DITHER_MASK_FOR_ALPHABLENDED_SHADOWS UNITY_PBS_USE_BRDF1 UNITY_SPECCUBE_BOX_PROJECTION UNITY_SPECCUBE_BLENDING UNITY_ENABLE_DETAIL_NORMALMAP SHADER_API_DESKTOP UNITY_COLORSPACE_GAMMA UNITY_LIGHTMAP_RGBM_ENCODING ok=1
Cmd: compileSnippet
  api=9 type=0 insize=11213 outsize=8241 kw=SHADOWS_SINGLE_CASCADE pd=UNITY_NO_DXT5nm UNITY_ENABLE_REFLECTION_BUFFERS UNITY_USE_DITHER_MASK_FOR_ALPHABLENDED_SHADOWS UNITY_PBS_USE_BRDF1 UNITY_SPECCUBE_BOX_PROJECTION UNITY_SPECCUBE_BLENDING UNITY_ENABLE_DETAIL_NORMALMAP SHADER_API_DESKTOP UNITY_COLORSPACE_GAMMA UNITY_LIGHTMAP_RGBM_ENCODING ok=1
Cmd: compileSnippet
  api=9 type=1 insize=11213 outsize=0 kw= pd=UNITY_NO_DXT5nm UNITY_ENABLE_REFLECTION_BUFFERS UNITY_USE_DITHER_MASK_FOR_ALPHABLENDED_SHADOWS UNITY_PBS_USE_BRDF1 UNITY_SPECCUBE_BOX_PROJECTION UNITY_SPECCUBE_BLENDING UNITY_ENABLE_DETAIL_NORMALMAP SHADER_API_DESKTOP UNITY_COLORSPACE_GAMMA UNITY_LIGHTMAP_RGBM_ENCODING ok=1
Cmd: compileSnippet
  api=9 type=1 insize=11213 outsize=0 kw=SHADOWS_SINGLE_CASCADE pd=UNITY_NO_DXT5nm UNITY_ENABLE_REFLECTION_BUFFERS UNITY_USE_DITHER_MASK_FOR_ALPHABLENDED_SHADOWS UNITY_PBS_USE_BRDF1 UNITY_SPECCUBE_BOX_PROJECTION UNITY_SPECCUBE_BLENDING UNITY_ENABLE_DETAIL_NORMALMAP SHADER_API_DESKTOP UNITY_COLORSPACE_GAMMA UNITY_LIGHTMAP_RGBM_ENCODING ok=1
Cmd: compileSnippet
  api=9 type=0 insize=1306 outsize=2556 kw= pd=UNITY_NO_DXT5nm UNITY_ENABLE_REFLECTION_BUFFERS UNITY_USE_DITHER_MASK_FOR_ALPHABLENDED_SHADOWS UNITY_PBS_USE_BRDF1 UNITY_SPECCUBE_BOX_PROJECTION UNITY_SPECCUBE_BLENDING UNITY_ENABLE_DETAIL_NORMALMAP SHADER_API_DESKTOP UNITY_COLORSPACE_GAMMA UNITY_LIGHTMAP_RGBM_ENCODING ok=1
Cmd: compileSnippet
  api=9 type=1 insize=1486 outsize=0 kw= pd=UNITY_NO_DXT5nm UNITY_ENABLE_REFLECTION_BUFFERS UNITY_USE_DITHER_MASK_FOR_ALPHABLENDED_SHADOWS UNITY_PBS_USE_BRDF1 UNITY_SPECCUBE_BOX_PROJECTION UNITY_SPECCUBE_BLENDING UNITY_ENABLE_DETAIL_NORMALMAP SHADER_API_DESKTOP UNITY_COLORSPACE_GAMMA UNITY_LIGHTMAP_RGBM_ENCODING ok=1
Cmd: compileSnippet
  api=9 type=1 insize=1509 outsize=0 kw= pd=UNITY_NO_DXT5nm UNITY_ENABLE_REFLECTION_BUFFERS UNITY_USE_DITHER_MASK_FOR_ALPHABLENDED_SHADOWS UNITY_PBS_USE_BRDF1 UNITY_SPECCUBE_BOX_PROJECTION UNITY_SPECCUBE_BLENDING UNITY_ENABLE_DETAIL_NORMALMAP SHADER_API_DESKTOP UNITY_COLORSPACE_GAMMA UNITY_LIGHTMAP_RGBM_ENCODING ok=1
Cmd: compileSnippet
  api=9 type=0 insize=2008 outsize=7797 kw=POINT pd=UNITY_NO_DXT5nm UNITY_ENABLE_REFLECTION_BUFFERS UNITY_USE_DITHER_MASK_FOR_ALPHABLENDED_SHADOWS UNITY_PBS_USE_BRDF1 UNITY_SPECCUBE_BOX_PROJECTION UNITY_SPECCUBE_BLENDING UNITY_ENABLE_DETAIL_NORMALMAP SHADER_API_DESKTOP UNITY_COLORSPACE_GAMMA UNITY_LIGHTMAP_RGBM_ENCODING ok=1
Cmd: compileSnippet
  api=9 type=0 insize=2008 outsize=8312 kw=POINT_COOKIE pd=UNITY_NO_DXT5nm UNITY_ENABLE_REFLECTION_BUFFERS UNITY_USE_DITHER_MASK_FOR_ALPHABLENDED_SHADOWS UNITY_PBS_USE_BRDF1 UNITY_SPECCUBE_BOX_PROJECTION UNITY_SPECCUBE_BLENDING UNITY_ENABLE_DETAIL_NORMALMAP SHADER_API_DESKTOP UNITY_COLORSPACE_GAMMA UNITY_LIGHTMAP_RGBM_ENCODING ok=1
Cmd: compileSnippet
  api=5 type=0 insize=2008 outsize=8809 kw=SPOT SHADOWS_DEPTH SHADOWS_SOFT pd=UNITY_NO_DXT5nm UNITY_ENABLE_REFLECTION_BUFFERS UNITY_USE_DITHER_MASK_FOR_ALPHABLENDED_SHADOWS UNITY_PBS_USE_BRDF1 UNITY_SPECCUBE_BOX_PROJECTION UNITY_SPECCUBE_BLENDING UNITY_ENABLE_DETAIL_NORMALMAP SHADER_API_DESKTOP UNITY_COLORSPACE_GAMMA UNITY_LIGHTMAP_RGBM_ENCODING ok=1
Cmd: compileSnippet
  api=9 type=0 insize=2008 outsize=8411 kw=DIRECTIONAL SHADOWS_SCREEN pd=UNITY_NO_DXT5nm UNITY_ENABLE_REFLECTION_BUFFERS UNITY_USE_DITHER_MASK_FOR_ALPHABLENDED_SHADOWS UNITY_PBS_USE_BRDF1 UNITY_SPECCUBE_BOX_PROJECTION UNITY_SPECCUBE_BLENDING UNITY_ENABLE_DETAIL_NORMALMAP SHADER_API_DESKTOP UNITY_COLORSPACE_GAMMA UNITY_LIGHTMAP_RGBM_ENCODING ok=1
Cmd: compileSnippet
  api=5 type=0 insize=2008 outsize=9498 kw=POINT SHADOWS_CUBE SHADOWS_SOFT pd=UNITY_NO_DXT5nm UNITY_ENABLE_REFLECTION_BUFFERS UNITY_USE_DITHER_MASK_FOR_ALPHABLENDED_SHADOWS UNITY_PBS_USE_BRDF1 UNITY_SPECCUBE_BOX_PROJECTION UNITY_SPECCUBE_BLENDING UNITY_ENABLE_DETAIL_NORMALMAP SHADER_API_DESKTOP UNITY_COLORSPACE_GAMMA UNITY_LIGHTMAP_RGBM_ENCODING ok=1
Cmd: compileSnippet
  api=9 type=0 insize=2008 outsize=9760 kw=POINT_COOKIE SHADOWS_CUBE pd=UNITY_NO_DXT5nm UNITY_ENABLE_REFLECTION_BUFFERS UNITY_USE_DITHER_MASK_FOR_ALPHABLENDED_SHADOWS UNITY_PBS_USE_BRDF1 UNITY_SPECCUBE_BOX_PROJECTION UNITY_SPECCUBE_BLENDING UNITY_ENABLE_DETAIL_NORMALMAP SHADER_API_DESKTOP UNITY_COLORSPACE_GAMMA UNITY_LIGHTMAP_RGBM_ENCODING ok=1
Cmd: compileSnippet
  api=5 type=0 insize=2008 outsize=5720 kw=DIRECTIONAL UNITY_HDR_ON pd=UNITY_NO_DXT5nm UNITY_ENABLE_REFLECTION_BUFFERS UNITY_USE_DITHER_MASK_FOR_ALPHABLENDED_SHADOWS UNITY_PBS_USE_BRDF1 UNITY_SPECCUBE_BOX_PROJECTION UNITY_SPECCUBE_BLENDING UNITY_ENABLE_DETAIL_NORMALMAP SHADER_API_DESKTOP UNITY_COLORSPACE_GAMMA UNITY_LIGHTMAP_RGBM_ENCODING ok=1
Cmd: compileSnippet
  api=9 type=0 insize=2008 outsize=8496 kw=SPOT UNITY_HDR_ON pd=UNITY_NO_DXT5nm UNITY_ENABLE_REFLECTION_BUFFERS UNITY_USE_DITHER_MASK_FOR_ALPHABLENDED_SHADOWS UNITY_PBS_USE_BRDF1 UNITY_SPECCUBE_BOX_PROJECTION UNITY_SPECCUBE_BLENDING UNITY_ENABLE_DETAIL_NORMALMAP SHADER_API_DESKTOP UNITY_COLORSPACE_GAMMA UNITY_LIGHTMAP_RGBM_ENCODING ok=1
Cmd: compileSnippet
  api=5 type=0 insize=2008 outsize=7615 kw=SPOT SHADOWS_DEPTH UNITY_HDR_ON pd=UNITY_NO_DXT5nm UNITY_ENABLE_REFLECTION_BUFFERS UNITY_USE_DITHER_MASK_FOR_ALPHABLENDED_SHADOWS UNITY_PBS_USE_BRDF1 UNITY_SPECCUBE_BOX_PROJECTION UNITY_SPECCUBE_BLENDING UNITY_ENABLE_DETAIL_NORMALMAP SHADER_API_DESKTOP UNITY_COLORSPACE_GAMMA UNITY_LIGHTMAP_RGBM_ENCODING ok=1
Cmd: compileSnippet
  api=9 type=0 insize=2008 outsize=10728 kw=SPOT SHADOWS_DEPTH SHADOWS_SOFT UNITY_HDR_ON pd=UNITY_NO_DXT5nm UNITY_ENABLE_REFLECTION_BUFFERS UNITY_USE_DITHER_MASK_FOR_ALPHABLENDED_SHADOWS UNITY_PBS_USE_BRDF1 UNITY_SPECCUBE_BOX_PROJECTION UNITY_SPECCUBE_BLENDING UNITY_ENABLE_DETAIL_NORMALMAP SHADER_API_DESKTOP UNITY_COLORSPACE_GAMMA UNITY_LIGHTMAP_RGBM_ENCODING ok=1
Cmd: compileSnippet
  api=9 type=0 insize=2008 outsize=9173 kw=POINT SHADOWS_CUBE UNITY_HDR_ON pd=UNITY_NO_DXT5nm UNITY_ENABLE_REFLECTION_BUFFERS UNITY_USE_DITHER_MASK_FOR_ALPHABLENDED_SHADOWS UNITY_PBS_USE_BRDF1 UNITY_SPECCUBE_BOX_PROJECTION UNITY_SPECCUBE_BLENDING UNITY_ENABLE_DETAIL_NORMALMAP SHADER_API_DESKTOP UNITY_COLORSPACE_GAMMA UNITY_LIGHTMAP_RGBM_ENCODING ok=1
Cmd: compileSnippet
  api=5 type=0 insize=2008 outsize=9721 kw=POINT_COOKIE SHADOWS_CUBE SHADOWS_SOFT UNITY_HDR_ON pd=UNITY_NO_DXT5nm UNITY_ENABLE_REFLECTION_BUFFERS UNITY_USE_DITHER_MASK_FOR_ALPHABLENDED_SHADOWS UNITY_PBS_USE_BRDF1 UNITY_SPECCUBE_BOX_PROJECTION UNITY_SPECCUBE_BLENDING UNITY_ENABLE_DETAIL_NORMALMAP SHADER_API_DESKTOP UNITY_COLORSPACE_GAMMA UNITY_LIGHTMAP_RGBM_ENCODING ok=1
Cmd: compileSnippet
  api=9 type=1 insize=2008 outsize=0 kw=DIRECTIONAL pd=UNITY_NO_DXT5nm UNITY_ENABLE_REFLECTION_BUFFERS UNITY_USE_DITHER_MASK_FOR_ALPHABLENDED_SHADOWS UNITY_PBS_USE_BRDF1 UNITY_SPECCUBE_BOX_PROJECTION UNITY_SPECCUBE_BLENDING UNITY_ENABLE_DETAIL_NORMALMAP SHADER_API_DESKTOP UNITY_COLORSPACE_GAMMA UNITY_LIGHTMAP_RGBM_ENCODING ok=1
Cmd: compileSnippet
  api=9 type=1 insize=2008 outsize=0 kw=POINT_COOKIE pd=UNITY_NO_DXT5nm UNITY_ENABLE_REFLECTION_BUFFERS UNITY_USE_DITHER_MASK_FOR_ALPHABLENDED_SHADOWS UNITY_PBS_USE_BRDF1 UNITY_SPECCUBE_BOX_PROJECTION UNITY_SPECCUBE_BLENDING UNITY_ENABLE_DETAIL_NORMALMAP SHADER_API_DESKTOP UNITY_COLORSPACE_GAMMA UNITY_LIGHTMAP_RGBM_ENCODING ok=1
Cmd: compileSnippet
  api=9 type=1 insize=2008 outsize=0 kw=SPOT SHADOWS_DEPTH pd=UNITY_NO_DXT5nm UNITY_ENABLE_REFLECTION_BUFFERS UNITY_USE_DITHER_MASK_FOR_ALPHABLENDED_SHADOWS UNITY_PBS_USE_BRDF1 UNITY_SPECCUBE_BOX_PROJECTION UNITY_SPECCUBE_BLENDING UNITY_ENABLE_DETAIL_NORMALMAP SHADER_API_DESKTOP UNITY_COLORSPACE_GAMMA UNITY_LIGHTMAP_RGBM_ENCODING ok=1
Cmd: compileSnippet
  api=5 type=1 insize=2008 outsize=0 kw=DIRECTIONAL SHADOWS_SCREEN pd=UNITY_NO_DXT5nm UNITY_ENABLE_REFLECTION_BUFFERS UNITY_USE_DITHER_MASK_FOR_ALPHABLENDED_SHADOWS UNITY_PBS_USE_BRDF1 UNITY_SPECCUBE_BOX_PROJECTION UNITY_SPECCUBE_BLENDING UNITY_ENABLE_DETAIL_NORMALMAP SHADER_API_DESKTOP UNITY_COLORSPACE_GAMMA UNITY_LIGHTMAP_RGBM_ENCODING ok=1
Cmd: compileSnippet
  api=5 type=1 insize=2008 outsize=0 kw=POINT SHADOWS_CUBE pd=UNITY_NO_DXT5nm UNITY_ENABLE_REFLECTION_BUFFERS UNITY_USE_DITHER_MASK_FOR_ALPHABLENDED_SHADOWS UNITY_PBS_USE_BRDF1 UNITY_SPECCUBE_BOX_PROJECTION UNITY_SPECCUBE_BLENDING UNITY_ENABLE_DETAIL_NORMALMAP SHADER_API_DESKTOP UNITY_COLORSPACE_GAMMA UNITY_LIGHTMAP_RGBM_ENCODING ok=1
Cmd: compileSnippet
  api=5 type=1 insize=2008 outsize=0 kw=POINT_COOKIE SHADOWS_CUBE pd=UNITY_NO_DXT5nm UNITY_ENABLE_REFLECTION_BUFFERS UNITY_USE_DITHER_MASK_FOR_ALPHABLENDED_SHADOWS UNITY_PBS_USE_BRDF1 UNITY_SPECCUBE_BOX_PROJECTION UNITY_SPECCUBE_BLENDING UNITY_ENABLE_DETAIL_NORMALMAP SHADER_API_DESKTOP UNITY_COLORSPACE_GAMMA UNITY_LIGHTMAP_RGBM_ENCODING ok=1
Cmd: compileSnippet
  api=9 type=1 insize=2008 outsize=0 kw=POINT_COOKIE SHADOWS_CUBE SHADOWS_SOFT pd=UNITY_NO_DXT5nm UNITY_ENABLE_REFLECTION_BUFFERS UNITY_USE_DITHER_MASK_FOR_ALPHABLENDED_SHADOWS UNITY_PBS_USE_BRDF1 UNITY_SPECCUBE_BOX_PROJECTION UNITY_SPECCUBE_BLENDING UNITY_ENABLE_DETAIL_NORMALMAP SHADER_API_DESKTOP UNITY_COLORSPACE_GAMMA UNITY_LIGHTMAP_RGBM_ENCODING ok=1
Cmd: compileSnippet
  api=9 type=1 insize=2008 outsize=0 kw=DIRECTIONAL UNITY_HDR_ON pd=UNITY_NO_DXT5nm UNITY_ENABLE_REFLECTION_BUFFERS UNITY_USE_DITHER_MASK_FOR_ALPHABLENDED_SHADOWS UNITY_PBS_USE_BRDF1 UNITY_SPECCUBE_BOX_PROJECTION UNITY_SPECCUBE_BLENDING UNITY_ENABLE_DETAIL_NORMALMAP SHADER_API_DESKTOP UNITY_COLORSPACE_GAMMA UNITY_LIGHTMAP_RGBM_ENCODING ok=1
Cmd: compileSnippet
  api=9 type=1 insize=2008 outsize=0 kw=SPOT UNITY_HDR_ON pd=UNITY_NO_DXT5nm UNITY_ENABLE_REFLECTION_BUFFERS UNITY_USE_DITHER_MASK_FOR_ALPHABLENDED_SHADOWS UNITY_PBS_USE_BRDF1 UNITY_SPECCUBE_BOX_PROJECTION UNITY_SPECCUBE_BLENDING UNITY_ENABLE_DETAIL_NORMALMAP SHADER_API_DESKTOP UNITY_COLORSPACE_GAMMA UNITY_LIGHTMAP_RGBM_ENCODING ok=1
Cmd: compileSnippet
  api=9 type=1 insize=2008 outsize=0 kw=DIRECTIONAL_COOKIE UNITY_HDR_ON pd=UNITY_NO_DXT5nm UNITY_ENABLE_REFLECTION_BUFFERS UNITY_USE_DITHER_MASK_FOR_ALPHABLENDED_SHADOWS UNITY_PBS_USE_BRDF1 UNITY_SPECCUBE_BOX_PROJECTION UNITY_SPECCUBE_BLENDING UNITY_ENABLE_DETAIL_NORMALMAP SHADER_API_DESKTOP UNITY_COLORSPACE_GAMMA UNITY_LIGHTMAP_RGBM_ENCODING ok=1
Cmd: compileSnippet
  api=5 type=1 insize=2008 outsize=0 kw=DIRECTIONAL SHADOWS_SCREEN UNITY_HDR_ON pd=UNITY_NO_DXT5nm UNITY_ENABLE_REFLECTION_BUFFERS UNITY_USE_DITHER_MASK_FOR_ALPHABLENDED_SHADOWS UNITY_PBS_USE_BRDF1 UNITY_SPECCUBE_BOX_PROJECTION UNITY_SPECCUBE_BLENDING UNITY_ENABLE_DETAIL_NORMALMAP SHADER_API_DESKTOP UNITY_COLORSPACE_GAMMA UNITY_LIGHTMAP_RGBM_ENCODING ok=1
Cmd: compileSnippet
  api=5 type=1 insize=2008 outsize=0 kw=POINT SHADOWS_CUBE UNITY_HDR_ON pd=UNITY_NO_DXT5nm UNITY_ENABLE_REFLECTION_BUFFERS UNITY_USE_DITHER_MASK_FOR_ALPHABLENDED_SHADOWS UNITY_PBS_USE_BRDF1 UNITY_SPECCUBE_BOX_PROJECTION UNITY_SPECCUBE_BLENDING UNITY_ENABLE_DETAIL_NORMALMAP SHADER_API_DESKTOP UNITY_COLORSPACE_GAMMA UNITY_LIGHTMAP_RGBM_ENCODING ok=1
Cmd: compileSnippet
  api=9 type=1 insize=2008 outsize=0 kw=POINT_COOKIE SHADOWS_CUBE UNITY_HDR_ON pd=UNITY_NO_DXT5nm UNITY_ENABLE_REFLECTION_BUFFERS UNITY_USE_DITHER_MASK_FOR_ALPHABLENDED_SHADOWS UNITY_PBS_USE_BRDF1 UNITY_SPECCUBE_BOX_PROJECTION UNITY_SPECCUBE_BLENDING UNITY_ENABLE_DETAIL_NORMALMAP SHADER_API_DESKTOP UNITY_COLORSPACE_GAMMA UNITY_LIGHTMAP_RGBM_ENCODING ok=1
Cmd: compileSnippet
  api=5 type=0 insize=909 outsize=637 kw= pd=UNITY_NO_DXT5nm UNITY_ENABLE_REFLECTION_BUFFERS UNITY_USE_DITHER_MASK_FOR_ALPHABLENDED_SHADOWS UNITY_PBS_USE_BRDF1 UNITY_SPECCUBE_BOX_PROJECTION UNITY_SPECCUBE_BLENDING UNITY_ENABLE_DETAIL_NORMALMAP SHADER_API_DESKTOP UNITY_COLORSPACE_GAMMA UNITY_LIGHTMAP_RGBM_ENCODING ok=1
Cmd: compileSnippet
  api=9 type=1 insize=3459 outsize=0 kw= pd=UNITY_NO_DXT5nm UNITY_ENABLE_REFLECTION_BUFFERS UNITY_USE_DITHER_MASK_FOR_ALPHABLENDED_SHADOWS UNITY_PBS_USE_BRDF1 UNITY_SPECCUBE_BOX_PROJECTION UNITY_SPECCUBE_BLENDING UNITY_ENABLE_DETAIL_NORMALMAP SHADER_API_DESKTOP UNITY_COLORSPACE_GAMMA UNITY_LIGHTMAP_RGBM_ENCODING ok=1
Cmd: compileSnippet
  api=5 type=0 insize=1128 outsize=1028 kw=UNITY_HDR_ON pd=UNITY_NO_DXT5nm UNITY_ENABLE_REFLECTION_BUFFERS UNITY_USE_DITHER_MASK_FOR_ALPHABLENDED_SHADOWS UNITY_PBS_USE_BRDF1 UNITY_SPECCUBE_BOX_PROJECTION UNITY_SPECCUBE_BLENDING UNITY_ENABLE_DETAIL_NORMALMAP SHADER_API_DESKTOP UNITY_COLORSPACE_GAMMA UNITY_LIGHTMAP_RGBM_ENCODING ok=1
Cmd: compileSnippet
  api=9 type=1 insize=1128 outsize=0 kw= pd=UNITY_NO_DXT5nm UNITY_ENABLE_REFLECTION_BUFFERS UNITY_USE_DITHER_MASK_FOR_ALPHABLENDED_SHADOWS UNITY_PBS_USE_BRDF1 UNITY_SPECCUBE_BOX_PROJECTION UNITY_SPECCUBE_BLENDING UNITY_ENABLE_DETAIL_NORMALMAP SHADER_API_DESKTOP UNITY_COLORSPACE_GAMMA UNITY_LIGHTMAP_RGBM_ENCODING ok=1
Cmd: compileSnippet
  api=9 type=1 insize=5715 outsize=0 kw= pd=UNITY_NO_DXT5nm UNITY_ENABLE_REFLECTION_BUFFERS UNITY_USE_DITHER_MASK_FOR_ALPHABLENDED_SHADOWS UNITY_PBS_USE_BRDF1 UNITY_SPECCUBE_BOX_PROJECTION UNITY_SPECCUBE_BLENDING UNITY_ENABLE_DETAIL_NORMALMAP SHADER_API_DESKTOP UNITY_COLORSPACE_GAMMA UNITY_LIGHTMAP_RGBM_ENCODING ok=1
Cmd: compileSnippet
  api=9 type=1 insize=5727 outsize=0 kw= pd=UNITY_NO_DXT5nm UNITY_ENABLE_REFLECTION_BUFFERS UNITY_USE_DITHER_MASK_FOR_ALPHABLENDED_SHADOWS UNITY_PBS_USE_BRDF1 UNITY_SPECCUBE_BOX_PROJECTION UNITY_SPECCUBE_BLENDING UNITY_ENABLE_DETAIL_NORMALMAP SHADER_API_DESKTOP UNITY_COLORSPACE_GAMMA UNITY_LIGHTMAP_RGBM_ENCODING ok=1
Cmd: compileSnippet
  api=9 type=1 insize=5736 outsize=0 kw= pd=UNITY_NO_DXT5nm UNITY_ENABLE_REFLECTION_BUFFERS UNITY_USE_DITHER_MASK_FOR_ALPHABLENDED_SHADOWS UNITY_PBS_USE_BRDF1 UNITY_SPECCUBE_BOX_PROJECTION UNITY_SPECCUBE_BLENDING UNITY_ENABLE_DETAIL_NORMALMAP SHADER_API_DESKTOP UNITY_COLORSPACE_GAMMA UNITY_LIGHTMAP_RGBM_ENCODING ok=1
Cmd: compileSnippet
  api=9 type=1 insize=1494 outsize=0 kw= pd=UNITY_NO_DXT5nm UNITY_ENABLE_REFLECTION_BUFFERS UNITY_USE_DITHER_MASK_FOR_ALPHABLENDED_SHADOWS UNITY_PBS_USE_BRDF1 UNITY_SPECCUBE_BOX_PROJECTION UNITY_SPECCUBE_BLENDING UNITY_ENABLE_DETAIL_NORMALMAP SHADER_API_DESKTOP UNITY_COLORSPACE_GAMMA UNITY_LIGHTMAP_RGBM_ENCODING ok=1
Cmd: compileSnippet
  api=9 type=1 insize=1799 outsize=0 kw= pd=UNITY_NO_DXT5nm UNITY_ENABLE_REFLECTION_BUFFERS UNITY_USE_DITHER_MASK_FOR_ALPHABLENDED_SHADOWS UNITY_PBS_USE_BRDF1 UNITY_SPECCUBE_BOX_PROJECTION UNITY_SPECCUBE_BLENDING UNITY_ENABLE_DETAIL_NORMALMAP SHADER_API_DESKTOP UNITY_COLORSPACE_GAMMA UNITY_LIGHTMAP_RGBM_ENCODING ok=1
Cmd: compileSnippet
  api=9 type=1 insize=1380 outsize=0 kw= pd=UNITY_NO_DXT5nm UNITY_ENABLE_REFLECTION_BUFFERS UNITY_USE_DITHER_MASK_FOR_ALPHABLENDED_SHADOWS UNITY_PBS_USE_BRDF1 UNITY_SPECCUBE_BOX_PROJECTION UNITY_SPECCUBE_BLENDING UNITY_ENABLE_DETAIL_NORMALMAP SHADER_API_DESKTOP UNITY_COLORSPACE_GAMMA UNITY_LIGHTMAP_RGBM_ENCODING ok=1
Cmd: compileSnippet
  api=9 type=0 insize=2429 outsize=1191 kw= pd=UNITY_NO_DXT5nm UNITY_ENABLE_REFLECTION_BUFFERS UNITY_USE_DITHER_MASK_FOR_ALPHABLENDED_SHADOWS UNITY_PBS_USE_BRDF1 UNITY_SPECCUBE_BOX_PROJECTION UNITY_SPECCUBE_BLENDING UNITY_ENABLE_DETAIL_NORMALMAP SHADER_API_DESKTOP UNITY_COLORSPACE_GAMMA UNITY_LIGHTMAP_RGBM_ENCODING ok=1
Cmd: compileSnippet
  api=5 type=1 insize=1594 outsize=0 kw= pd=UNITY_NO_DXT5nm UNITY_ENABLE_REFLECTION_BUFFERS UNITY_USE_DITHER_MASK_FOR_ALPHABLENDED_SHADOWS UNITY_PBS_USE_BRDF1 UNITY_SPECCUBE_BOX_PROJECTION UNITY_SPECCUBE_BLENDING UNITY_ENABLE_DETAIL_NORMALMAP SHADER_API_DESKTOP UNITY_COLORSPACE_GAMMA UNITY_LIGHTMAP_RGBM_ENCODING ok=1
Cmd: compileSnippet
  api=9 type=0 insize=1605 outsize=2397 kw= pd=UNITY_NO_DXT5nm UNITY_ENABLE_REFLECTION_BUFFERS UNITY_USE_DITHER_MASK_FOR_ALPHABLENDED_SHADOWS UNITY_PBS_USE_BRDF1 UNITY_SPECCUBE_BOX_PROJECTION UNITY_SPECCUBE_BLENDING UNITY_ENABLE_DETAIL_NORMALMAP SHADER_API_DESKTOP UNITY_COLORSPACE_GAMMA UNITY_LIGHTMAP_RGBM_ENCODING ok=1
Cmd: compileSnippet
  api=9 type=0 insize=1605 outsize=2397 kw= pd=UNITY_NO_DXT5nm UNITY_ENABLE_REFLECTION_BUFFERS UNITY_USE_DITHER_MASK_FOR_ALPHABLENDED_SHADOWS UNITY_PBS_USE_BRDF1 UNITY_SPECCUBE_BOX_PROJECTION UNITY_SPECCUBE_BLENDING UNITY_ENABLE_DETAIL_NORMALMAP SHADER_API_DESKTOP UNITY_COLORSPACE_GAMMA UNITY_LIGHTMAP_RGBM_ENCODING ok=1
Cmd: compileSnippet
  api=9 type=0 insize=1245 outsize=1471 kw= pd=UNITY_NO_DXT5nm UNITY_ENABLE_REFLECTION_BUFFERS UNITY_USE_DITHER_MASK_FOR_ALPHABLENDED_SHADOWS UNITY_PBS_USE_BRDF1 UNITY_SPECCUBE_BOX_PROJECTION UNITY_SPECCUBE_BLENDING UNITY_ENABLE_DETAIL_NORMALMAP SHADER_API_DESKTOP UNITY_COLORSPACE_GAMMA UNITY_LIGHTMAP_RGBM_ENCODING ok=1
Cmd: compileSnippet
  api=9 type=1 insize=1245 outsize=0 kw= pd=UNITY_NO_DXT5nm UNITY_ENABLE_REFLECTION_BUFFERS UNITY_USE_DITHER_MASK_FOR_ALPHABLENDED_SHADOWS UNITY_PBS_USE_BRDF1 UNITY_SPECCUBE_BOX_PROJECTION UNITY_SPECCUBE_BLENDING UNITY_ENABLE_DETAIL_NORMALMAP SHADER_API_DESKTOP UNITY_COLORSPACE_GAMMA UNITY_LIGHTMAP_RGBM_ENCODING ok=1
Cmd: compileSnippet
  api=9 type=1 insize=1631 outsize=0 kw= pd=UNITY_NO_DXT5nm UNITY_ENABLE_REFLECTION_BUFFERS UNITY_USE_DITHER_MASK_FOR_ALPHABLENDED_SHADOWS UNITY_PBS_USE_BRDF1 UNITY_SPECCUBE_BOX_PROJECTION UNITY_SPECCUBE_BLENDING UNITY_ENABLE_DETAIL_NORMALMAP SHADER_API_DESKTOP UNITY_COLORSPACE_GAMMA UNITY_LIGHTMAP_RGBM_ENCODING ok=1
Cmd: compileSnippet
  api=9 type=1 insize=1631 outsize=0 kw= pd=UNITY_NO_DXT5nm UNITY_ENABLE_REFLECTION_BUFFERS UNITY_USE_DITHER_MASK_FOR_ALPHABLENDED_SHADOWS UNITY_PBS_USE_BRDF1 UNITY_SPECCUBE_BOX_PROJECTION UNITY_SPECCUBE_BLENDING UNITY_ENABLE_DETAIL_NORMALMAP SHADER_API_DESKTOP UNITY_COLORSPACE_GAMMA UNITY_LIGHTMAP_RGBM_ENCODING ok=1
Cmd: compileSnippet
  api=9 type=0 insize=4303 outsize=7286 kw= pd=UNITY_NO_DXT5nm UNITY_ENABLE_REFLECTION_BUFFERS UNITY_USE_DITHER_MASK_FOR_ALPHABLENDED_SHADOWS UNITY_PBS_USE_BRDF1 UNITY_SPECCUBE_BOX_PROJECTION UNITY_SPECCUBE_BLENDING UNITY_ENABLE_DETAIL_NORMALMAP SHADER_API_DESKTOP UNITY_COLORSPACE_GAMMA UNITY_LIGHTMAP_RGBM_ENCODING ok=1
Cmd: compileSnippet
  api=9 type=0 insize=629 outsize=1564 kw= pd=UNITY_NO_DXT5nm UNITY_ENABLE_REFLECTION_BUFFERS UNITY_USE_DITHER_MASK_FOR_ALPHABLENDED_SHADOWS UNITY_PBS_USE_BRDF1 UNITY_SPECCUBE_BOX_PROJECTION UNITY_SPECCUBE_BLENDING UNITY_ENABLE_DETAIL_NORMALMAP SHADER_API_DESKTOP UNITY_COLORSPACE_GAMMA UNITY_LIGHTMAP_RGBM_ENCODING ok=1
Cmd: compileSnippet
  api=5 type=1 insize=629 outsize=0 kw=PIXELSNAP_ON pd=UNITY_NO_DXT5nm UNITY_ENABLE_REFLECTION_BUFFERS UNITY_USE_DITHER_MASK_FOR_ALPHABLENDED_SHADOWS UNITY_PBS_USE_BRDF1 UNITY_SPECCUBE_BOX_PROJECTION UNITY_SPECCUBE_BLENDING UNITY_ENABLE_DETAIL_NORMALMAP SHADER_API_DESKTOP UNITY_COLORSPACE_GAMMA UNITY_LIGHTMAP_RGBM_ENCODING ok=1
Cmd: compileSnippet
  api=5 type=0 insize=1745 outsize=1055 kw=PIXELSNAP_ON pd=UNITY_NO_DXT5nm UNITY_ENABLE_REFLECTION_BUFFERS UNITY_USE_DITHER_MASK_FOR_ALPHABLENDED_SHADOWS UNITY_PBS_USE_BRDF1 UNITY_SPECCUBE_BOX_PROJECTION UNITY_SPECCUBE_BLENDING UNITY_ENABLE_DETAIL_NORMALMAP SHADER_API_DESKTOP UNITY_COLORSPACE_GAMMA UNITY_LIGHTMAP_RGBM_ENCODING ok=1
Cmd: compileSnippet
  api=9 type=1 insize=1745 outsize=0 kw= pd=UNITY_NO_DXT5nm UNITY_ENABLE_REFLECTION_BUFFERS UNITY_USE_DITHER_MASK_FOR_ALPHABLENDED_SHADOWS UNITY_PBS_USE_BRDF1 UNITY_SPECCUBE_BOX_PROJECTION UNITY_SPECCUBE_BLENDING UNITY_ENABLE_DETAIL_NORMALMAP SHADER_API_DESKTOP UNITY_COLORSPACE_GAMMA UNITY_LIGHTMAP_RGBM_ENCODING ok=1
Cmd: compileSnippet
  api=9 type=0 insize=2133 outsize=1842 kw=UNITY_UI_ALPHACLIP pd=UNITY_NO_DXT5nm UNITY_ENABLE_REFLECTION_BUFFERS UNITY_USE_DITHER_MASK_FOR_ALPHABLENDED_SHADOWS UNITY_PBS_USE_BRDF1 UNITY_SPECCUBE_BOX_PROJECTION UNITY_SPECCUBE_BLENDING UNITY_ENABLE_DETAIL_NORMALMAP SHADER_API_DESKTOP UNITY_COLORSPACE_GAMMA UNITY_LIGHTMAP_RGBM_ENCODING ok=1
Cmd: compileSnippet
  api=9 type=0 insize=2133 outsize=2301 kw=UNITY_UI_CLIP_RECT UNITY_UI_ALPHACLIP pd=UNITY_NO_DXT5nm UNITY_ENABLE_REFLECTION_BUFFERS UNITY_USE_DITHER_MASK_FOR_ALPHABLENDED_SHADOWS UNITY_PBS_USE_BRDF1 UNITY_SPECCUBE_BOX_PROJECTION UNITY_SPECCUBE_BLENDING UNITY_ENABLE_DETAIL_NORMALMAP SHADER_API_DESKTOP UNITY_COLORSPACE_GAMMA UNITY_LIGHTMAP_RGBM_ENCODING ok=1
Cmd: compileSnippet
  api=5 type=1 insize=2133 outsize=0 kw=UNITY_UI_ALPHACLIP pd=UNITY_NO_DXT5nm UNITY_ENABLE_REFLECTION_BUFFERS UNITY_USE_DITHER_MASK_FOR_ALPHABLENDED_SHADOWS UNITY_PBS_USE_BRDF1 UNITY_SPECCUBE_BOX_PROJECTION UNITY_SPECCUBE_BLENDING UNITY_ENABLE_DETAIL_NORMALMAP SHADER_API_DESKTOP UNITY_COLORSPACE_GAMMA UNITY_LIGHTMAP_RGBM_ENCODING ok=1
Cmd: compileSnippet
  api=9 type=1 insize=2133 outsize=0 kw=UNITY_UI_CLIP_RECT UNITY_UI_ALPHACLIP pd=UNITY_NO_DXT5nm UNITY_ENABLE_REFLECTION_BUFFERS UNITY_USE_DITHER_MASK_FOR_ALPHABLENDED_SHADOWS UNITY_PBS_USE_BRDF1 UNITY_SPECCUBE_BOX_PROJECTION UNITY_SPECCUBE_BLENDING UNITY_ENABLE_DETAIL_NORMALMAP SHADER_API_DESKTOP UNITY_COLORSPACE_GAMMA UNITY_LIGHTMAP_RGBM_ENCODING ok=1
Cmd: compileSnippet
  api=9 type=1 insize=8332 outsize=0 kw= pd=UNITY_NO_DXT5nm UNITY_ENABLE_REFLECTION_BUFFERS UNITY_USE_DITHER_MASK_FOR_ALPHABLENDED_SHADOWS UNITY_PBS_USE_BRDF1 UNITY_SPECCUBE_BOX_PROJECTION UNITY_SPECCUBE_BLENDING UNITY_ENABLE_DETAIL_NORMALMAP SHADER_API_DESKTOP UNITY_COLORSPACE_GAMMA UNITY_LIGHTMAP_RGBM_ENCODING ok=1
Cmd: compileSnippet
  api=9 type=0 insize=874 outsize=1171 kw= pd=UNITY_NO_DXT5nm UNITY_ENABLE_REFLECTION_BUFFERS UNITY_USE_DITHER_MASK_FOR_ALPHABLENDED_SHADOWS UNITY_PBS_USE_BRDF1 UNITY_SPECCUBE_BOX_PROJECTION UNITY_SPECCUBE_BLENDING UNITY_ENABLE_DETAIL_NORMALMAP SHADER_API_DESKTOP UNITY_COLORSPACE_GAMMA UNITY_LIGHTMAP_RGBM_ENCODING ok=1
Cmd: compileSnippet
  api=9 type=0 insize=874 outsize=1171 kw= pd=UNITY_NO_DXT5nm UNITY_ENABLE_REFLECTION_BUFFERS UNITY_USE_DITHER_MASK_FOR_ALPHABLENDED_SHADOWS UNITY_PBS_USE_BRDF1 UNITY_SPECCUBE_BOX_PROJECTION UNITY_SPECCUBE_BLENDING UNITY_ENABLE_DETAIL_NORMALMAP SHADER_API_DESKTOP UNITY_COLORSPACE_GAMMA UNITY_LIGHTMAP_RGBM_ENCODING ok=1
Cmd: compileSnippet
  api=9 type=0 insize=1152 outsize=2016 kw= pd=UNITY_NO_DXT5nm UNITY_ENABLE_REFLECTION_BUFFERS UNITY_USE_DITHER_MASK_FOR_ALPHABLENDED_SHADOWS UNITY_PBS_USE_BRDF1 UNITY_SPECCUBE_BOX_PROJECTION UNITY_SPECCUBE_BLENDING UNITY_ENABLE_DETAIL_NORMALMAP SHADER_API_DESKTOP UNITY_COLORSPACE_GAMMA UNITY_LIGHTMAP_RGBM_ENCODING ok=1
Cmd: compileSnippet
  api=9 type=0 insize=1152 outsize=2016 kw= pd=UNITY_NO_DXT5nm UNITY_ENABLE_REFLECTION_BUFFERS UNITY_USE_DITHER_MASK_FOR_ALPHABLENDED_SHADOWS UNITY_PBS_USE_BRDF1 UNITY_SPECCUBE_BOX_PROJECTION UNITY_SPECCUBE_BLENDING UNITY_ENABLE_DETAIL_NORMALMAP SHADER_API_DESKTOP UNITY_COLORSPACE_GAMMA UNITY_LIGHTMAP_RGBM_ENCODING ok=1
Cmd: compileSnippet
  api=9 type=0 insize=7606 outsize=2320 kw= pd=UNITY_NO_DXT5nm UNITY_ENABLE_REFLECTION_BUFFERS UNITY_USE_DITHER_MASK_FOR_ALPHABLENDED_SHADOWS UNITY_PBS_USE_BRDF1 UNITY_SPECCUBE_BOX_PROJECTION UNITY_SPECCUBE_BLENDING UNITY_ENABLE_DETAIL_NORMALMAP SHADER_API_DESKTOP UNITY_COLORSPACE_GAMMA UNITY_LIGHTMAP_RGBM_ENCODING ok=1
Cmd: compileSnippet
  api=9 type=0 insize=7597 outsize=2379 kw= pd=UNITY_NO_DXT5nm UNITY_ENABLE_REFLECTION_BUFFERS UNITY_USE_DITHER_MASK_FOR_ALPHABLENDED_SHADOWS UNITY_PBS_USE_BRDF1 UNITY_SPECCUBE_BOX_PROJECTION UNITY_SPECCUBE_BLENDING UNITY_ENABLE_DETAIL_NORMALMAP SHADER_API_DESKTOP UNITY_COLORSPACE_GAMMA UNITY_LIGHTMAP_RGBM_ENCODING ok=1
Cmd: compileSnippet
  api=9 type=0 insize=7597 outsize=1503 kw= pd=UNITY_NO_DXT5nm UNITY_ENABLE_REFLECTION_BUFFERS UNITY_USE_DITHER_MASK_FOR_ALPHABLENDED_SHADOWS UNITY_PBS_USE_BRDF1 UNITY_SPECCUBE_BOX_PROJECTION UNITY_SPECCUBE_BLENDING UNITY_ENABLE_DETAIL_NORMALMAP SHADER_API_DESKTOP UNITY_COLORSPACE_GAMMA UNITY_LIGHTMAP_RGBM_ENCODING ok=1
Cmd: compileSnippet
  api=9 type=0 insize=7601 outsize=1373 kw= pd=UNITY_NO_DXT5nm UNITY_ENABLE_REFLECTION_BUFFERS UNITY_USE_DITHER_MASK_FOR_ALPHABLENDED_SHADOWS UNITY_PBS_USE_BRDF1 UNITY_SPECCUBE_BOX_PROJECTION UNITY_SPECCUBE_BLENDING UNITY_ENABLE_DETAIL_NORMALMAP SHADER_API_DESKTOP UNITY_COLORSPACE_GAMMA UNITY_LIGHTMAP_RGBM_ENCODING ok=1
Cmd: compileSnippet
  api=9 type=1 insize=7600 outsize=0 kw= pd=UNITY_NO_DXT5nm UNITY_ENABLE_REFLECTION_BUFFERS UNITY_USE_DITHER_MASK_FOR_ALPHABLENDED_SHADOWS UNITY_PBS_USE_BRDF1 UNITY_SPECCUBE_BOX_PROJECTION UNITY_SPECCUBE_BLENDING UNITY_ENABLE_DETAIL_NORMALMAP SHADER_API_DESKTOP UNITY_COLORSPACE_GAMMA UNITY_LIGHTMAP_RGBM_ENCODING ok=1
Cmd: compileSnippet
  api=9 type=1 insize=7602 outsize=0 kw= pd=UNITY_NO_DXT5nm UNITY_ENABLE_REFLECTION_BUFFERS UNITY_USE_DITHER_MASK_FOR_ALPHABLENDED_SHADOWS UNITY_PBS_USE_BRDF1 UNITY_SPECCUBE_BOX_PROJECTION UNITY_SPECCUBE_BLENDING UNITY_ENABLE_DETAIL_NORMALMAP SHADER_API_DESKTOP UNITY_COLORSPACE_GAMMA UNITY_LIGHTMAP_RGBM_ENCODING ok=1
Cmd: compileSnippet
  api=9 type=1 insize=7600 outsize=0 kw= pd=UNITY_NO_DXT5nm UNITY_ENABLE_REFLECTION_BUFFERS UNITY_USE_DITHER_MASK_FOR_ALPHABLENDED_SHADOWS UNITY_PBS_USE_BRDF1 UNITY_SPECCUBE_BOX_PROJECTION UNITY_SPECCUBE_BLENDING UNITY_ENABLE_DETAIL_NORMALMAP SHADER_API_DESKTOP UNITY_COLORSPACE_GAMMA UNITY_LIGHTMAP_RGBM_ENCODING ok=1
Cmd: compileSnippet
  api=9 type=1 insize=7601 outsize=0 kw= pd=UNITY_NO_DXT5nm UNITY_ENABLE_REFLECTION_BUFFERS UNITY_USE_DITHER_MASK_FOR_ALPHABLENDED_SHADOWS UNITY_PBS_USE_BRDF1 UNITY_SPECCUBE_BOX_PROJECTION UNITY_SPECCUBE_BLENDING UNITY_ENABLE_DETAIL_NORMALMAP SHADER_API_DESKTOP UNITY_COLORSPACE_GAMMA UNITY_LIGHTMAP_RGBM_ENCODING ok=1
Cmd: compileSnippet
  api=9 type=1 insize=7599 outsize=0 kw= pd=UNITY_NO_DXT5nm UNITY_ENABLE_REFLECTION_BUFFERS UNITY_USE_DITHER_MASK_FOR_ALPHABLENDED_SHADOWS UNITY_PBS_USE_BRDF1 UNITY_SPECCUBE_BOX_PROJECTION UNITY_SPECCUBE_BLENDING UNITY_ENABLE_DETAIL_NORMALMAP SHADER_API_DESKTOP UNITY_COLORSPACE_GAMMA UNITY_LIGHTMAP_RGBM_ENCODING ok=1

Quitting shader compiler process
